{"type":"FeatureCollection","features":[{"type":"Feature","properties":{"redec":"COSTA VERDE","nome":"Costa Verde","regiaoHidrografica":"Baía de Ilha Grande"},"geometry":{"type":"MultiPolygon","coordinates":[[[[-44.71865,-23.35696],[-44.720695,-23.358045],[-44.720175,-23.359475],[-44.71865,-23.35696]]],[[[-44.56649,-23.348045],[-44.56923,-23.347715],[-44.570365,-23.35275],[-44.56649,-23.348045]]],[[[-44.631195,-23.27245],[-44.63048,-23.27445],[-44.629635,-23.273165],[-44.631195,-23.27245]]],[[[-44.66803,-23.238815],[-44.67177,-23.239695],[-44.66923,-23.24028],[-44.66803,-23.238815]]],[[[-44.63727,-23.22406],[-44.639765,-23.2278],[-44.64705,-23.227135],[-44.649795,-23.2308],[-44.63994,-23.22939],[-44.63685,-23.2261],[-44.633815,-23.22571],[-44.63727,-23.22406]]],[[[-44.554365,-23.219965],[-44.55713,-23.221055],[-44.5571,-23.22363],[-44.554365,-23.219965]]],[[[-44.148865,-23.223495],[-44.15134,-23.221315],[-44.149555,-23.21743],[-44.153905,-23.21507],[-44.156205,-23.217155],[-44.15379,-23.218425],[-44.15373,-23.221015],[-44.156885,-23.22374],[-44.16036,-23.22196],[-44.16342,-23.22545],[-44.160525,-23.228125],[-44.15688,-23.22513],[-44.148865,-23.223495]]],[[[-44.689575,-23.21486],[-44.69333,-23.215665],[-44.692755,-23.21796],[-44.6903,-23.21757],[-44.689575,-23.21486]]],[[[-44.35713,-23.212055],[-44.359725,-23.21219],[-44.36118,-23.214325],[-44.35734,-23.213805],[-44.35713,-23.212055]]],[[[-44.70864,-23.204135],[-44.71073,-23.204665],[-44.70916,-23.20546],[-44.70864,-23.204135]]],[[[-44.591425,-23.203455],[-44.59447,-23.20187],[-44.598905,-23.204775],[-44.605345,-23.21519],[-44.614365,-23.21761],[-44.621355,-23.22343],[-44.61163,-23.22452],[-44.60237,-23.222295],[-44.600895,-23.21715],[-44.59352,-23.2157],[-44.58597,-23.20919],[-44.58683,-23.20727],[-44.584565,-23.20365],[-44.587755,-23.20675],[-44.591455,-23.20536],[-44.591425,-23.203455]]],[[[-44.580855,-23.198365],[-44.584445,-23.19996],[-44.584055,-23.202405],[-44.57936,-23.202585],[-44.579045,-23.199595],[-44.580855,-23.198365]]],[[[-44.63504,-23.193525],[-44.63497,-23.19225],[-44.637215,-23.19402],[-44.63504,-23.193525]]],[[[-44.18036,-23.18474],[-44.180315,-23.183405],[-44.18195,-23.183785],[-44.18036,-23.18474]]],[[[-44.57371,-23.183575],[-44.57695,-23.18433],[-44.57773,-23.189545],[-44.5734,-23.188575],[-44.57371,-23.183575]]],[[[-44.65736,-23.181535],[-44.6598,-23.1823],[-44.658395,-23.1834],[-44.65895,-23.18826],[-44.65656,-23.18752],[-44.65736,-23.181535]]],[[[-44.683605,-23.177065],[-44.68402,-23.178995],[-44.681775,-23.17853],[-44.683605,-23.177065]]],[[[-44.674285,-23.170075],[-44.6772,-23.169765],[-44.678845,-23.172225],[-44.674285,-23.170075]]],[[[-44.66301,-23.158955],[-44.666135,-23.160535],[-44.665395,-23.163175],[-44.66171,-23.16041],[-44.66301,-23.158955]]],[[[-44.68306,-23.155555],[-44.683275,-23.151665],[-44.685095,-23.151095],[-44.68916,-23.155345],[-44.694995,-23.156195],[-44.69534,-23.161085],[-44.69103,-23.166395],[-44.692025,-23.16981],[-44.68864,-23.167905],[-44.684945,-23.157975],[-44.68113,-23.15745],[-44.68306,-23.155555]]],[[[-44.108545,-23.14188],[-44.10406,-23.137145],[-44.108865,-23.138405],[-44.110155,-23.142415],[-44.108545,-23.14188]]],[[[-44.324555,-23.1399],[-44.324545,-23.137585],[-44.32765,-23.138085],[-44.324555,-23.1399]]],[[[-44.684225,-23.1291],[-44.685695,-23.128585],[-44.68732,-23.130775],[-44.684225,-23.1291]]],[[[-44.67487,-23.111235],[-44.67766,-23.11113],[-44.67828,-23.11439],[-44.6739,-23.113105],[-44.67315,-23.111545],[-44.67487,-23.111235]]],[[[-44.311195,-23.0848],[-44.313195,-23.08652],[-44.31023,-23.08588],[-44.311195,-23.0848]]],[[[-44.59496,-23.088965],[-44.59311,-23.086615],[-44.594475,-23.08564],[-44.59635,-23.089435],[-44.59496,-23.088965]]],[[[-44.23503,-23.084385],[-44.238635,-23.086345],[-44.23794,-23.09273],[-44.259335,-23.09866],[-44.25925,-23.10025],[-44.25012,-23.10051],[-44.24829,-23.10342],[-44.24965,-23.10968],[-44.25859,-23.111275],[-44.257205,-23.114605],[-44.25882,-23.115855],[-44.26195,-23.11411],[-44.27519,-23.11697],[-44.27244,-23.12239],[-44.27657,-23.12614],[-44.27974,-23.125745],[-44.280615,-23.12997],[-44.28441,-23.132735],[-44.28287,-23.13312],[-44.28356,-23.13621],[-44.28963,-23.137125],[-44.291425,-23.135495],[-44.291195,-23.131375],[-44.29424,-23.133215],[-44.29722,-23.131345],[-44.29403,-23.12265],[-44.29505,-23.11395],[-44.29769,-23.117735],[-44.30583,-23.12097],[-44.31151,-23.12772],[-44.313975,-23.13304],[-44.310665,-23.137325],[-44.31276,-23.137945],[-44.316555,-23.13522],[-44.32405,-23.14005],[-44.31999,-23.14412],[-44.325645,-23.154485],[-44.334245,-23.156355],[-44.34004,-23.15352],[-44.34858,-23.161005],[-44.3545,-23.159415],[-44.35845,-23.164195],[-44.366175,-23.166015],[-44.36742,-23.164595],[-44.37701,-23.171375],[-44.37804,-23.17759],[-44.376985,-23.17956],[-44.37412,-23.179045],[-44.37353,-23.183155],[-44.371295,-23.18377],[-44.37013,-23.181215],[-44.367485,-23.18176],[-44.3621,-23.178945],[-44.36278,-23.182705],[-44.359575,-23.183725],[-44.35751,-23.191605],[-44.355275,-23.191175],[-44.350905,-23.184965],[-44.34834,-23.18604],[-44.345985,-23.180835],[-44.34073,-23.182995],[-44.34262,-23.186265],[-44.339585,-23.189985],[-44.34968,-23.20553],[-44.35124,-23.20991],[-44.3497,-23.21558],[-44.351255,-23.216875],[-44.33977,-23.218385],[-44.348315,-23.226745],[-44.33803,-23.223125],[-44.33336,-23.223625],[-44.33393,-23.21656],[-44.331215,-23.210125],[-44.32207,-23.20296],[-44.322525,-23.20134],[-44.31479,-23.19064],[-44.318195,-23.189395],[-44.316625,-23.18472],[-44.311385,-23.18068],[-44.299155,-23.17748],[-44.28834,-23.17677],[-44.28719,-23.179545],[-44.283745,-23.177405],[-44.2705,-23.1804],[-44.270225,-23.183885],[-44.26566,-23.18736],[-44.26677,-23.192385],[-44.270945,-23.19702],[-44.264575,-23.192],[-44.253395,-23.189375],[-44.2509,-23.196875],[-44.25374,-23.199595],[-44.257845,-23.19953],[-44.258145,-23.20205],[-44.253435,-23.20543],[-44.24789,-23.20367],[-44.248895,-23.20222],[-44.244835,-23.199905],[-44.24163,-23.201225],[-44.231045,-23.199875],[-44.22693,-23.19582],[-44.223655,-23.19706],[-44.20675,-23.192155],[-44.20604,-23.19482],[-44.19732,-23.19691],[-44.196455,-23.203655],[-44.192435,-23.20155],[-44.1925,-23.198575],[-44.18408,-23.196555],[-44.181545,-23.193835],[-44.182035,-23.19093],[-44.189235,-23.189505],[-44.187535,-23.182175],[-44.1842,-23.18004],[-44.178,-23.17972],[-44.175105,-23.18187],[-44.171925,-23.18173],[-44.17175,-23.18448],[-44.170325,-23.184565],[-44.16724,-23.18302],[-44.169145,-23.181905],[-44.167185,-23.17872],[-44.163485,-23.177395],[-44.16478,-23.175015],[-44.145645,-23.16782],[-44.144125,-23.16891],[-44.140055,-23.16678],[-44.132325,-23.16867],[-44.12425,-23.174825],[-44.12304,-23.17936],[-44.13002,-23.183985],[-44.13163,-23.18739],[-44.12442,-23.184595],[-44.11685,-23.18553],[-44.108665,-23.17848],[-44.094315,-23.174345],[-44.091245,-23.165905],[-44.09608,-23.165375],[-44.09702,-23.16347],[-44.107245,-23.16449],[-44.107325,-23.16183],[-44.113295,-23.15873],[-44.11397,-23.15576],[-44.116985,-23.15437],[-44.114145,-23.150785],[-44.11427,-23.148045],[-44.116985,-23.148265],[-44.12039,-23.1527],[-44.126685,-23.15549],[-44.12852,-23.15399],[-44.137215,-23.15946],[-44.14082,-23.157065],[-44.13276,-23.145095],[-44.13831,-23.146265],[-44.14044,-23.13911],[-44.137075,-23.137595],[-44.12953,-23.12705],[-44.124355,-23.12505],[-44.126785,-23.11961],[-44.14025,-23.1218],[-44.148225,-23.125015],[-44.146805,-23.12825],[-44.15147,-23.131865],[-44.15121,-23.13444],[-44.154045,-23.135525],[-44.155855,-23.1333],[-44.15787,-23.13521],[-44.155215,-23.13856],[-44.164015,-23.14201],[-44.170115,-23.13729],[-44.169185,-23.132455],[-44.17265,-23.12838],[-44.16871,-23.119985],[-44.170325,-23.11812],[-44.176345,-23.11725],[-44.189445,-23.121885],[-44.193735,-23.119435],[-44.19647,-23.121825],[-44.20135,-23.11998],[-44.20626,-23.108095],[-44.20849,-23.10768],[-44.20847,-23.111045],[-44.212055,-23.11167],[-44.21783,-23.10835],[-44.217915,-23.10559],[-44.20693,-23.10351],[-44.2007,-23.10525],[-44.202045,-23.10845],[-44.19956,-23.108835],[-44.19311,-23.103815],[-44.19075,-23.10438],[-44.190215,-23.102335],[-44.194925,-23.103835],[-44.19606,-23.1012],[-44.19444,-23.09915],[-44.19628,-23.098255],[-44.20222,-23.09725],[-44.21103,-23.09876],[-44.209175,-23.092315],[-44.21364,-23.092115],[-44.21805,-23.089265],[-44.233625,-23.09047],[-44.235315,-23.087495],[-44.233095,-23.086385],[-44.23503,-23.084385]]],[[[-44.243155,-23.0837],[-44.24437,-23.08438],[-44.23982,-23.084465],[-44.243155,-23.0837]]],[[[-44.32908,-23.083355],[-44.331875,-23.083755],[-44.333015,-23.086155],[-44.32995,-23.08726],[-44.32908,-23.083355]]],[[[-44.23013,-23.075525],[-44.236595,-23.07645],[-44.23747,-23.079835],[-44.24094,-23.08161],[-44.23439,-23.08368],[-44.23175,-23.079025],[-44.228745,-23.077555],[-44.23013,-23.075525]]],[[[-44.25065,-23.06997],[-44.255405,-23.070815],[-44.25216,-23.071855],[-44.25065,-23.06997]]],[[[-44.392045,-23.06787],[-44.39564,-23.06899],[-44.3953,-23.072445],[-44.393265,-23.071645],[-44.392045,-23.06787]]],[[[-44.631625,-23.067865],[-44.63314,-23.069635],[-44.63136,-23.07204],[-44.62945,-23.07066],[-44.631625,-23.067865]]],[[[-44.636585,-23.06991],[-44.63515,-23.067565],[-44.63973,-23.06996],[-44.64207,-23.06816],[-44.64457,-23.075135],[-44.64107,-23.07447],[-44.636585,-23.06991]]],[[[-44.601975,-23.06772],[-44.602555,-23.06658],[-44.604575,-23.067795],[-44.602385,-23.068925],[-44.601975,-23.06772]]],[[[-44.59505,-23.065325],[-44.596685,-23.067205],[-44.594725,-23.06675],[-44.59505,-23.065325]]],[[[-44.62723,-23.060675],[-44.629,-23.062815],[-44.62708,-23.06264],[-44.62723,-23.060675]]],[[[-44.308915,-23.059535],[-44.313965,-23.05726],[-44.31942,-23.061395],[-44.316715,-23.063145],[-44.308915,-23.059535]]],[[[-44.41418,-23.05718],[-44.419945,-23.05951],[-44.418515,-23.0611],[-44.412415,-23.059265],[-44.41418,-23.05718]]],[[[-44.62188,-23.05688],[-44.623985,-23.05791],[-44.62331,-23.06018],[-44.618835,-23.058285],[-44.62188,-23.05688]]],[[[-44.60307,-23.05896],[-44.60042,-23.05597],[-44.60756,-23.059805],[-44.608845,-23.0642],[-44.60307,-23.05896]]],[[[-44.327485,-23.055025],[-44.33035,-23.055055],[-44.330415,-23.05671],[-44.327485,-23.055025]]],[[[-44.555725,-23.055295],[-44.56458,-23.064605],[-44.564165,-23.066585],[-44.559255,-23.062715],[-44.556925,-23.062845],[-44.55653,-23.057755],[-44.551875,-23.057025],[-44.555725,-23.055295]]],[[[-44.4021,-23.05458],[-44.404505,-23.05507],[-44.403935,-23.0582],[-44.401415,-23.057295],[-44.4021,-23.05458]]],[[[-44.31262,-23.0538],[-44.31796,-23.054025],[-44.316615,-23.055935],[-44.31262,-23.0538]]],[[[-44.5596,-23.05163],[-44.56314,-23.053015],[-44.559995,-23.053],[-44.5596,-23.05163]]],[[[-44.13641,-23.041055],[-44.138435,-23.041265],[-44.139375,-23.043775],[-44.136405,-23.043535],[-44.13641,-23.041055]]],[[[-44.482835,-23.040085],[-44.493165,-23.046935],[-44.50167,-23.04812],[-44.499935,-23.05014],[-44.503775,-23.053165],[-44.503085,-23.055025],[-44.49198,-23.051965],[-44.48822,-23.04684],[-44.48896,-23.045405],[-44.481265,-23.04084],[-44.482835,-23.040085]]],[[[-44.394705,-23.039265],[-44.395415,-23.042725],[-44.391365,-23.04163],[-44.391385,-23.039615],[-44.394705,-23.039265]]],[[[-44.158245,-23.040675],[-44.160045,-23.036795],[-44.162155,-23.040595],[-44.15907,-23.04197],[-44.158245,-23.040675]]],[[[-44.298525,-23.039225],[-44.29695,-23.03757],[-44.2987,-23.03752],[-44.298525,-23.039225]]],[[[-44.34044,-23.03729],[-44.343045,-23.03798],[-44.343205,-23.0399],[-44.34044,-23.03729]]],[[[-44.12888,-23.03682],[-44.129905,-23.036155],[-44.131085,-23.038675],[-44.13012,-23.0424],[-44.12363,-23.04055],[-44.12478,-23.03777],[-44.12888,-23.03682]]],[[[-44.51667,-23.035795],[-44.519745,-23.03645],[-44.520745,-23.038475],[-44.515465,-23.03607],[-44.51667,-23.035795]]],[[[-44.399845,-23.034665],[-44.40041,-23.03707],[-44.396945,-23.03515],[-44.399845,-23.034665]]],[[[-44.279405,-23.034755],[-44.280745,-23.03436],[-44.28023,-23.03603],[-44.279405,-23.034755]]],[[[-44.37195,-23.03682],[-44.374055,-23.035105],[-44.374405,-23.03119],[-44.377595,-23.0314],[-44.38033,-23.03347],[-44.380155,-23.035635],[-44.390905,-23.0421],[-44.39151,-23.04501],[-44.38722,-23.04651],[-44.38422,-23.044435],[-44.38171,-23.04649],[-44.37502,-23.043975],[-44.368235,-23.046485],[-44.36246,-23.046215],[-44.358445,-23.054155],[-44.35562,-23.05552],[-44.358435,-23.059675],[-44.35383,-23.062215],[-44.35378,-23.06407],[-44.35499,-23.065965],[-44.356905,-23.064875],[-44.362265,-23.068105],[-44.36253,-23.071675],[-44.35163,-23.063925],[-44.34727,-23.06481],[-44.34747,-23.068665],[-44.34587,-23.06887],[-44.343745,-23.063715],[-44.34576,-23.063975],[-44.34589,-23.061625],[-44.35132,-23.05972],[-44.35061,-23.051795],[-44.344485,-23.04955],[-44.345975,-23.0481],[-44.350085,-23.048605],[-44.347165,-23.04336],[-44.34992,-23.04241],[-44.349265,-23.038855],[-44.352065,-23.036815],[-44.35504,-23.037815],[-44.35742,-23.03517],[-44.35888,-23.039585],[-44.36116,-23.038905],[-44.364115,-23.04097],[-44.369855,-23.03896],[-44.371885,-23.039945],[-44.37195,-23.03682]]],[[[-44.448575,-23.034545],[-44.44547,-23.031505],[-44.445195,-23.028235],[-44.44987,-23.03276],[-44.448575,-23.034545]]],[[[-44.286565,-23.02571],[-44.288145,-23.026265],[-44.28713,-23.027755],[-44.28533,-23.026615],[-44.286565,-23.02571]]],[[[-44.33146,-23.0261],[-44.333995,-23.026575],[-44.329575,-23.027935],[-44.32946,-23.02632],[-44.33146,-23.0261]]],[[[-44.40233,-23.03252],[-44.399405,-23.02898],[-44.40085,-23.025535],[-44.40314,-23.026805],[-44.405335,-23.032665],[-44.40233,-23.03252]]],[[[-43.95305,-23.02318],[-43.95423,-23.02269],[-43.954015,-23.0256],[-43.95166,-23.026045],[-43.951015,-23.024315],[-43.95305,-23.02318]]],[[[-44.31046,-23.02435],[-44.309955,-23.02755],[-44.308985,-23.025615],[-44.31046,-23.02435]]],[[[-43.79313,-23.06146],[-43.817525,-23.06004],[-43.84209,-23.05439],[-43.90068,-23.02963],[-43.912905,-23.02088],[-43.90879,-23.026195],[-43.894375,-23.032995],[-43.881005,-23.042105],[-43.877385,-23.049835],[-43.8768,-23.05661],[-43.87835,-23.06262],[-43.88231,-23.067],[-43.89242,-23.06945],[-43.899455,-23.0688],[-43.91609,-23.059275],[-43.93338,-23.057165],[-43.939545,-23.052445],[-43.947465,-23.050445],[-43.95442,-23.04093],[-43.97371,-23.045505],[-43.98245,-23.05818],[-43.9869,-23.05996],[-43.98869,-23.05726],[-43.99171,-23.057635],[-43.99219,-23.06584],[-44.00195,-23.073835],[-44.00423,-23.07419],[-44.00671,-23.072055],[-44.012035,-23.07974],[-44.00755,-23.082965],[-44.009135,-23.08581],[-44.00797,-23.093985],[-44.005295,-23.09498],[-44.006455,-23.09648],[-43.99844,-23.096385],[-43.996145,-23.10117],[-43.987985,-23.102405],[-43.973205,-23.093825],[-43.97098,-23.09436],[-43.969545,-23.091165],[-43.954285,-23.08696],[-43.882085,-23.074745],[-43.847045,-23.071775],[-43.79298,-23.06394],[-43.79313,-23.06146]]],[[[-43.944075,-23.02002],[-43.946065,-23.020575],[-43.947845,-23.02471],[-43.944225,-23.02327],[-43.944075,-23.02002]]],[[[-43.949335,-23.00585],[-43.95286,-23.0046],[-43.9551,-23.005785],[-43.95345,-23.00606],[-43.952725,-23.009825],[-43.95051,-23.009055],[-43.949335,-23.00585]]],[[[-43.952205,-23.001375],[-43.954535,-23.002955],[-43.95338,-23.00358],[-43.952205,-23.001375]]],[[[-44.029105,-22.998505],[-44.030215,-22.995995],[-44.030395,-23.00008],[-44.03338,-22.99994],[-44.034845,-22.996265],[-44.03993,-23.000145],[-44.04691,-23.00228],[-44.04942,-23.00096],[-44.052665,-23.00335],[-44.05348,-23.006875],[-44.04784,-23.01021],[-44.0477,-23.011985],[-44.04318,-23.006195],[-44.04126,-23.00678],[-44.04176,-23.010525],[-44.03832,-23.01163],[-44.03311,-23.00922],[-44.03147,-23.01208],[-44.034465,-23.013895],[-44.031215,-23.0121],[-44.032995,-23.009165],[-44.02961,-23.006995],[-44.030855,-23.006035],[-44.029105,-22.998505]]],[[[-44.40787,-22.99401],[-44.408465,-22.99225],[-44.410565,-22.99422],[-44.4072,-22.9969],[-44.405475,-22.99411],[-44.40787,-22.99401]]],[[[-43.908485,-22.98967],[-43.91216,-22.99198],[-43.91312,-22.995855],[-43.9099,-22.99476],[-43.908485,-22.98967]]],[[[-43.916845,-22.990925],[-43.918795,-22.98828],[-43.92335,-22.991425],[-43.927675,-22.98895],[-43.931135,-22.992685],[-43.93204,-22.996875],[-43.93712,-22.9982],[-43.937845,-23.007025],[-43.933745,-23.0103],[-43.93534,-23.015215],[-43.93094,-23.011745],[-43.930005,-23.012825],[-43.93127,-23.0075],[-43.92686,-23.004445],[-43.922755,-22.997675],[-43.917215,-22.994495],[-43.91832,-22.9931],[-43.916845,-22.990925]]],[[[-44.40049,-22.99214],[-44.40111,-22.990135],[-44.404675,-22.991285],[-44.40049,-22.99214]]],[[[-44.041605,-22.990565],[-44.040515,-22.988455],[-44.04309,-22.986755],[-44.044885,-22.98906],[-44.041605,-22.990565]]],[[[-43.919255,-22.98514],[-43.922325,-22.98549],[-43.92314,-22.988105],[-43.919315,-22.98736],[-43.919255,-22.98514]]],[[[-44.413765,-22.985945],[-44.41648,-22.985855],[-44.41686,-22.98783],[-44.41357,-22.98928],[-44.41311,-22.993575],[-44.4105,-22.992845],[-44.408955,-22.98993],[-44.41254,-22.98989],[-44.413765,-22.985945]]],[[[-43.908925,-22.979555],[-43.9148,-22.980065],[-43.9148,-22.98329],[-43.908705,-22.98276],[-43.907425,-22.981335],[-43.908925,-22.979555]]],[[[-44.35177,-22.98426],[-44.35032,-22.980795],[-44.35538,-22.983485],[-44.357435,-22.987325],[-44.35177,-22.98426]]],[[[-44.402735,-22.976065],[-44.40769,-22.981875],[-44.40504,-22.98507],[-44.40065,-22.981675],[-44.39948,-22.984915],[-44.39893,-22.98203],[-44.39523,-22.979315],[-44.39881,-22.979475],[-44.397895,-22.97784],[-44.401035,-22.977925],[-44.402735,-22.976065]]],[[[-44.340995,-22.9795],[-44.33916,-22.977675],[-44.34026,-22.97542],[-44.34199,-22.97772],[-44.340995,-22.9795]]],[[[-44.388395,-22.973565],[-44.388185,-22.97156],[-44.391145,-22.972585],[-44.388395,-22.973565]]],[[[-44.414585,-22.96894],[-44.41665,-22.966915],[-44.41899,-22.96937],[-44.42409,-22.969315],[-44.425325,-22.97221],[-44.423705,-22.97408],[-44.42048,-22.9735],[-44.414585,-22.96894]]],[[[-44.37197,-22.970525],[-44.367965,-22.96849],[-44.36841,-22.966615],[-44.37197,-22.970525]]],[[[-44.318715,-22.96768],[-44.316905,-22.96615],[-44.3191,-22.96639],[-44.318715,-22.96768]]],[[[-44.40767,-22.962045],[-44.40902,-22.963145],[-44.40619,-22.96272],[-44.40767,-22.962045]]],[[[-43.946965,-22.959485],[-43.95206,-22.96012],[-43.947005,-22.96109],[-43.946965,-22.959485]]],[[[-44.32066,-22.962285],[-44.321295,-22.96001],[-44.322175,-22.961975],[-44.32066,-22.962285]]],[[[-44.342815,-22.962435],[-44.34188,-22.960025],[-44.344395,-22.9621],[-44.342815,-22.962435]]],[[[-44.3457,-22.960205],[-44.35168,-22.96215],[-44.351685,-22.964675],[-44.34553,-22.962685],[-44.3457,-22.960205]]],[[[-44.398295,-22.959075],[-44.397665,-22.956555],[-44.399185,-22.957535],[-44.398295,-22.959075]]],[[[-44.33735,-22.95479],[-44.33481,-22.9537],[-44.334975,-22.947305],[-44.3385,-22.95377],[-44.33735,-22.95479]]],[[[-43.96328,-22.944945],[-43.96131,-22.943115],[-43.963815,-22.94376],[-43.96328,-22.944945]]],[[[-43.91499,-22.940395],[-43.91524,-22.9393],[-43.92095,-22.941985],[-43.92066,-22.944875],[-43.91499,-22.940395]]],[[[-44.33695,-22.935745],[-44.339325,-22.934455],[-44.345185,-22.938545],[-44.342775,-22.94294],[-44.337255,-22.93987],[-44.33695,-22.935745]]],[[[-43.882455,-22.9249],[-43.88688,-22.931815],[-43.88808,-22.929045],[-43.892775,-22.92837],[-43.892295,-22.93372],[-43.90205,-22.930345],[-43.908035,-22.93529],[-43.91242,-22.93503],[-43.911115,-22.94151],[-43.913135,-22.94425],[-43.90905,-22.944355],[-43.90555,-22.948355],[-43.910095,-22.956145],[-43.9061,-22.958935],[-43.896945,-22.958675],[-43.89238,-22.95619],[-43.892265,-22.95394],[-43.886245,-22.94834],[-43.882235,-22.94906],[-43.882455,-22.9249]]],[[[-44.331755,-22.92757],[-44.33114,-22.92603],[-44.33207,-22.92583],[-44.33358,-22.92726],[-44.33258,-22.92854],[-44.331755,-22.92757]]],[[[-44.31734,-22.844055],[-44.32095,-22.84401],[-44.32028,-22.83976],[-44.322915,-22.83514],[-44.323645,-22.837735],[-44.32659,-22.838225],[-44.33173,-22.843295],[-44.337965,-22.840315],[-44.343505,-22.845195],[-44.355405,-22.850675],[-44.38026,-22.857565],[-44.38442,-22.85622],[-44.38779,-22.857515],[-44.39132,-22.85135],[-44.39527,-22.85357],[-44.4015,-22.8538],[-44.403215,-22.85218],[-44.402505,-22.84882],[-44.408555,-22.84595],[-44.418355,-22.848],[-44.42256,-22.849965],[-44.431025,-22.8598],[-44.43294,-22.86843],[-44.436105,-22.87161],[-44.447405,-22.877325],[-44.452275,-22.87699],[-44.456625,-22.88257],[-44.46172,-22.88393],[-44.46883,-22.880275],[-44.4707,-22.87569],[-44.47637,-22.8721],[-44.476365,-22.86696],[-44.48061,-22.86665],[-44.4757,-22.85699],[-44.48017,-22.849745],[-44.487475,-22.846705],[-44.492585,-22.84818],[-44.495075,-22.846835],[-44.50279,-22.85137],[-44.50521,-22.851115],[-44.52,-22.866745],[-44.52535,-22.865735],[-44.53087,-22.86775],[-44.538965,-22.8737],[-44.544825,-22.880655],[-44.54315,-22.883675],[-44.544215,-22.885385],[-44.55582,-22.888825],[-44.55994,-22.884535],[-44.56688,-22.88267],[-44.569265,-22.884095],[-44.572385,-22.881525],[-44.572205,-22.879545],[-44.575705,-22.877805],[-44.58322,-22.883555],[-44.58656,-22.88253],[-44.594915,-22.88508],[-44.60011,-22.889065],[-44.603095,-22.888905],[-44.606625,-22.88524],[-44.62944,-22.90565],[-44.63496,-22.905835],[-44.64031,-22.911865],[-44.639265,-22.915295],[-44.65534,-22.92327],[-44.65906,-22.928235],[-44.671805,-22.922055],[-44.67144,-22.91978],[-44.67348,-22.917995],[-44.678525,-22.926005],[-44.686595,-22.931615],[-44.688145,-22.93704],[-44.696415,-22.932085],[-44.70027,-22.9326],[-44.700685,-22.934875],[-44.703305,-22.936085],[-44.70697,-22.93099],[-44.71041,-22.9319],[-44.71136,-22.929575],[-44.71344,-22.929905],[-44.71689,-22.935165],[-44.723135,-22.93682],[-44.728045,-22.941845],[-44.73915,-22.94692],[-44.74398,-22.947145],[-44.74474,-22.951925],[-44.749065,-22.95375],[-44.74835,-22.95719],[-44.751785,-22.96246],[-44.748805,-22.967345],[-44.750175,-22.972025],[-44.75254,-22.975025],[-44.75671,-22.97521],[-44.75447,-22.97862],[-44.75543,-22.97999],[-44.759035,-22.978975],[-44.764755,-22.983205],[-44.776685,-22.977805],[-44.782965,-22.97859],[-44.78669,-22.982495],[-44.79195,-22.98171],[-44.794035,-22.98826],[-44.79279,-22.99068],[-44.796015,-22.995525],[-44.800935,-22.996205],[-44.80238,-22.99969],[-44.799785,-23.0019],[-44.800095,-23.005495],[-44.79237,-23.01063],[-44.7972,-23.01752],[-44.798045,-23.02126],[-44.796005,-23.02665],[-44.80161,-23.03302],[-44.802945,-23.04137],[-44.799945,-23.04699],[-44.802955,-23.04931],[-44.80418,-23.06344],[-44.81085,-23.06332],[-44.814485,-23.067815],[-44.810985,-23.070205],[-44.812805,-23.07543],[-44.81231,-23.09101],[-44.80979,-23.095245],[-44.813025,-23.09816],[-44.815485,-23.108355],[-44.815055,-23.11175],[-44.810125,-23.11558],[-44.8147,-23.1198],[-44.813355,-23.126605],[-44.81925,-23.132655],[-44.815295,-23.139265],[-44.82582,-23.143275],[-44.821025,-23.15447],[-44.822625,-23.15971],[-44.834125,-23.16748],[-44.841695,-23.166765],[-44.845555,-23.168125],[-44.847505,-23.173955],[-44.85097,-23.171695],[-44.862145,-23.17109],[-44.857055,-23.17727],[-44.858055,-23.17935],[-44.865755,-23.180375],[-44.86721,-23.18237],[-44.871545,-23.18185],[-44.874405,-23.18521],[-44.873405,-23.187005],[-44.87618,-23.198305],[-44.885365,-23.204255],[-44.88313,-23.21172],[-44.88087,-23.21331],[-44.88803,-23.223095],[-44.88525,-23.231005],[-44.886475,-23.23316],[-44.87711,-23.23334],[-44.87745,-23.241315],[-44.87461,-23.24929],[-44.85161,-23.248935],[-44.84248,-23.254835],[-44.844365,-23.262975],[-44.839695,-23.26353],[-44.829325,-23.26866],[-44.82907,-23.27481],[-44.823425,-23.2803],[-44.82683,-23.29146],[-44.819145,-23.289895],[-44.80743,-23.28288],[-44.798255,-23.293585],[-44.786835,-23.299005],[-44.787455,-23.304495],[-44.778665,-23.317615],[-44.780025,-23.32412],[-44.77664,-23.33256],[-44.777815,-23.33806],[-44.7705,-23.33875],[-44.761405,-23.3423],[-44.75765,-23.34994],[-44.749805,-23.353065],[-44.74929,-23.35828],[-44.74078,-23.35897],[-44.73669,-23.365185],[-44.72971,-23.367025],[-44.72811,-23.369965],[-44.724205,-23.36746],[-44.72697,-23.36725],[-44.731645,-23.36292],[-44.732095,-23.358895],[-44.72691,-23.353505],[-44.72139,-23.35757],[-44.719215,-23.35421],[-44.72237,-23.35334],[-44.72196,-23.350385],[-44.71592,-23.345165],[-44.707295,-23.342625],[-44.70478,-23.343985],[-44.704315,-23.34113],[-44.701165,-23.340245],[-44.69847,-23.343865],[-44.690695,-23.344125],[-44.69058,-23.347555],[-44.68504,-23.347485],[-44.68619,-23.352025],[-44.68105,-23.34717],[-44.68356,-23.346255],[-44.683935,-23.34257],[-44.681745,-23.33887],[-44.67947,-23.33924],[-44.675235,-23.33589],[-44.672345,-23.345025],[-44.65978,-23.34745],[-44.658575,-23.345345],[-44.66315,-23.3441],[-44.661765,-23.34225],[-44.66373,-23.342055],[-44.66304,-23.33915],[-44.6604,-23.33893],[-44.65501,-23.34292],[-44.651105,-23.34098],[-44.64724,-23.33419],[-44.640075,-23.331],[-44.62886,-23.33741],[-44.628755,-23.34264],[-44.635625,-23.35074],[-44.63434,-23.352255],[-44.62907,-23.35022],[-44.625495,-23.33953],[-44.622315,-23.339235],[-44.618565,-23.341455],[-44.618795,-23.3443],[-44.61612,-23.346575],[-44.618165,-23.35163],[-44.61324,-23.34735],[-44.61114,-23.349385],[-44.606795,-23.34793],[-44.60882,-23.356395],[-44.60689,-23.366705],[-44.603465,-23.36583],[-44.603505,-23.362595],[-44.599345,-23.35917],[-44.59591,-23.358475],[-44.59086,-23.362235],[-44.57998,-23.354655],[-44.56326,-23.33297],[-44.56196,-23.327005],[-44.566285,-23.322995],[-44.5602,-23.31578],[-44.562385,-23.31132],[-44.559385,-23.3108],[-44.55575,-23.303635],[-44.551425,-23.30442],[-44.55074,-23.307805],[-44.548875,-23.304645],[-44.54422,-23.302195],[-44.54033,-23.30473],[-44.53968,-23.297445],[-44.5358,-23.29208],[-44.52967,-23.290215],[-44.52886,-23.286765],[-44.52529,-23.287585],[-44.52426,-23.290545],[-44.513935,-23.29166],[-44.51332,-23.295725],[-44.509765,-23.295395],[-44.5095,-23.30105],[-44.50266,-23.29524],[-44.50285,-23.29314],[-44.50529,-23.290775],[-44.5093,-23.29228],[-44.513135,-23.291145],[-44.5152,-23.28579],[-44.5207,-23.28346],[-44.518505,-23.27953],[-44.52216,-23.279445],[-44.523015,-23.276795],[-44.526015,-23.27664],[-44.527185,-23.272755],[-44.535705,-23.26979],[-44.53542,-23.26815],[-44.53798,-23.266735],[-44.540065,-23.266555],[-44.5438,-23.27218],[-44.547795,-23.274315],[-44.550395,-23.27366],[-44.55141,-23.27065],[-44.558915,-23.27352],[-44.56716,-23.27084],[-44.572375,-23.27165],[-44.575745,-23.26851],[-44.579955,-23.2709],[-44.583405,-23.268045],[-44.58489,-23.26375],[-44.58143,-23.261725],[-44.58144,-23.257605],[-44.575175,-23.251575],[-44.574945,-23.248045],[-44.57785,-23.24848],[-44.57849,-23.24668],[-44.56053,-23.23118],[-44.56025,-23.22638],[-44.565585,-23.23005],[-44.57048,-23.229945],[-44.57483,-23.233565],[-44.59086,-23.232515],[-44.59923,-23.236495],[-44.599285,-23.23793],[-44.59703,-23.23807],[-44.5971,-23.244235],[-44.60683,-23.251085],[-44.61396,-23.25219],[-44.62094,-23.258285],[-44.621435,-23.264325],[-44.62669,-23.270615],[-44.63039,-23.281915],[-44.6382,-23.29014],[-44.642615,-23.289085],[-44.64202,-23.28667],[-44.64623,-23.28985],[-44.6437,-23.29406],[-44.63685,-23.29909],[-44.637485,-23.301205],[-44.64802,-23.301905],[-44.646725,-23.297235],[-44.64988,-23.29819],[-44.649775,-23.29525],[-44.653915,-23.293615],[-44.655355,-23.29539],[-44.65726,-23.292165],[-44.654235,-23.288355],[-44.649765,-23.287305],[-44.64935,-23.283745],[-44.64197,-23.27745],[-44.640595,-23.270905],[-44.63595,-23.267355],[-44.635845,-23.263785],[-44.633745,-23.26185],[-44.634455,-23.258715],[-44.626195,-23.24971],[-44.626785,-23.24655],[-44.62488,-23.243985],[-44.61968,-23.24235],[-44.613395,-23.233575],[-44.619395,-23.234165],[-44.623645,-23.237335],[-44.62691,-23.2365],[-44.631665,-23.240345],[-44.63668,-23.2384],[-44.638275,-23.23399],[-44.64467,-23.23598],[-44.651955,-23.23502],[-44.654505,-23.239095],[-44.658895,-23.23965],[-44.66391,-23.24794],[-44.667825,-23.247905],[-44.669235,-23.25027],[-44.67034,-23.24823],[-44.66759,-23.24549],[-44.669445,-23.244265],[-44.671475,-23.24724],[-44.674005,-23.246775],[-44.67475,-23.2504],[-44.678835,-23.25057],[-44.68033,-23.252675],[-44.6851,-23.251935],[-44.69053,-23.253705],[-44.69236,-23.252475],[-44.68488,-23.250275],[-44.678955,-23.245925],[-44.68508,-23.24199],[-44.68321,-23.24046],[-44.676885,-23.24267],[-44.6721,-23.239795],[-44.674805,-23.238815],[-44.67675,-23.24004],[-44.67834,-23.238215],[-44.67298,-23.230575],[-44.670135,-23.23198],[-44.66928,-23.234895],[-44.666715,-23.235085],[-44.65474,-23.22709],[-44.6568,-23.223735],[-44.658835,-23.22705],[-44.663965,-23.228015],[-44.65891,-23.221395],[-44.662425,-23.21719],[-44.6627,-23.214005],[-44.657115,-23.21469],[-44.6559,-23.21814],[-44.652725,-23.217045],[-44.65136,-23.22216],[-44.63696,-23.210585],[-44.640965,-23.219235],[-44.63821,-23.216625],[-44.633865,-23.21697],[-44.63248,-23.218865],[-44.633475,-23.222235],[-44.62897,-23.223975],[-44.62511,-23.22237],[-44.6237,-23.21566],[-44.627165,-23.213115],[-44.623425,-23.20724],[-44.61578,-23.206365],[-44.61601,-23.20382],[-44.621725,-23.20464],[-44.626395,-23.2027],[-44.62635,-23.196235],[-44.643705,-23.196425],[-44.64589,-23.191325],[-44.643445,-23.185225],[-44.647355,-23.187955],[-44.652665,-23.18835],[-44.654345,-23.190545],[-44.6552,-23.195745],[-44.658075,-23.199235],[-44.65713,-23.20507],[-44.65904,-23.20808],[-44.66359,-23.206075],[-44.666445,-23.209975],[-44.666555,-23.2053],[-44.668245,-23.205405],[-44.671015,-23.21133],[-44.67243,-23.21036],[-44.677795,-23.212485],[-44.67287,-23.214715],[-44.67733,-23.21991],[-44.6815,-23.22073],[-44.683475,-23.22397],[-44.687465,-23.221605],[-44.690415,-23.222065],[-44.694835,-23.23264],[-44.710305,-23.234975],[-44.7136,-23.233635],[-44.71513,-23.230155],[-44.71171,-23.2261],[-44.714815,-23.221505],[-44.709555,-23.220595],[-44.70952,-23.21644],[-44.712125,-23.214115],[-44.710285,-23.21102],[-44.715245,-23.21089],[-44.721145,-23.20183],[-44.720665,-23.19614],[-44.71828,-23.193635],[-44.71681,-23.194905],[-44.71428,-23.19403],[-44.714755,-23.19019],[-44.711015,-23.19031],[-44.706835,-23.18614],[-44.706785,-23.18493],[-44.711535,-23.184945],[-44.714435,-23.187905],[-44.717235,-23.18478],[-44.716125,-23.182415],[-44.712465,-23.182975],[-44.71079,-23.181275],[-44.71098,-23.17801],[-44.708625,-23.174735],[-44.70585,-23.17386],[-44.70327,-23.176775],[-44.6983,-23.1745],[-44.699535,-23.172425],[-44.698305,-23.16916],[-44.7038,-23.16939],[-44.70751,-23.16366],[-44.70565,-23.16235],[-44.705905,-23.15626],[-44.696645,-23.154125],[-44.69745,-23.15174],[-44.69515,-23.15118],[-44.695635,-23.148285],[-44.693005,-23.14643],[-44.698315,-23.142185],[-44.697265,-23.136655],[-44.69981,-23.135545],[-44.699075,-23.13067],[-44.692065,-23.130915],[-44.68826,-23.12645],[-44.692345,-23.122725],[-44.69732,-23.124285],[-44.69889,-23.12118],[-44.698095,-23.113915],[-44.69431,-23.10712],[-44.695165,-23.099015],[-44.6912,-23.090835],[-44.687425,-23.09099],[-44.69101,-23.08276],[-44.68476,-23.07933],[-44.687135,-23.078855],[-44.686835,-23.075255],[-44.68349,-23.07127],[-44.68185,-23.072615],[-44.67664,-23.07114],[-44.67762,-23.06861],[-44.67564,-23.067185],[-44.67859,-23.06411],[-44.66868,-23.054255],[-44.66391,-23.053495],[-44.661195,-23.0565],[-44.656355,-23.052215],[-44.6549,-23.054975],[-44.65088,-23.05655],[-44.64733,-23.05331],[-44.648115,-23.04904],[-44.644915,-23.046715],[-44.637725,-23.04867],[-44.638055,-23.05253],[-44.618565,-23.044165],[-44.613445,-23.046135],[-44.61421,-23.051565],[-44.61153,-23.04777],[-44.608205,-23.04981],[-44.59619,-23.04507],[-44.58954,-23.050445],[-44.59395,-23.05745],[-44.600025,-23.062015],[-44.59629,-23.06396],[-44.593095,-23.059345],[-44.58342,-23.058035],[-44.585655,-23.056665],[-44.577965,-23.053995],[-44.577015,-23.04883],[-44.569375,-23.0472],[-44.556935,-23.037],[-44.551955,-23.038],[-44.544575,-23.032745],[-44.530525,-23.02713],[-44.5202,-23.02765],[-44.51014,-23.0259],[-44.50575,-23.030515],[-44.503455,-23.029825],[-44.500585,-23.025365],[-44.49482,-23.024135],[-44.49334,-23.021005],[-44.48957,-23.020285],[-44.48412,-23.008525],[-44.47752,-23.005815],[-44.471415,-23.00884],[-44.46967,-23.011615],[-44.46217,-23.00774],[-44.46213,-23.00956],[-44.469835,-23.01243],[-44.46214,-23.009855],[-44.459855,-23.011125],[-44.46189,-23.00958],[-44.461175,-23.00737],[-44.45862,-23.008735],[-44.45781,-23.011705],[-44.46003,-23.018125],[-44.45754,-23.016015],[-44.452115,-23.01623],[-44.44848,-23.025195],[-44.44486,-23.02738],[-44.44135,-23.0266],[-44.43906,-23.023265],[-44.43056,-23.020085],[-44.434855,-23.017765],[-44.4375,-23.02096],[-44.440495,-23.02046],[-44.44103,-23.01544],[-44.446715,-23.012295],[-44.444595,-23.01105],[-44.44352,-23.006435],[-44.43745,-23.00151],[-44.43299,-23.00161],[-44.431045,-22.99847],[-44.42675,-22.99967],[-44.424835,-22.99761],[-44.429405,-22.99337],[-44.43925,-22.9964],[-44.44117,-22.992155],[-44.434835,-22.9875],[-44.434405,-22.985155],[-44.437145,-22.9839],[-44.43481,-22.979235],[-44.430925,-22.978405],[-44.432305,-22.97544],[-44.43766,-22.973405],[-44.434875,-22.967275],[-44.43552,-22.96474],[-44.43415,-22.96285],[-44.425485,-22.962185],[-44.42753,-22.957725],[-44.42179,-22.95509],[-44.42423,-22.95332],[-44.42299,-22.950635],[-44.412235,-22.940875],[-44.409275,-22.943355],[-44.40837,-22.946455],[-44.41046,-22.946],[-44.41038,-22.94725],[-44.40786,-22.95074],[-44.40884,-22.951485],[-44.41249,-22.947785],[-44.415765,-22.951785],[-44.41428,-22.9541],[-44.40661,-22.953245],[-44.405045,-22.95122],[-44.401485,-22.952345],[-44.3979,-22.95004],[-44.40029,-22.95458],[-44.397205,-22.955505],[-44.396715,-22.94761],[-44.392635,-22.950955],[-44.39268,-22.95227],[-44.39587,-22.952285],[-44.39584,-22.95443],[-44.391805,-22.953905],[-44.391425,-22.95157],[-44.38529,-22.953405],[-44.37782,-22.95808],[-44.380925,-22.964685],[-44.384365,-22.96581],[-44.38706,-22.96929],[-44.38333,-22.9726],[-44.38069,-22.967125],[-44.37716,-22.96999],[-44.373535,-22.96674],[-44.375,-22.9627],[-44.37378,-22.95975],[-44.371415,-22.958225],[-44.367145,-22.96044],[-44.36235,-22.95477],[-44.35924,-22.957485],[-44.35262,-22.95205],[-44.353905,-22.94969],[-44.34947,-22.94579],[-44.350215,-22.94353],[-44.355455,-22.94464],[-44.36438,-22.940505],[-44.363785,-22.94286],[-44.367015,-22.94616],[-44.366725,-22.948285],[-44.3703,-22.948405],[-44.369695,-22.943805],[-44.37396,-22.94283],[-44.37373,-22.94163],[-44.370545,-22.94272],[-44.37138,-22.93798],[-44.36652,-22.934075],[-44.359965,-22.93192],[-44.366625,-22.930625],[-44.36661,-22.928645],[-44.36242,-22.92807],[-44.36054,-22.92594],[-44.3648,-22.924205],[-44.35873,-22.923455],[-44.35832,-22.92693],[-44.35336,-22.931195],[-44.35183,-22.9304],[-44.352215,-22.927375],[-44.34801,-22.926755],[-44.346925,-22.92441],[-44.34875,-22.92314],[-44.34486,-22.92197],[-44.34308,-22.924215],[-44.33865,-22.92285],[-44.33631,-22.927665],[-44.33384,-22.92801],[-44.33325,-22.92629],[-44.3321,-22.9257],[-44.33111,-22.925815],[-44.32947,-22.93257],[-44.32335,-22.93232],[-44.325935,-22.937015],[-44.31963,-22.93641],[-44.323545,-22.942685],[-44.33405,-22.94682],[-44.3324,-22.95278],[-44.328575,-22.954135],[-44.330005,-22.956795],[-44.334265,-22.955885],[-44.334925,-22.958105],[-44.335895,-22.95682],[-44.338205,-22.95768],[-44.33541,-22.96196],[-44.33619,-22.964585],[-44.33271,-22.965435],[-44.333,-22.96772],[-44.330645,-22.966585],[-44.32938,-22.96088],[-44.32272,-22.959975],[-44.318935,-22.95647],[-44.313135,-22.957285],[-44.313015,-22.95972],[-44.30974,-22.957545],[-44.30674,-22.957915],[-44.309245,-22.96137],[-44.30462,-22.957025],[-44.29986,-22.95867],[-44.30837,-22.96481],[-44.307785,-22.967535],[-44.310045,-22.97068],[-44.310965,-22.96952],[-44.31186,-22.975445],[-44.31377,-22.976985],[-44.309365,-22.97672],[-44.317515,-22.985395],[-44.321645,-22.98596],[-44.32343,-22.9821],[-44.329445,-22.98336],[-44.32965,-22.987765],[-44.32588,-22.991815],[-44.327665,-22.995055],[-44.33298,-22.99568],[-44.33711,-22.99095],[-44.341125,-22.990525],[-44.34529,-22.991255],[-44.346095,-22.993375],[-44.354965,-22.9986],[-44.35495,-23.00276],[-44.35808,-23.0055],[-44.356315,-23.00702],[-44.357105,-23.00877],[-44.362895,-23.010155],[-44.359585,-23.011025],[-44.36303,-23.01825],[-44.35803,-23.01972],[-44.35837,-23.023755],[-44.353745,-23.02159],[-44.350395,-23.02293],[-44.34868,-23.028215],[-44.351895,-23.03025],[-44.34699,-23.03018],[-44.34639,-23.02736],[-44.34113,-23.022465],[-44.337595,-23.022485],[-44.336475,-23.02546],[-44.33157,-23.019985],[-44.326215,-23.020875],[-44.32554,-23.019415],[-44.32748,-23.01946],[-44.32883,-23.016105],[-44.32645,-23.013925],[-44.32323,-23.01584],[-44.318355,-23.01087],[-44.314905,-23.015215],[-44.317045,-23.00911],[-44.312785,-23.00853],[-44.31097,-23.005995],[-44.3072,-23.00674],[-44.302925,-23.00226],[-44.30072,-23.002255],[-44.300245,-23.00394],[-44.302425,-23.00345],[-44.30021,-23.004205],[-44.301075,-23.00543],[-44.29776,-23.00725],[-44.29706,-23.009805],[-44.29984,-23.01562],[-44.303875,-23.016295],[-44.303835,-23.0216],[-44.30631,-23.024005],[-44.298995,-23.02607],[-44.290515,-23.024495],[-44.289615,-23.018875],[-44.28446,-23.014585],[-44.27799,-23.017055],[-44.279955,-23.014105],[-44.274235,-23.008375],[-44.273355,-23.004025],[-44.265675,-23.001565],[-44.261165,-23.00724],[-44.256495,-23.00179],[-44.25371,-23.00107],[-44.252925,-22.99853],[-44.249345,-22.997835],[-44.24764,-23.00176],[-44.2454,-22.999545],[-44.24135,-23.00109],[-44.23761,-23.006075],[-44.23892,-23.007255],[-44.235445,-23.007685],[-44.23054,-23.014225],[-44.22423,-23.01069],[-44.22095,-23.015965],[-44.224635,-23.01783],[-44.22562,-23.02183],[-44.231575,-23.022475],[-44.23323,-23.02695],[-44.236435,-23.026115],[-44.237725,-23.028415],[-44.23604,-23.03163],[-44.24024,-23.03317],[-44.243865,-23.044275],[-44.24533,-23.04598],[-44.248235,-23.04535],[-44.250505,-23.050305],[-44.24717,-23.048585],[-44.2439,-23.05235],[-44.244145,-23.055145],[-44.237055,-23.056535],[-44.223845,-23.04881],[-44.21924,-23.04998],[-44.205495,-23.04304],[-44.20281,-23.040475],[-44.203785,-23.039375],[-44.20058,-23.03831],[-44.19387,-23.041065],[-44.19285,-23.04401],[-44.19536,-23.04632],[-44.19599,-23.050385],[-44.19514,-23.054255],[-44.193435,-23.05452],[-44.18953,-23.052105],[-44.18477,-23.052525],[-44.185775,-23.04977],[-44.182445,-23.04545],[-44.17937,-23.050395],[-44.172875,-23.04809],[-44.171815,-23.043325],[-44.175775,-23.04285],[-44.176805,-23.037825],[-44.17097,-23.03299],[-44.16544,-23.03392],[-44.160215,-23.031785],[-44.154725,-23.035475],[-44.157365,-23.03492],[-44.154345,-23.036175],[-44.1541,-23.04072],[-44.152595,-23.04102],[-44.15033,-23.03604],[-44.12979,-23.032485],[-44.12439,-23.026305],[-44.113335,-23.023205],[-44.10771,-23.01543],[-44.10473,-23.014605],[-44.10392,-23.01043],[-44.099515,-23.009205],[-44.09593,-23.00486],[-44.0947,-22.99871],[-44.09666,-22.99806],[-44.09609,-22.995615],[-44.08797,-22.992565],[-44.08257,-22.992995],[-44.081215,-22.98458],[-44.07761,-22.978805],[-44.078535,-22.976305],[-44.07564,-22.97298],[-44.076035,-22.9691],[-44.079425,-22.96892],[-44.08156,-22.965125],[-44.08015,-22.96146],[-44.081315,-22.9595],[-44.079305,-22.956705],[-44.07426,-22.95205],[-44.062495,-22.94957],[-44.06104,-22.946155],[-44.054325,-22.944635],[-44.053765,-22.942295],[-44.047305,-22.941985],[-44.04102,-22.947405],[-44.03982,-22.95079],[-44.045895,-22.956585],[-44.041975,-22.96337],[-44.047505,-22.97082],[-44.052675,-22.97307],[-44.05591,-22.98083],[-44.04728,-22.984505],[-44.04293,-22.984535],[-44.03262,-22.98106],[-44.032765,-22.97114],[-44.030515,-22.96427],[-44.026165,-22.96231],[-44.02132,-22.96265],[-44.02091,-22.96113],[-44.023465,-22.96041],[-44.022815,-22.956295],[-44.017995,-22.95211],[-44.012975,-22.95137],[-44.01087,-22.94807],[-44.012275,-22.94593],[-44.005845,-22.94214],[-43.9909,-22.94027],[-43.988895,-22.935575],[-43.97699,-22.931425],[-43.96488,-22.93444],[-43.954295,-22.927455],[-43.950905,-22.926955],[-43.93997,-22.93045],[-43.9324,-22.92891],[-43.91026,-22.93102],[-43.89433,-22.92266],[-43.88301,-22.921505],[-43.880615,-22.915665],[-43.885645,-22.885585],[-43.892065,-22.88211],[-43.90584,-22.88619],[-43.913255,-22.88454],[-43.92247,-22.890435],[-43.92197,-22.89414],[-43.92724,-22.8945],[-43.936055,-22.89218],[-43.93897,-22.88119],[-43.94227,-22.884675],[-43.957785,-22.88782],[-43.96014,-22.885625],[-43.96487,-22.88635],[-43.967165,-22.884925],[-43.96842,-22.881105],[-43.96904,-22.88047],[-43.973955,-22.876185],[-43.974135,-22.87509],[-43.973015,-22.87248],[-43.97723,-22.86945],[-43.97756,-22.86843],[-43.979195,-22.86707],[-43.97993,-22.86635],[-43.98041,-22.865955],[-43.980115,-22.86522],[-43.97962,-22.863645],[-43.978475,-22.86208],[-43.97817,-22.861945],[-43.977595,-22.86097],[-43.97736,-22.859445],[-43.97628,-22.85887],[-43.97534,-22.85758],[-43.974765,-22.85642],[-43.97418,-22.854525],[-43.975525,-22.853095],[-43.976625,-22.85153],[-43.97748,-22.85048],[-43.97792,-22.849815],[-43.981025,-22.8479],[-43.982405,-22.84823],[-43.985115,-22.84897],[-43.98845,-22.846485],[-43.99106,-22.846775],[-43.990985,-22.845505],[-43.9902,-22.84382],[-43.99023,-22.84235],[-43.99215,-22.84348],[-43.99301,-22.843095],[-43.99379,-22.84304],[-43.99531,-22.843265],[-43.99684,-22.844155],[-43.99855,-22.84471],[-43.999575,-22.845675],[-43.99973,-22.846705],[-43.999555,-22.847795],[-44.000075,-22.8488],[-44.00048,-22.8526],[-44.00108,-22.85406],[-44.001365,-22.85478],[-44.002125,-22.856345],[-44.003095,-22.857535],[-44.003785,-22.85904],[-44.00473,-22.859325],[-44.005865,-22.85911],[-44.007115,-22.85934],[-44.00833,-22.860295],[-44.009445,-22.860855],[-44.009155,-22.86117],[-44.00911,-22.86182],[-44.009615,-22.86226],[-44.01181,-22.862895],[-44.01271,-22.863685],[-44.013455,-22.86407],[-44.014915,-22.865455],[-44.020325,-22.871425],[-44.02182,-22.87218],[-44.024215,-22.873025],[-44.025695,-22.873265],[-44.026325,-22.87348],[-44.02712,-22.87507],[-44.03275,-22.878845],[-44.03464,-22.87914],[-44.04186,-22.88326],[-44.04526,-22.882985],[-44.051515,-22.877705],[-44.065035,-22.88064],[-44.071305,-22.878165],[-44.080155,-22.879545],[-44.08847,-22.883645],[-44.10237,-22.87268],[-44.104275,-22.868945],[-44.11194,-22.864595],[-44.11306,-22.86108],[-44.11156,-22.85923],[-44.113975,-22.859665],[-44.119135,-22.862735],[-44.118815,-22.867335],[-44.124705,-22.874995],[-44.1432,-22.88301],[-44.14422,-22.88705],[-44.152015,-22.89363],[-44.155125,-22.902165],[-44.165475,-22.90404],[-44.169845,-22.912675],[-44.174135,-22.91569],[-44.17241,-22.91915],[-44.175225,-22.9282],[-44.182405,-22.925475],[-44.213725,-22.932035],[-44.223315,-22.92907],[-44.2257,-22.924635],[-44.227995,-22.924055],[-44.229665,-22.919125],[-44.23422,-22.91884],[-44.237335,-22.91325],[-44.24143,-22.913405],[-44.242245,-22.91001],[-44.24004,-22.909475],[-44.23545,-22.902895],[-44.24105,-22.902045],[-44.23587,-22.896215],[-44.237735,-22.885895],[-44.230705,-22.87095],[-44.232755,-22.86966],[-44.2381,-22.87227],[-44.2404,-22.868995],[-44.24425,-22.868565],[-44.244715,-22.86197],[-44.247115,-22.85755],[-44.249975,-22.856865],[-44.25118,-22.853255],[-44.257305,-22.85185],[-44.257765,-22.846535],[-44.262965,-22.84713],[-44.268505,-22.851185],[-44.27236,-22.845435],[-44.27689,-22.847145],[-44.281365,-22.84151],[-44.28936,-22.84625],[-44.294805,-22.84396],[-44.29901,-22.84773],[-44.305355,-22.84836],[-44.307995,-22.84824],[-44.3106,-22.84403],[-44.3147,-22.84167],[-44.31734,-22.844055]]]]}},{"type":"Feature","properties":{"redec":"NOROESTE","nome":"Noroeste","regiaoHidrografica":"Baixo Paraíba do Sul/Itabapoana"},"geometry":{"type":"Polygon","coordinates":[[[-41.46963,-21.202715],[-41.471835,-21.202665],[-41.473005,-21.19851],[-41.479255,-21.193545],[-41.480535,-21.189215],[-41.47906,-21.1825],[-41.4824,-21.184145],[-41.48772,-21.17981],[-41.49801,-21.18518],[-41.50255,-21.18249],[-41.50432,-21.17672],[-41.51154,-21.17585],[-41.514945,-21.178925],[-41.51468,-21.1845],[-41.517025,-21.187705],[-41.5206,-21.1872],[-41.530825,-21.17999],[-41.54833,-21.183345],[-41.55165,-21.176055],[-41.55442,-21.175825],[-41.55613,-21.172325],[-41.56184,-21.17752],[-41.564625,-21.18363],[-41.569835,-21.17968],[-41.56966,-21.17284],[-41.57234,-21.169525],[-41.57844,-21.16969],[-41.584035,-21.16445],[-41.585995,-21.15966],[-41.586065,-21.14963],[-41.611635,-21.15715],[-41.61671,-21.15056],[-41.627515,-21.14484],[-41.63955,-21.14622],[-41.64864,-21.142715],[-41.650985,-21.145815],[-41.65483,-21.142145],[-41.652785,-21.13726],[-41.66538,-21.132115],[-41.66177,-21.126835],[-41.66268,-21.12486],[-41.6727,-21.12808],[-41.67559,-21.13361],[-41.677555,-21.133795],[-41.679245,-21.13153],[-41.67678,-21.12698],[-41.67764,-21.123995],[-41.68161,-21.12095],[-41.688235,-21.122215],[-41.690695,-21.117485],[-41.69406,-21.115415],[-41.70628,-21.120935],[-41.704815,-21.127685],[-41.711565,-21.12651],[-41.71226,-21.12504],[-41.71661,-21.125435],[-41.7205,-21.12244],[-41.717945,-21.1187],[-41.718565,-21.11664],[-41.710545,-21.11108],[-41.705625,-21.11203],[-41.70701,-21.107235],[-41.716505,-21.10493],[-41.71928,-21.106975],[-41.723175,-21.103665],[-41.728745,-21.107275],[-41.7361,-21.102305],[-41.731295,-21.087295],[-41.725475,-21.08189],[-41.72151,-21.07302],[-41.723065,-21.067215],[-41.732735,-21.066215],[-41.72933,-21.049445],[-41.72726,-21.050165],[-41.72687,-21.054025],[-41.723295,-21.05571],[-41.719115,-21.05407],[-41.71617,-21.046895],[-41.717355,-21.04472],[-41.72182,-21.04308],[-41.72143,-21.040205],[-41.72517,-21.03311],[-41.722755,-21.024385],[-41.72087,-21.02619],[-41.719865,-21.023825],[-41.717655,-21.02424],[-41.717345,-21.02223],[-41.715335,-21.02192],[-41.7147,-21.015145],[-41.720735,-21.01218],[-41.722375,-21.009245],[-41.72141,-21.00196],[-41.72058,-20.999795],[-41.717495,-20.999175],[-41.717765,-20.99408],[-41.715935,-20.991395],[-41.71049,-20.99197],[-41.710155,-20.990395],[-41.711515,-20.9807],[-41.716525,-20.97408],[-41.7174,-20.95303],[-41.725885,-20.950775],[-41.730935,-20.946995],[-41.733875,-20.943185],[-41.735825,-20.93285],[-41.737665,-20.93091],[-41.73712,-20.927175],[-41.733255,-20.92689],[-41.72636,-20.922565],[-41.722375,-20.923315],[-41.718705,-20.89961],[-41.719385,-20.89701],[-41.72651,-20.8948],[-41.726355,-20.89322],[-41.72319,-20.88518],[-41.720345,-20.883725],[-41.720655,-20.88069],[-41.717185,-20.87777],[-41.71918,-20.87519],[-41.716355,-20.874085],[-41.71575,-20.871815],[-41.711425,-20.871855],[-41.712205,-20.868065],[-41.718535,-20.867875],[-41.720405,-20.864295],[-41.725515,-20.865635],[-41.727165,-20.863575],[-41.729955,-20.87082],[-41.73302,-20.8693],[-41.736885,-20.869965],[-41.740725,-20.8732],[-41.7415,-20.869605],[-41.742835,-20.87008],[-41.74018,-20.867745],[-41.74204,-20.866725],[-41.738905,-20.86545],[-41.74593,-20.852595],[-41.743515,-20.847625],[-41.7404,-20.847275],[-41.73958,-20.844935],[-41.741695,-20.84172],[-41.736295,-20.836065],[-41.740705,-20.829635],[-41.73819,-20.82696],[-41.742585,-20.82564],[-41.74001,-20.81894],[-41.74244,-20.815805],[-41.746295,-20.812725],[-41.749265,-20.814225],[-41.749785,-20.816715],[-41.751545,-20.816465],[-41.751725,-20.81417],[-41.754025,-20.814895],[-41.75512,-20.8068],[-41.755595,-20.808625],[-41.760085,-20.80742],[-41.761055,-20.80449],[-41.76359,-20.80692],[-41.76217,-20.8055],[-41.7647,-20.805545],[-41.766745,-20.802015],[-41.78163,-20.797635],[-41.78498,-20.79993],[-41.794115,-20.79809],[-41.799245,-20.8053],[-41.81168,-20.8033],[-41.81392,-20.80545],[-41.80575,-20.79757],[-41.81678,-20.80128],[-41.82283,-20.79714],[-41.8279,-20.79702],[-41.828705,-20.794215],[-41.82434,-20.78841],[-41.82836,-20.786925],[-41.835485,-20.78025],[-41.836925,-20.781945],[-41.840425,-20.777575],[-41.842345,-20.779185],[-41.843625,-20.7783],[-41.84527,-20.774645],[-41.848195,-20.774255],[-41.85299,-20.763355],[-41.85676,-20.7635],[-41.857695,-20.766905],[-41.86053,-20.763175],[-41.8638,-20.76526],[-41.866655,-20.76444],[-41.87475,-20.771445],[-41.878545,-20.772605],[-41.879775,-20.780955],[-41.885115,-20.7825],[-41.88637,-20.785385],[-41.890905,-20.78564],[-41.894035,-20.789905],[-41.896915,-20.78835],[-41.902655,-20.79781],[-41.91397,-20.794545],[-41.91635,-20.79229],[-41.919755,-20.79412],[-41.92399,-20.79271],[-41.92809,-20.794235],[-41.92614,-20.80184],[-41.929855,-20.809275],[-41.92884,-20.81135],[-41.930795,-20.81224],[-41.931995,-20.825075],[-41.935005,-20.828595],[-41.93272,-20.832235],[-41.93126,-20.830635],[-41.929745,-20.831445],[-41.92694,-20.838345],[-41.930495,-20.8449],[-41.92885,-20.84909],[-41.933535,-20.854325],[-41.9366,-20.853905],[-41.942995,-20.858725],[-41.95016,-20.85836],[-41.95418,-20.865065],[-41.95415,-20.8705],[-41.95005,-20.870435],[-41.94884,-20.87243],[-41.951985,-20.877885],[-41.960455,-20.884445],[-41.961285,-20.89095],[-41.96416,-20.89261],[-41.964985,-20.897325],[-41.967335,-20.89862],[-41.9629,-20.90264],[-41.966595,-20.9171],[-41.97284,-20.91682],[-41.974415,-20.9202],[-41.977595,-20.920535],[-41.98004,-20.923165],[-41.977605,-20.92685],[-41.97669,-20.93549],[-41.987595,-20.932455],[-41.98916,-20.929665],[-41.995705,-20.92971],[-41.99907,-20.9269],[-42.00471,-20.93104],[-42.00683,-20.928625],[-42.01655,-20.929465],[-42.020815,-20.925835],[-42.02894,-20.92832],[-42.045975,-20.924445],[-42.04477,-20.932295],[-42.06642,-20.939625],[-42.073945,-20.93667],[-42.0864,-20.939625],[-42.089865,-20.93923],[-42.091935,-20.936555],[-42.09622,-20.93739],[-42.110845,-20.95014],[-42.11497,-20.95091],[-42.115565,-20.95996],[-42.123235,-20.96097],[-42.12365,-20.956245],[-42.13094,-20.95706],[-42.146765,-20.9669],[-42.15079,-20.974675],[-42.1493,-20.977385],[-42.15076,-20.980195],[-42.14019,-20.988625],[-42.14112,-20.99271],[-42.12635,-21.000835],[-42.11807,-21.00119],[-42.11542,-21.004025],[-42.11502,-21.01096],[-42.10754,-21.01553],[-42.101845,-21.014085],[-42.09454,-21.01993],[-42.08703,-21.02159],[-42.08406,-21.02898],[-42.080855,-21.030305],[-42.08536,-21.03621],[-42.091065,-21.03513],[-42.093465,-21.037415],[-42.101175,-21.03446],[-42.09842,-21.039985],[-42.10294,-21.04523],[-42.10114,-21.04972],[-42.106865,-21.057535],[-42.1121,-21.05688],[-42.113875,-21.06465],[-42.119965,-21.06804],[-42.119585,-21.07633],[-42.132335,-21.079865],[-42.13226,-21.08973],[-42.136295,-21.09276],[-42.139245,-21.102865],[-42.14937,-21.10272],[-42.151245,-21.104415],[-42.15863,-21.100505],[-42.16401,-21.10103],[-42.170515,-21.114075],[-42.16914,-21.122355],[-42.17325,-21.123945],[-42.170635,-21.12793],[-42.170805,-21.131475],[-42.176095,-21.132845],[-42.1781,-21.140605],[-42.1815,-21.14194],[-42.18266,-21.14445],[-42.190545,-21.145665],[-42.192775,-21.14941],[-42.192675,-21.156135],[-42.195755,-21.157145],[-42.194485,-21.164525],[-42.200065,-21.167865],[-42.199265,-21.172775],[-42.2087,-21.178095],[-42.205975,-21.18731],[-42.203235,-21.18822],[-42.203335,-21.19188],[-42.199345,-21.19356],[-42.1947,-21.2022],[-42.199965,-21.205865],[-42.201675,-21.209395],[-42.20104,-21.216025],[-42.202885,-21.22161],[-42.19891,-21.2257],[-42.194165,-21.22295],[-42.19077,-21.22384],[-42.18813,-21.230605],[-42.19521,-21.239905],[-42.18929,-21.24981],[-42.194925,-21.254695],[-42.199865,-21.256255],[-42.2066,-21.264655],[-42.21127,-21.26701],[-42.212265,-21.27197],[-42.2178,-21.27172],[-42.2218,-21.275885],[-42.22476,-21.275935],[-42.225415,-21.27956],[-42.22841,-21.282315],[-42.22932,-21.28854],[-42.22725,-21.29109],[-42.229855,-21.301915],[-42.228025,-21.305015],[-42.229975,-21.310385],[-42.236115,-21.314015],[-42.237045,-21.324415],[-42.228585,-21.32888],[-42.227755,-21.33371],[-42.22325,-21.338105],[-42.232275,-21.3407],[-42.237435,-21.34564],[-42.229815,-21.35976],[-42.23076,-21.363735],[-42.229375,-21.366245],[-42.23296,-21.369295],[-42.238925,-21.37066],[-42.24213,-21.37388],[-42.24032,-21.3779],[-42.24685,-21.38223],[-42.247855,-21.385905],[-42.25196,-21.38732],[-42.248745,-21.39106],[-42.23741,-21.39225],[-42.236045,-21.39908],[-42.241935,-21.40517],[-42.24961,-21.40531],[-42.254435,-21.409645],[-42.260685,-21.40983],[-42.26082,-21.40651],[-42.26782,-21.39969],[-42.27488,-21.404045],[-42.27831,-21.409305],[-42.278445,-21.413555],[-42.272915,-21.42114],[-42.276385,-21.424365],[-42.27562,-21.428425],[-42.280975,-21.432055],[-42.27985,-21.435225],[-42.285465,-21.44153],[-42.283255,-21.44632],[-42.28595,-21.447455],[-42.286715,-21.45113],[-42.29274,-21.459065],[-42.27941,-21.46395],[-42.276585,-21.46664],[-42.272455,-21.46606],[-42.268455,-21.468475],[-42.27162,-21.47173],[-42.27164,-21.4747],[-42.26611,-21.48007],[-42.25504,-21.48497],[-42.25088,-21.489765],[-42.25123,-21.49289],[-42.25643,-21.493305],[-42.26273,-21.49799],[-42.26537,-21.498105],[-42.26688,-21.502295],[-42.268245,-21.501345],[-42.269035,-21.503055],[-42.273855,-21.503855],[-42.280475,-21.51526],[-42.27969,-21.51686],[-42.284025,-21.5222],[-42.28278,-21.52309],[-42.283925,-21.52673],[-42.29156,-21.52753],[-42.29374,-21.524705],[-42.297405,-21.52415],[-42.302635,-21.528655],[-42.30728,-21.529485],[-42.30236,-21.5387],[-42.30645,-21.54315],[-42.306655,-21.545835],[-42.3099,-21.547115],[-42.308965,-21.55096],[-42.313965,-21.55595],[-42.32765,-21.557695],[-42.3304,-21.5602],[-42.33021,-21.56173],[-42.32653,-21.56271],[-42.328105,-21.565325],[-42.32515,-21.569805],[-42.345,-21.58214],[-42.35075,-21.58838],[-42.35461,-21.59612],[-42.36092,-21.60092],[-42.36315,-21.61174],[-42.36897,-21.619375],[-42.365315,-21.62074],[-42.36576,-21.62473],[-42.3592,-21.621625],[-42.355445,-21.625925],[-42.35861,-21.626545],[-42.361045,-21.63174],[-42.37028,-21.63817],[-42.369825,-21.6408],[-42.3652,-21.64655],[-42.35568,-21.6478],[-42.34809,-21.64171],[-42.34493,-21.650585],[-42.346505,-21.65222],[-42.3424,-21.656615],[-42.34325,-21.659675],[-42.34019,-21.65922],[-42.340165,-21.661905],[-42.335145,-21.65973],[-42.334175,-21.661635],[-42.33108,-21.6606],[-42.324455,-21.65601],[-42.320605,-21.66091],[-42.31657,-21.654695],[-42.316325,-21.656545],[-42.310965,-21.66004],[-42.30775,-21.657405],[-42.307705,-21.659935],[-42.3014,-21.654895],[-42.29088,-21.665425],[-42.282545,-21.67047],[-42.283145,-21.672695],[-42.287125,-21.67279],[-42.28623,-21.67722],[-42.282335,-21.6791],[-42.28316,-21.681195],[-42.27642,-21.67671],[-42.27359,-21.67752],[-42.27248,-21.681],[-42.270045,-21.68231],[-42.271215,-21.68591],[-42.26497,-21.693795],[-42.26745,-21.695375],[-42.268,-21.698955],[-42.27116,-21.699235],[-42.272675,-21.70364],[-42.268575,-21.70627],[-42.26922,-21.707995],[-42.26675,-21.708275],[-42.272055,-21.7143],[-42.268385,-21.71281],[-42.267465,-21.71485],[-42.24634,-21.706645],[-42.24066,-21.702735],[-42.240975,-21.70055],[-42.23708,-21.69721],[-42.206895,-21.7838],[-42.16725,-21.858695],[-42.16144,-21.859175],[-42.16165,-21.86053],[-42.16048,-21.85881],[-42.154595,-21.860575],[-42.15221,-21.858995],[-42.15022,-21.861045],[-42.14907,-21.8592],[-42.146095,-21.860545],[-42.14505,-21.856085],[-42.14332,-21.85916],[-42.140695,-21.8555],[-42.138725,-21.85545],[-42.13792,-21.852585],[-42.14218,-21.85126],[-42.141555,-21.849705],[-42.144305,-21.84781],[-42.14283,-21.84552],[-42.14586,-21.842025],[-42.14229,-21.842895],[-42.14161,-21.83986],[-42.138675,-21.839745],[-42.13727,-21.836735],[-42.132525,-21.839445],[-42.13226,-21.84438],[-42.128115,-21.842495],[-42.128435,-21.84404],[-42.125225,-21.84626],[-42.12368,-21.845415],[-42.122765,-21.849995],[-42.12047,-21.85036],[-42.12026,-21.84781],[-42.11709,-21.846585],[-42.119075,-21.84194],[-42.117325,-21.839135],[-42.118445,-21.838015],[-42.116345,-21.837085],[-42.12069,-21.836375],[-42.123045,-21.829845],[-42.12695,-21.829865],[-42.125195,-21.82377],[-42.120175,-21.822545],[-42.118925,-21.827235],[-42.117995,-21.824555],[-42.11327,-21.82546],[-42.110785,-21.822575],[-42.111515,-21.820615],[-42.106735,-21.817425],[-42.10742,-21.81436],[-42.103315,-21.814005],[-42.104955,-21.811945],[-42.1031,-21.80948],[-42.09857,-21.809435],[-42.0996,-21.811015],[-42.096325,-21.81389],[-42.09219,-21.8133],[-42.09202,-21.809655],[-42.090205,-21.809835],[-42.087715,-21.806805],[-42.090685,-21.804425],[-42.08938,-21.80137],[-42.08753,-21.80381],[-42.085455,-21.801445],[-42.076395,-21.801175],[-42.071485,-21.79653],[-42.06854,-21.79763],[-42.069855,-21.79939],[-42.068475,-21.80066],[-42.066525,-21.79897],[-42.06557,-21.801415],[-42.063345,-21.80078],[-42.06303,-21.802145],[-42.058315,-21.801045],[-42.061475,-21.799105],[-42.063235,-21.790545],[-42.06039,-21.791665],[-42.06091,-21.789445],[-42.055775,-21.785785],[-42.05566,-21.78181],[-42.05389,-21.77976],[-42.05129,-21.78015],[-42.05106,-21.778595],[-42.047525,-21.778645],[-42.044895,-21.78393],[-42.04255,-21.783955],[-42.044085,-21.7825],[-42.043185,-21.779205],[-42.03795,-21.775825],[-42.04,-21.77529],[-42.040055,-21.77292],[-42.03148,-21.765875],[-42.03091,-21.76765],[-42.02843,-21.76641],[-42.029,-21.76879],[-42.02481,-21.7662],[-42.020845,-21.77027],[-42.013545,-21.77207],[-42.013615,-21.76565],[-42.01967,-21.762785],[-42.021925,-21.758345],[-42.020415,-21.757755],[-42.022755,-21.75563],[-42.021405,-21.751905],[-42.013785,-21.750515],[-42.01168,-21.74492],[-42.004695,-21.746915],[-42.00434,-21.74259],[-42.002455,-21.742655],[-42.00239,-21.741205],[-42.000115,-21.74239],[-42.00141,-21.739775],[-41.99955,-21.740865],[-41.99978,-21.739065],[-41.995715,-21.737515],[-41.99202,-21.739105],[-41.99181,-21.736805],[-41.987655,-21.73628],[-41.98499,-21.732885],[-41.98141,-21.733245],[-41.980785,-21.73839],[-41.977495,-21.739485],[-41.97537,-21.73788],[-41.97616,-21.73427],[-41.9711,-21.73427],[-41.96891,-21.73216],[-41.963365,-21.73369],[-41.961595,-21.731175],[-41.955435,-21.731375],[-41.955185,-21.729315],[-41.95269,-21.728495],[-41.94863,-21.73046],[-41.942235,-21.739465],[-41.939795,-21.739],[-41.939825,-21.74141],[-41.929865,-21.74201],[-41.933345,-21.747835],[-41.93684,-21.748645],[-41.937945,-21.752215],[-41.934275,-21.76153],[-41.93439,-21.76707],[-41.94544,-21.77315],[-41.94988,-21.770055],[-41.9529,-21.77123],[-41.952045,-21.774555],[-41.95627,-21.782135],[-41.95665,-21.786825],[-41.95921,-21.78878],[-41.95939,-21.79254],[-41.97108,-21.803095],[-41.970985,-21.8115],[-41.965205,-21.827765],[-41.961485,-21.833935],[-41.956765,-21.834145],[-41.95552,-21.835745],[-41.956955,-21.837035],[-41.956235,-21.841475],[-41.953705,-21.843965],[-41.95517,-21.848025],[-41.953225,-21.85359],[-41.936525,-21.87231],[-41.92808,-21.87029],[-41.925565,-21.875965],[-41.89715,-21.878305],[-41.88927,-21.87163],[-41.88388,-21.872345],[-41.888475,-21.865175],[-41.88472,-21.85826],[-41.85817,-21.84462],[-41.850205,-21.837215],[-41.842505,-21.83625],[-41.83737,-21.83309],[-41.839185,-21.82687],[-41.83547,-21.82446],[-41.834495,-21.820815],[-41.8306,-21.817665],[-41.825865,-21.81747],[-41.816255,-21.80967],[-41.814955,-21.806395],[-41.81074,-21.804815],[-41.808665,-21.797665],[-41.797465,-21.795905],[-41.795785,-21.7943],[-41.79588,-21.78384],[-41.788625,-21.781635],[-41.78694,-21.783665],[-41.77749,-21.78474],[-41.776595,-21.788295],[-41.774045,-21.7895],[-41.765795,-21.787445],[-41.756335,-21.789765],[-41.747185,-21.788795],[-41.746,-21.78758],[-41.749245,-21.786175],[-41.75168,-21.781155],[-41.747905,-21.77929],[-41.734305,-21.76282],[-41.732375,-21.764215],[-41.729535,-21.76317],[-41.72267,-21.756065],[-41.709225,-21.75164],[-41.70421,-21.747915],[-41.70221,-21.741745],[-41.69772,-21.73924],[-41.699775,-21.73631],[-41.698615,-21.73121],[-41.700465,-21.725745],[-41.695365,-21.718975],[-41.696015,-21.714415],[-41.69129,-21.71013],[-41.687955,-21.711135],[-41.683465,-21.70825],[-41.681635,-21.702685],[-41.677335,-21.703235],[-41.6698,-21.698575],[-41.66565,-21.698195],[-41.663045,-21.69438],[-41.655435,-21.693935],[-41.652795,-21.689505],[-41.64907,-21.68751],[-41.64841,-21.681025],[-41.639505,-21.670405],[-41.63634,-21.669245],[-41.634075,-21.67143],[-41.630305,-21.67009],[-41.61687,-21.67095],[-41.6127,-21.665095],[-41.611545,-21.66474],[-41.60425,-21.665285],[-41.59423,-21.66288],[-41.591205,-21.664145],[-41.58929,-21.65833],[-41.58426,-21.65704],[-41.58204,-21.653235],[-41.57805,-21.65302],[-41.575205,-21.64984],[-41.575965,-21.646515],[-41.56981,-21.64038],[-41.565165,-21.64122],[-41.56355,-21.643235],[-41.559275,-21.638825],[-41.556005,-21.64059],[-41.553335,-21.63028],[-41.541355,-21.62702],[-41.538135,-21.621865],[-41.53029,-21.625045],[-41.52189,-21.6343],[-41.5167,-21.636625],[-41.513675,-21.643015],[-41.509625,-21.64593],[-41.50846,-21.651075],[-41.50591,-21.65425],[-41.49428,-21.66506],[-41.49337,-21.670275],[-41.48998,-21.674895],[-41.427715,-21.61561],[-41.427795,-21.615355],[-41.427045,-21.61315],[-41.42622,-21.612235],[-41.424575,-21.61091],[-41.42423,-21.61088],[-41.421635,-21.610895],[-41.42065,-21.610905],[-41.409235,-21.60892],[-41.40881,-21.60854],[-41.4078,-21.607655],[-41.407495,-21.607345],[-41.407305,-21.606925],[-41.40274,-21.602165],[-41.40157,-21.597565],[-41.40153,-21.597225],[-41.402535,-21.59561],[-41.402505,-21.59525],[-41.40065,-21.59194],[-41.40055,-21.591555],[-41.400925,-21.58304],[-41.400895,-21.582765],[-41.39896,-21.581595],[-41.398565,-21.58149],[-41.39833,-21.581385],[-41.398055,-21.58131],[-41.397915,-21.581325],[-41.397705,-21.58135],[-41.395375,-21.57924],[-41.39508,-21.578705],[-41.39434,-21.577315],[-41.39422,-21.57717],[-41.39392,-21.57688],[-41.393325,-21.576435],[-41.392845,-21.576035],[-41.39219,-21.57547],[-41.39192,-21.575135],[-41.38768,-21.569995],[-41.387265,-21.56951],[-41.38688,-21.56894],[-41.38675,-21.568525],[-41.386125,-21.566325],[-41.380405,-21.562815],[-41.38026,-21.562695],[-41.379665,-21.561685],[-41.379385,-21.560965],[-41.371795,-21.55883],[-41.37125,-21.558545],[-41.365245,-21.55707],[-41.362135,-21.549855],[-41.361595,-21.548515],[-41.361075,-21.54176],[-41.361325,-21.541155],[-41.36196,-21.539805],[-41.3623,-21.539305],[-41.36409,-21.53566],[-41.36407,-21.535365],[-41.364715,-21.53151],[-41.373505,-21.517675],[-41.37364,-21.517115],[-41.37368,-21.51638],[-41.37364,-21.516],[-41.37366,-21.51527],[-41.373395,-21.51103],[-41.373395,-21.510655],[-41.373155,-21.507655],[-41.37315,-21.507565],[-41.373115,-21.507235],[-41.37313,-21.506565],[-41.37306,-21.50616],[-41.377195,-21.497805],[-41.37745,-21.49753],[-41.3827,-21.492495],[-41.382765,-21.492275],[-41.38254,-21.489635],[-41.382605,-21.489545],[-41.383595,-21.48882],[-41.383745,-21.488765],[-41.383865,-21.48878],[-41.38402,-21.488835],[-41.384095,-21.488865],[-41.384525,-21.48891],[-41.384755,-21.488885],[-41.384845,-21.488865],[-41.38504,-21.488785],[-41.386035,-21.48665],[-41.38595,-21.486435],[-41.386505,-21.48617],[-41.386545,-21.486085],[-41.38662,-21.485895],[-41.38678,-21.48588],[-41.38698,-21.485465],[-41.386935,-21.485325],[-41.387555,-21.484865],[-41.387545,-21.48476],[-41.387755,-21.48465],[-41.387865,-21.48467],[-41.38803,-21.48466],[-41.388165,-21.48461],[-41.388265,-21.48474],[-41.388295,-21.484965],[-41.388665,-21.48512],[-41.388745,-21.485185],[-41.388945,-21.485025],[-41.388965,-21.48493],[-41.38925,-21.48431],[-41.389315,-21.48416],[-41.39072,-21.48224],[-41.3907,-21.482165],[-41.39048,-21.481705],[-41.390455,-21.481625],[-41.389805,-21.47993],[-41.38971,-21.47992],[-41.38974,-21.47976],[-41.389865,-21.479745],[-41.39006,-21.478895],[-41.39014,-21.478875],[-41.390775,-21.478565],[-41.390875,-21.47856],[-41.391085,-21.478535],[-41.39119,-21.47849],[-41.391295,-21.47844],[-41.39143,-21.47841],[-41.39214,-21.47866],[-41.392215,-21.47868],[-41.39263,-21.478885],[-41.392625,-21.47893],[-41.393425,-21.478925],[-41.393525,-21.478895],[-41.394345,-21.478855],[-41.394535,-21.478845],[-41.39509,-21.478865],[-41.395255,-21.47885],[-41.395325,-21.4788],[-41.395415,-21.47872],[-41.39548,-21.47862],[-41.395525,-21.478465],[-41.395505,-21.478345],[-41.39545,-21.478125],[-41.395525,-21.478085],[-41.39584,-21.478055],[-41.39594,-21.477935],[-41.39584,-21.476905],[-41.39591,-21.47685],[-41.395785,-21.47631],[-41.39579,-21.476095],[-41.397435,-21.47404],[-41.39763,-21.47394],[-41.39801,-21.47365],[-41.397955,-21.473545],[-41.39805,-21.473385],[-41.39837,-21.47338],[-41.39841,-21.47294],[-41.398575,-21.472855],[-41.398685,-21.47279],[-41.398735,-21.47271],[-41.39873,-21.472685],[-41.3986,-21.47267],[-41.398335,-21.472365],[-41.398465,-21.472345],[-41.399035,-21.471745],[-41.39911,-21.47175],[-41.399275,-21.471935],[-41.39943,-21.472115],[-41.39959,-21.472175],[-41.39998,-21.471935],[-41.40007,-21.47198],[-41.40017,-21.471925],[-41.400285,-21.47175],[-41.400595,-21.47105],[-41.400685,-21.4708],[-41.404365,-21.467765],[-41.404505,-21.46779],[-41.40463,-21.467825],[-41.40492,-21.46768],[-41.405045,-21.467585],[-41.405715,-21.466845],[-41.40582,-21.466715],[-41.40596,-21.466705],[-41.405995,-21.46696],[-41.40614,-21.467065],[-41.4076,-21.467115],[-41.40778,-21.46717],[-41.407835,-21.467285],[-41.407985,-21.467515],[-41.40814,-21.46744],[-41.40911,-21.46735],[-41.409325,-21.46715],[-41.40937,-21.467075],[-41.409475,-21.466665],[-41.41112,-21.466055],[-41.41122,-21.465815],[-41.412215,-21.46548],[-41.41238,-21.465255],[-41.41272,-21.465125],[-41.41279,-21.465025],[-41.4126,-21.464795],[-41.412445,-21.4647],[-41.413165,-21.463485],[-41.413285,-21.46337],[-41.413185,-21.463105],[-41.413045,-21.46321],[-41.41287,-21.463245],[-41.412515,-21.461945],[-41.4122,-21.461795],[-41.412135,-21.46159],[-41.41184,-21.459405],[-41.411935,-21.459315],[-41.41235,-21.45943],[-41.412475,-21.45952],[-41.412945,-21.459155],[-41.412845,-21.458935],[-41.412735,-21.458905],[-41.412675,-21.45886],[-41.412635,-21.45872],[-41.41238,-21.45854],[-41.41242,-21.458075],[-41.41242,-21.45796],[-41.41238,-21.45791],[-41.41225,-21.45774],[-41.412245,-21.45603],[-41.412295,-21.45589],[-41.412385,-21.45578],[-41.41265,-21.45557],[-41.412855,-21.45521],[-41.4129,-21.455015],[-41.41206,-21.450305],[-41.41202,-21.450275],[-41.411725,-21.4498],[-41.41166,-21.4497],[-41.411475,-21.449155],[-41.411595,-21.449095],[-41.412055,-21.44862],[-41.412005,-21.448485],[-41.41191,-21.44795],[-41.411855,-21.4479],[-41.411875,-21.44784],[-41.41207,-21.447685],[-41.41353,-21.44686],[-41.4135,-21.446725],[-41.41325,-21.446],[-41.41332,-21.445735],[-41.41331,-21.445485],[-41.41328,-21.44535],[-41.413725,-21.44504],[-41.413665,-21.44492],[-41.41358,-21.44485],[-41.413365,-21.44458],[-41.4133,-21.444245],[-41.41345,-21.44414],[-41.413585,-21.443855],[-41.41342,-21.443815],[-41.41289,-21.44391],[-41.41271,-21.44391],[-41.41241,-21.443755],[-41.412405,-21.443645],[-41.41251,-21.443405],[-41.412605,-21.443385],[-41.412855,-21.44098],[-41.412725,-21.440685],[-41.414675,-21.437865],[-41.414735,-21.43794],[-41.414735,-21.43797],[-41.41481,-21.43802],[-41.414705,-21.437065],[-41.41474,-21.43691],[-41.41563,-21.437285],[-41.415685,-21.437205],[-41.415635,-21.436715],[-41.41575,-21.436605],[-41.415445,-21.43624],[-41.415495,-21.436],[-41.41633,-21.434535],[-41.416505,-21.434695],[-41.420235,-21.43224],[-41.42067,-21.431995],[-41.420805,-21.43203],[-41.421145,-21.431675],[-41.42117,-21.43139],[-41.4212,-21.431345],[-41.421405,-21.431285],[-41.42143,-21.43128],[-41.421535,-21.431095],[-41.422125,-21.431115],[-41.422205,-21.43096],[-41.4222,-21.43082],[-41.42215,-21.43061],[-41.42211,-21.430265],[-41.42221,-21.430005],[-41.42222,-21.42987],[-41.42219,-21.42964],[-41.42227,-21.429545],[-41.422275,-21.429545],[-41.42243,-21.42958],[-41.423975,-21.42793],[-41.42404,-21.42785],[-41.42583,-21.423895],[-41.42573,-21.423785],[-41.4257,-21.423335],[-41.425775,-21.423005],[-41.42731,-21.42149],[-41.427315,-21.421215],[-41.42763,-21.420915],[-41.42776,-21.42089],[-41.4281,-21.420175],[-41.42862,-21.420195],[-41.42931,-21.419445],[-41.42955,-21.41927],[-41.42975,-21.418315],[-41.4298,-21.418275],[-41.430075,-21.41831],[-41.4301,-21.418155],[-41.429855,-21.417945],[-41.42981,-21.417765],[-41.430225,-21.417765],[-41.430215,-21.417925],[-41.430305,-21.41701],[-41.430275,-21.41686],[-41.430385,-21.41658],[-41.4314,-21.41352],[-41.431545,-21.413585],[-41.431885,-21.41405],[-41.43204,-21.414085],[-41.431835,-21.4137],[-41.431835,-21.41348],[-41.433725,-21.41186],[-41.433775,-21.411775],[-41.43391,-21.41132],[-41.434015,-21.41114],[-41.43449,-21.41054],[-41.434715,-21.410495],[-41.435445,-21.411035],[-41.43554,-21.411215],[-41.43585,-21.41114],[-41.436145,-21.410875],[-41.436515,-21.410925],[-41.436585,-21.41083],[-41.437225,-21.4107],[-41.437235,-21.41083],[-41.437575,-21.411035],[-41.437855,-21.41114],[-41.44032,-21.41062],[-41.440295,-21.41081],[-41.44073,-21.411015],[-41.440885,-21.410775],[-41.44121,-21.4106],[-41.441415,-21.410815],[-41.442835,-21.410645],[-41.44287,-21.41044],[-41.44369,-21.40947],[-41.444195,-21.40952],[-41.444415,-21.409025],[-41.444475,-21.40912],[-41.445035,-21.408565],[-41.445045,-21.40845],[-41.44525,-21.40838],[-41.44528,-21.408135],[-41.445725,-21.40788],[-41.446375,-21.407525],[-41.446445,-21.4074],[-41.44863,-21.405135],[-41.44833,-21.40502],[-41.448625,-21.40401],[-41.44854,-21.4038],[-41.44992,-21.39786],[-41.55177,-21.42997],[-41.58464,-21.31621],[-41.587395,-21.312195],[-41.581025,-21.30769],[-41.57228,-21.30368],[-41.56669,-21.303115],[-41.56344,-21.299685],[-41.5551,-21.296445],[-41.554755,-21.296255],[-41.549615,-21.29315],[-41.543935,-21.28541],[-41.53743,-21.28029],[-41.53728,-21.28039],[-41.53578,-21.28134],[-41.535595,-21.281225],[-41.532875,-21.27829],[-41.52974,-21.278355],[-41.52865,-21.27622],[-41.523955,-21.27445],[-41.525135,-21.268415],[-41.525005,-21.268205],[-41.52338,-21.267195],[-41.523375,-21.266975],[-41.518795,-21.263875],[-41.51858,-21.26396],[-41.51694,-21.26278],[-41.516945,-21.263165],[-41.51426,-21.26122],[-41.51294,-21.262585],[-41.512645,-21.26256],[-41.511975,-21.26419],[-41.50953,-21.264155],[-41.509315,-21.26425],[-41.508675,-21.26515],[-41.50855,-21.265215],[-41.50825,-21.26548],[-41.507825,-21.265545],[-41.50175,-21.261735],[-41.50261,-21.26018],[-41.499205,-21.255425],[-41.49925,-21.25508],[-41.499265,-21.25475],[-41.49949,-21.25469],[-41.49819,-21.25202],[-41.49816,-21.25187],[-41.49809,-21.251715],[-41.49822,-21.25138],[-41.498405,-21.251055],[-41.498345,-21.25047],[-41.497885,-21.25044],[-41.49658,-21.248545],[-41.4967,-21.248455],[-41.49618,-21.24502],[-41.49198,-21.24324],[-41.49186,-21.243205],[-41.48928,-21.24188],[-41.48916,-21.241605],[-41.489285,-21.241185],[-41.488965,-21.240975],[-41.48657,-21.238575],[-41.486465,-21.238715],[-41.48384,-21.237345],[-41.483605,-21.236735],[-41.4831,-21.236305],[-41.48296,-21.235835],[-41.476835,-21.23337],[-41.47635,-21.233375],[-41.4729,-21.23292],[-41.4724,-21.23284],[-41.470425,-21.23142],[-41.47008,-21.231395],[-41.46963,-21.202715]]]}},{"type":"Feature","properties":{"redec":"BAIXADA LITORÂNEA","nome":"Baixada Litorânea","regiaoHidrografica":"Lagos São João/Macaé/Rio das Ostras"},"geometry":{"type":"MultiPolygon","coordinates":[[[[-41.978405,-22.978085],[-41.98284,-22.97896],[-41.992205,-22.9855],[-41.992245,-22.987325],[-41.996145,-22.988925],[-41.99611,-22.991535],[-42.00267,-22.99209],[-42.003195,-22.999425],[-42.005355,-23.002395],[-42.007475,-23.003155],[-42.01304,-22.998835],[-42.01281,-23.00235],[-42.01114,-23.00222],[-42.012155,-23.00345],[-42.006975,-23.005885],[-42.00797,-23.007575],[-42.00514,-23.008015],[-42.007085,-23.010655],[-42.00437,-23.011845],[-42.005015,-23.013825],[-42.002055,-23.012385],[-42.002615,-23.014245],[-42.000505,-23.01596],[-41.99727,-23.00859],[-41.99848,-23.00624],[-41.990215,-23.00302],[-41.98804,-23.003325],[-41.98826,-23.004805],[-41.97846,-22.99791],[-41.97862,-22.994455],[-41.974765,-22.992475],[-41.97389,-22.989775],[-41.97832,-22.983695],[-41.976725,-22.9804],[-41.978405,-22.978085]]],[[[-41.992465,-22.963055],[-41.99391,-22.968655],[-41.988405,-22.968395],[-41.985595,-22.963735],[-41.992465,-22.963055]]],[[[-41.983735,-22.890955],[-41.985695,-22.89285],[-41.989025,-22.892235],[-41.98246,-22.89702],[-41.98181,-22.899025],[-41.98345,-22.90011],[-41.980845,-22.902645],[-41.98115,-22.89975],[-41.97729,-22.901015],[-41.976335,-22.899475],[-41.979935,-22.89934],[-41.97939,-22.891455],[-41.983735,-22.890955]]],[[[-41.9396,-22.877115],[-41.94282,-22.87779],[-41.942075,-22.87992],[-41.9396,-22.877115]]],[[[-41.94997,-22.87054],[-41.953565,-22.872575],[-41.953515,-22.876145],[-41.94997,-22.87054]]],[[[-41.92039,-22.863445],[-41.91978,-22.865555],[-41.91835,-22.86409],[-41.92039,-22.863445]]],[[[-41.922705,-22.86347],[-41.92484,-22.864295],[-41.921525,-22.86419],[-41.922705,-22.86347]]],[[[-41.936335,-22.862705],[-41.945505,-22.86372],[-41.950115,-22.86993],[-41.94679,-22.87022],[-41.948065,-22.874045],[-41.94454,-22.875785],[-41.940175,-22.87349],[-41.938075,-22.868565],[-41.940105,-22.86795],[-41.935035,-22.864685],[-41.936335,-22.862705]]],[[[-41.903305,-22.851285],[-41.90604,-22.85216],[-41.90703,-22.856895],[-41.910205,-22.85761],[-41.912715,-22.86215],[-41.909485,-22.862765],[-41.909445,-22.85882],[-41.9041,-22.85996],[-41.903305,-22.851285]]],[[[-41.890075,-22.84411],[-41.8921,-22.84382],[-41.893485,-22.84587],[-41.88912,-22.844965],[-41.890075,-22.84411]]],[[[-41.82328,-22.77157],[-41.82579,-22.772005],[-41.825435,-22.776255],[-41.8197,-22.77196],[-41.82328,-22.77157]]],[[[-41.789065,-22.767795],[-41.793285,-22.769425],[-41.794245,-22.772225],[-41.784575,-22.770775],[-41.78451,-22.768975],[-41.789065,-22.767795]]],[[[-41.945575,-22.736905],[-41.946915,-22.739435],[-41.94319,-22.740785],[-41.941915,-22.738795],[-41.94438,-22.738985],[-41.945575,-22.736905]]],[[[-41.8741,-22.72955],[-41.875395,-22.73102],[-41.873095,-22.730795],[-41.8741,-22.72955]]],[[[-41.921225,-22.72163],[-41.926645,-22.723585],[-41.922135,-22.725495],[-41.919695,-22.72232],[-41.921225,-22.72163]]],[[[-41.93709,-22.53849],[-41.93789,-22.54],[-41.93594,-22.53933],[-41.93709,-22.53849]]],[[[-41.91893,-22.531855],[-41.919715,-22.53378],[-41.91789,-22.53318],[-41.91893,-22.531855]]],[[[-41.71641,-22.41676],[-41.7173,-22.41814],[-41.713015,-22.421945],[-41.712265,-22.419475],[-41.71459,-22.419555],[-41.71641,-22.41676]]],[[[-41.70199,-22.405605],[-41.705175,-22.405705],[-41.70849,-22.410295],[-41.71052,-22.409765],[-41.71094,-22.413845],[-41.709,-22.417485],[-41.702745,-22.42072],[-41.700175,-22.419155],[-41.703445,-22.412985],[-41.6986,-22.41082],[-41.70199,-22.405605]]],[[[-41.685845,-22.399155],[-41.68894,-22.39978],[-41.68592,-22.400325],[-41.685845,-22.399155]]],[[[-41.69427,-22.398665],[-41.697605,-22.399775],[-41.695075,-22.401235],[-41.69743,-22.402595],[-41.69509,-22.40528],[-41.69194,-22.404465],[-41.692215,-22.40117],[-41.690445,-22.399465],[-41.69427,-22.398665]]],[[[-41.693305,-22.396565],[-41.693975,-22.3984],[-41.691715,-22.397445],[-41.693305,-22.396565]]],[[[-41.9738,-22.13361],[-41.97829,-22.12629],[-41.99707,-22.135295],[-42.00546,-22.14335],[-42.0113,-22.143145],[-42.01941,-22.14709],[-42.0272,-22.157955],[-42.03792,-22.16034],[-42.03942,-22.15666],[-42.045045,-22.163005],[-42.05267,-22.16247],[-42.05482,-22.159555],[-42.065635,-22.16443],[-42.07225,-22.165165],[-42.07492,-22.16386],[-42.081395,-22.166765],[-42.087945,-22.170615],[-42.089185,-22.176735],[-42.0968,-22.18315],[-42.09279,-22.189465],[-42.097935,-22.194075],[-42.092515,-22.196755],[-42.093345,-22.202665],[-42.098365,-22.20189],[-42.10019,-22.20447],[-42.10506,-22.20558],[-42.10768,-22.20974],[-42.108515,-22.208505],[-42.11173,-22.20953],[-42.112795,-22.206795],[-42.11772,-22.20799],[-42.122025,-22.21198],[-42.124905,-22.21114],[-42.128125,-22.213865],[-42.131335,-22.213275],[-42.13221,-22.21125],[-42.13804,-22.210455],[-42.142295,-22.212495],[-42.148205,-22.211065],[-42.15898,-22.21507],[-42.15998,-22.21864],[-42.17127,-22.225315],[-42.172945,-22.229135],[-42.17805,-22.23291],[-42.18336,-22.24451],[-42.19291,-22.24424],[-42.19762,-22.246645],[-42.201915,-22.24999],[-42.20334,-22.25468],[-42.21055,-22.25959],[-42.210915,-22.26249],[-42.21536,-22.2672],[-42.227095,-22.274015],[-42.23295,-22.28812],[-42.23855,-22.28618],[-42.244605,-22.29035],[-42.24901,-22.295245],[-42.247895,-22.299625],[-42.25189,-22.30947],[-42.25819,-22.31111],[-42.264175,-22.31555],[-42.26154,-22.320295],[-42.25583,-22.3215],[-42.25021,-22.326355],[-42.24698,-22.325415],[-42.241845,-22.32959],[-42.23055,-22.33377],[-42.22867,-22.33707],[-42.22404,-22.33629],[-42.221705,-22.33925],[-42.215735,-22.34145],[-42.21493,-22.346695],[-42.211605,-22.35064],[-42.212485,-22.35625],[-42.208265,-22.360815],[-42.205325,-22.36913],[-42.210885,-22.36177],[-42.217225,-22.360065],[-42.21845,-22.354565],[-42.225755,-22.351895],[-42.222485,-22.35875],[-42.24027,-22.36148],[-42.24558,-22.365145],[-42.249855,-22.36471],[-42.25106,-22.36754],[-42.25455,-22.3656],[-42.257155,-22.366475],[-42.25947,-22.37227],[-42.26312,-22.372545],[-42.26544,-22.37628],[-42.26815,-22.37524],[-42.27636,-22.3792],[-42.280505,-22.38548],[-42.294175,-22.3923],[-42.288685,-22.40468],[-42.27817,-22.401905],[-42.27865,-22.403435],[-42.28953,-22.4076],[-42.292155,-22.412895],[-42.297965,-22.41292],[-42.298515,-22.415495],[-42.310605,-22.42002],[-42.31491,-22.42457],[-42.31751,-22.42239],[-42.323075,-22.422645],[-42.32393,-22.42088],[-42.328635,-22.428475],[-42.33793,-22.428965],[-42.34246,-22.42758],[-42.344725,-22.424575],[-42.35485,-22.42917],[-42.36704,-22.418665],[-42.37118,-22.42537],[-42.38957,-22.42027],[-42.390885,-22.42398],[-42.398295,-22.42398],[-42.40352,-22.429115],[-42.417045,-22.426945],[-42.4286,-22.428975],[-42.434785,-22.433295],[-42.45097,-22.43388],[-42.45559,-22.442535],[-42.464175,-22.44438],[-42.46479,-22.446735],[-42.471235,-22.44925],[-42.47885,-22.44703],[-42.481745,-22.441245],[-42.49031,-22.43888],[-42.49281,-22.435655],[-42.499965,-22.43474],[-42.508035,-22.43675],[-42.511905,-22.43485],[-42.51515,-22.43595],[-42.523555,-22.44691],[-42.529975,-22.45052],[-42.536555,-22.457695],[-42.55057,-22.455755],[-42.553455,-22.466535],[-42.563375,-22.46758],[-42.56325,-22.4722],[-42.567335,-22.47918],[-42.566125,-22.484785],[-42.57184,-22.48705],[-42.57814,-22.49409],[-42.578,-22.50208],[-42.58612,-22.514885],[-42.587505,-22.523685],[-42.59254,-22.52668],[-42.591235,-22.528915],[-42.593175,-22.533725],[-42.596145,-22.535275],[-42.59882,-22.540205],[-42.60336,-22.54071],[-42.564845,-22.62021],[-42.565595,-22.621765],[-42.56932,-22.62288],[-42.572175,-22.626275],[-42.57743,-22.62352],[-42.585875,-22.625235],[-42.58726,-22.627815],[-42.59351,-22.630375],[-42.59599,-22.63486],[-42.60158,-22.63739],[-42.604075,-22.64134],[-42.612075,-22.645525],[-42.61353,-22.649935],[-42.61897,-22.651415],[-42.620025,-22.654085],[-42.625935,-22.657195],[-42.637405,-22.648465],[-42.63878,-22.64487],[-42.63742,-22.643415],[-42.640245,-22.64321],[-42.64136,-22.641025],[-42.645935,-22.644805],[-42.648435,-22.64206],[-42.65396,-22.643375],[-42.65647,-22.641775],[-42.662825,-22.64416],[-42.668005,-22.636735],[-42.67283,-22.63778],[-42.67506,-22.64081],[-42.686485,-22.64053],[-42.688355,-22.642375],[-42.69311,-22.64259],[-42.69084,-22.654075],[-42.69384,-22.65561],[-42.69294,-22.65666],[-42.699025,-22.658705],[-42.700615,-22.660935],[-42.6989,-22.66336],[-42.703915,-22.663575],[-42.709255,-22.67036],[-42.714275,-22.67029],[-42.716715,-22.67502],[-42.735285,-22.67906],[-42.7378,-22.683165],[-42.74722,-22.686535],[-42.708895,-22.723415],[-42.70524,-22.723235],[-42.703525,-22.72597],[-42.700405,-22.726745],[-42.6982,-22.738045],[-42.69512,-22.742005],[-42.69404,-22.753325],[-42.686485,-22.758995],[-42.69034,-22.76174],[-42.68486,-22.76794],[-42.676065,-22.769765],[-42.675545,-22.77397],[-42.68226,-22.780125],[-42.685415,-22.78011],[-42.687955,-22.78438],[-42.68616,-22.78786],[-42.688045,-22.792985],[-42.679475,-22.79471],[-42.67997,-22.7964],[-42.677955,-22.79778],[-42.67254,-22.79597],[-42.6593,-22.79899],[-42.658205,-22.80092],[-42.65909,-22.80223],[-42.66675,-22.80222],[-42.663265,-22.80404],[-42.666665,-22.8102],[-42.66997,-22.81163],[-42.669735,-22.81541],[-42.665155,-22.81752],[-42.66826,-22.82198],[-42.663215,-22.8227],[-42.664265,-22.82445],[-42.662645,-22.826195],[-42.657945,-22.82404],[-42.656155,-22.828425],[-42.668915,-22.84464],[-42.661835,-22.8466],[-42.66012,-22.849075],[-42.64608,-22.8446],[-42.643355,-22.85127],[-42.645865,-22.85533],[-42.65299,-22.855725],[-42.65994,-22.85901],[-42.66187,-22.863455],[-42.674095,-22.873175],[-42.67719,-22.877725],[-42.67639,-22.88803],[-42.678955,-22.896135],[-42.673885,-22.90365],[-42.67963,-22.908795],[-42.670235,-22.911035],[-42.655215,-22.90385],[-42.646585,-22.907865],[-42.63807,-22.91787],[-42.63419,-22.919735],[-42.64121,-22.93754],[-42.601605,-22.93364],[-42.566685,-22.932705],[-42.5059,-22.934005],[-42.496595,-22.935045],[-42.491975,-22.93828],[-42.48739,-22.93593],[-42.474595,-22.93791],[-42.455755,-22.93488],[-42.36128,-22.93547],[-42.22839,-22.941755],[-42.11988,-22.949995],[-42.0739,-22.955525],[-42.044845,-22.963365],[-42.03327,-22.97178],[-42.03224,-22.975625],[-42.03529,-22.97658],[-42.03522,-22.97901],[-42.033185,-22.978985],[-42.03008,-22.983085],[-42.024305,-22.982],[-42.017615,-22.986175],[-42.01797,-22.99064],[-42.01537,-22.9911],[-42.0162,-22.99462],[-42.012755,-22.997445],[-42.012825,-22.987915],[-42.008955,-22.98605],[-42.007905,-22.983295],[-42.01046,-22.980925],[-42.01045,-22.978305],[-42.019725,-22.97914],[-42.020045,-22.971315],[-42.018435,-22.969665],[-42.018065,-22.971675],[-42.0137,-22.971295],[-42.01331,-22.97354],[-42.01193,-22.969975],[-42.016195,-22.96793],[-42.01327,-22.963995],[-42.007445,-22.965785],[-42.00351,-22.96975],[-42.00251,-22.965395],[-41.998195,-22.96507],[-41.99482,-22.961865],[-41.999,-22.95851],[-42.004105,-22.95934],[-42.00674,-22.96233],[-42.009455,-22.96001],[-42.008125,-22.95463],[-42.00191,-22.951555],[-42.001885,-22.94987],[-42.012475,-22.95308],[-42.0179,-22.960095],[-42.022365,-22.960905],[-42.026835,-22.95633],[-42.02407,-22.954405],[-42.024885,-22.952335],[-42.02298,-22.950495],[-42.024955,-22.949425],[-42.02269,-22.946395],[-42.026985,-22.94689],[-42.02817,-22.945255],[-42.03196,-22.946855],[-42.033675,-22.945185],[-42.0368,-22.93677],[-42.03733,-22.9217],[-42.033915,-22.90867],[-42.028675,-22.898425],[-42.013805,-22.8834],[-42.00841,-22.88323],[-42.0072,-22.885],[-42.00849,-22.885545],[-42.005855,-22.885865],[-42.004285,-22.889535],[-42.00141,-22.88986],[-41.99864,-22.884715],[-41.991925,-22.881815],[-41.98967,-22.88275],[-41.98398,-22.87325],[-41.979795,-22.87358],[-41.979575,-22.870855],[-41.98227,-22.8714],[-41.983145,-22.8685],[-41.978195,-22.867895],[-41.977705,-22.865045],[-41.98182,-22.866985],[-41.983915,-22.865095],[-41.98631,-22.859915],[-41.98648,-22.853265],[-41.979565,-22.83538],[-41.970805,-22.8234],[-41.96357,-22.819],[-41.958605,-22.81946],[-41.95374,-22.81452],[-41.94738,-22.81269],[-41.94282,-22.813965],[-41.942135,-22.810175],[-41.94028,-22.80941],[-41.93317,-22.80984],[-41.932375,-22.81268],[-41.930745,-22.813705],[-41.929745,-22.812355],[-41.92818,-22.814455],[-41.925325,-22.80831],[-41.930685,-22.80624],[-41.93064,-22.80237],[-41.921815,-22.78712],[-41.91345,-22.780455],[-41.907775,-22.77822],[-41.90378,-22.779805],[-41.90357,-22.78366],[-41.898645,-22.78139],[-41.898415,-22.78376],[-41.89474,-22.78612],[-41.890315,-22.780515],[-41.888175,-22.78081],[-41.886495,-22.777205],[-41.883585,-22.784795],[-41.881145,-22.78432],[-41.88222,-22.777475],[-41.88524,-22.773855],[-41.88824,-22.774105],[-41.888705,-22.77069],[-41.883805,-22.76865],[-41.88141,-22.77493],[-41.877955,-22.77585],[-41.87679,-22.769545],[-41.8789,-22.765305],[-41.876385,-22.761475],[-41.87471,-22.76175],[-41.87554,-22.76572],[-41.87322,-22.76623],[-41.871,-22.76116],[-41.869535,-22.763285],[-41.866215,-22.76189],[-41.86376,-22.754955],[-41.86689,-22.75284],[-41.869645,-22.755915],[-41.873545,-22.754105],[-41.872705,-22.748095],[-41.86812,-22.74259],[-41.8724,-22.73737],[-41.874555,-22.738045],[-41.87398,-22.74123],[-41.875885,-22.742285],[-41.88023,-22.73997],[-41.882605,-22.74091],[-41.881795,-22.74225],[-41.883955,-22.744685],[-41.88162,-22.744995],[-41.88285,-22.74706],[-41.881525,-22.74885],[-41.885885,-22.754425],[-41.894735,-22.75414],[-41.89778,-22.749345],[-41.902535,-22.756405],[-41.908935,-22.755485],[-41.911165,-22.756745],[-41.90791,-22.762175],[-41.91058,-22.768395],[-41.9165,-22.771505],[-41.925435,-22.770485],[-41.93558,-22.7649],[-41.945635,-22.754285],[-41.95801,-22.73531],[-41.954805,-22.731715],[-41.96486,-22.733125],[-41.971155,-22.72921],[-41.97505,-22.72898],[-41.98137,-22.722845],[-41.988565,-22.70898],[-41.99408,-22.6893],[-41.99794,-22.664025],[-41.9997,-22.63275],[-41.996165,-22.60185],[-41.991945,-22.59718],[-41.99138,-22.599365],[-41.98918,-22.59852],[-41.984045,-22.5763],[-41.975535,-22.55405],[-41.966075,-22.539015],[-41.95767,-22.531685],[-41.956185,-22.5326],[-41.943025,-22.528135],[-41.940915,-22.52979],[-41.941685,-22.53164],[-41.937635,-22.53303],[-41.937815,-22.536365],[-41.932505,-22.537535],[-41.92776,-22.531085],[-41.925875,-22.529655],[-41.92462,-22.530715],[-41.922365,-22.526675],[-41.9201,-22.52643],[-41.92031,-22.52368],[-41.913965,-22.51289],[-41.89332,-22.48846],[-41.88755,-22.485775],[-41.882665,-22.488775],[-41.876865,-22.487925],[-41.87766,-22.48594],[-41.875305,-22.48386],[-41.873055,-22.48442],[-41.87304,-22.48111],[-41.866545,-22.47753],[-41.864335,-22.478685],[-41.86338,-22.47625],[-41.86134,-22.477045],[-41.862415,-22.47292],[-41.85953,-22.470165],[-41.861865,-22.468195],[-41.85811,-22.45785],[-41.854265,-22.45429],[-41.854465,-22.44929],[-41.839125,-22.43259],[-41.81259,-22.413535],[-41.794825,-22.405565],[-41.786435,-22.39762],[-41.77154,-22.389715],[-41.768525,-22.38933],[-41.767925,-22.390865],[-41.76617,-22.38434],[-41.769975,-22.38637],[-41.77115,-22.384245],[-41.765545,-22.376985],[-41.76789,-22.375005],[-41.77005,-22.376925],[-41.77355,-22.37386],[-41.775635,-22.374745],[-41.777075,-22.3707],[-41.775975,-22.37019],[-41.77515,-22.37392],[-41.773485,-22.364055],[-41.765495,-22.354585],[-41.756815,-22.348005],[-41.739225,-22.33907],[-41.712585,-22.316645],[-41.6885,-22.29964],[-41.693885,-22.288745],[-41.69855,-22.28367],[-41.69794,-22.28188],[-41.703345,-22.279635],[-41.705455,-22.27616],[-41.705195,-22.27153],[-41.70835,-22.26469],[-41.704325,-22.25221],[-41.77112,-22.18088],[-41.824715,-22.14601],[-41.819405,-22.186235],[-41.8293,-22.19025],[-41.839995,-22.19878],[-41.84047,-22.209185],[-41.846145,-22.21623],[-41.84824,-22.23614],[-41.8598,-22.26468],[-41.856735,-22.286585],[-41.890275,-22.26866],[-41.915975,-22.23729],[-41.917565,-22.22336],[-41.91605,-22.21582],[-41.917525,-22.211755],[-41.913555,-22.20828],[-41.90614,-22.2057],[-41.90118,-22.19017],[-41.9034,-22.185215],[-41.912085,-22.186195],[-41.907975,-22.17875],[-41.908845,-22.174815],[-41.91298,-22.169795],[-41.91944,-22.17134],[-41.91958,-22.16267],[-41.93369,-22.16412],[-41.93855,-22.162355],[-41.93955,-22.158995],[-41.946345,-22.15972],[-41.9515,-22.152385],[-41.95626,-22.154505],[-41.958985,-22.15204],[-41.9633,-22.153895],[-41.96705,-22.152915],[-41.974595,-22.165355],[-41.97304,-22.15154],[-41.971245,-22.149075],[-41.9723,-22.139455],[-41.970545,-22.136585],[-41.9738,-22.13361]]]]}},{"type":"Feature","properties":{"redec":"SERRANA I","nome":"Serrana I","regiaoHidrografica":"Piabanha"},"geometry":{"type":"Polygon","coordinates":[[[-42.72768,-22.355615],[-42.722395,-22.352325],[-42.72488,-22.34755],[-42.724575,-22.34139],[-42.726655,-22.335855],[-42.725125,-22.33661],[-42.719175,-22.332135],[-42.71774,-22.32801],[-42.719825,-22.32346],[-42.726285,-22.318215],[-42.726145,-22.316215],[-42.72221,-22.311775],[-42.723035,-22.309935],[-42.71101,-22.28728],[-42.71756,-22.28063],[-42.7167,-22.26987],[-42.71399,-22.26614],[-42.71039,-22.266735],[-42.705885,-22.263265],[-42.701295,-22.25651],[-42.69581,-22.253655],[-42.690145,-22.25352],[-42.68567,-22.249125],[-42.68507,-22.245415],[-42.677585,-22.2426],[-42.674385,-22.231635],[-42.67012,-22.225335],[-42.670965,-22.223085],[-42.66848,-22.22028],[-42.661505,-22.218495],[-42.658355,-22.215675],[-42.660365,-22.212625],[-42.659395,-22.209885],[-42.656205,-22.2087],[-42.653515,-22.212805],[-42.650545,-22.21377],[-42.64273,-22.210045],[-42.646145,-22.205505],[-42.63987,-22.20338],[-42.63845,-22.201125],[-42.64183,-22.197115],[-42.64177,-22.187255],[-42.63709,-22.187775],[-42.632465,-22.185445],[-42.62639,-22.18742],[-42.62393,-22.19164],[-42.618775,-22.19211],[-42.61145,-22.1964],[-42.605815,-22.193055],[-42.603525,-22.189075],[-42.60399,-22.185335],[-42.60066,-22.18628],[-42.59937,-22.182085],[-42.59395,-22.18187],[-42.59346,-22.17801],[-42.58348,-22.17659],[-42.573855,-22.18121],[-42.571095,-22.176945],[-42.566065,-22.17949],[-42.56369,-22.177935],[-42.564325,-22.17371],[-42.56133,-22.17096],[-42.557615,-22.170955],[-42.55537,-22.17316],[-42.5551,-22.169415],[-42.559385,-22.16085],[-42.564805,-22.16013],[-42.57342,-22.163495],[-42.57724,-22.1407],[-42.587215,-22.139815],[-42.59006,-22.1419],[-42.5937,-22.14177],[-42.60017,-22.13796],[-42.60362,-22.14057],[-42.609155,-22.14056],[-42.6178,-22.13335],[-42.61082,-22.13102],[-42.607045,-22.12705],[-42.61001,-22.12067],[-42.606045,-22.118325],[-42.603325,-22.11067],[-42.594775,-22.111175],[-42.5914,-22.1059],[-42.597615,-22.09672],[-42.604045,-22.097285],[-42.606795,-22.091445],[-42.603465,-22.083685],[-42.60054,-22.08333],[-42.598875,-22.07807],[-42.595425,-22.078625],[-42.59041,-22.07564],[-42.58733,-22.07596],[-42.587015,-22.07371],[-42.573855,-22.064265],[-42.575805,-22.060585],[-42.57428,-22.057505],[-42.57758,-22.05445],[-42.57906,-22.04756],[-42.573,-22.0484],[-42.57219,-22.04553],[-42.566,-22.043235],[-42.56306,-22.02939],[-42.5699,-22.025625],[-42.575575,-22.02725],[-42.576295,-22.02581],[-42.5751,-22.0198],[-42.57244,-22.018385],[-42.57168,-22.01018],[-42.56681,-22.00808],[-42.56443,-22.00303],[-42.56052,-22.003575],[-42.56058,-21.998535],[-42.55392,-22.000905],[-42.5479,-21.999635],[-42.548925,-21.994855],[-42.54616,-21.9921],[-42.551025,-21.99141],[-42.54681,-21.984485],[-42.549445,-21.977665],[-42.552955,-21.9748],[-42.552685,-21.968805],[-42.55695,-21.965645],[-42.555625,-21.96044],[-42.558535,-21.95742],[-42.55589,-21.951595],[-42.55116,-21.953175],[-42.548555,-21.951145],[-42.54888,-21.94643],[-42.545695,-21.943185],[-42.546675,-21.938395],[-42.54484,-21.933805],[-42.546215,-21.929505],[-42.540055,-21.929585],[-42.53679,-21.922615],[-42.53861,-21.91656],[-42.53481,-21.913205],[-42.535155,-21.91021],[-42.53138,-21.910325],[-42.527375,-21.906365],[-42.524265,-21.91028],[-42.518645,-21.912565],[-42.51169,-21.912085],[-42.51103,-21.90789],[-42.49408,-21.90229],[-42.49119,-21.897445],[-42.486665,-21.898055],[-42.479985,-21.891865],[-42.474025,-21.8932],[-42.47061,-21.891735],[-42.45764,-21.879075],[-42.448725,-21.87638],[-42.44564,-21.87799],[-42.44405,-21.876915],[-42.442945,-21.87976],[-42.43961,-21.87944],[-42.43666,-21.877535],[-42.43547,-21.87369],[-42.430225,-21.871195],[-42.43536,-21.86399],[-42.45334,-21.85148],[-42.45215,-21.84699],[-42.449085,-21.84731],[-42.44669,-21.843875],[-42.44391,-21.844305],[-42.442945,-21.841625],[-42.43983,-21.840755],[-42.447605,-21.8326],[-42.43959,-21.829325],[-42.44582,-21.824175],[-42.449085,-21.825115],[-42.448495,-21.8197],[-42.452385,-21.81573],[-42.45445,-21.817615],[-42.45738,-21.81631],[-42.46524,-21.805075],[-42.463205,-21.80431],[-42.46895,-21.79837],[-42.461995,-21.79558],[-42.463805,-21.792205],[-42.459195,-21.78901],[-42.459445,-21.78411],[-42.50345,-21.805045],[-42.60582,-21.84625],[-42.60533,-21.850545],[-42.610125,-21.854425],[-42.628275,-21.85888],[-42.640445,-21.865995],[-42.65374,-21.867865],[-42.68759,-21.880095],[-42.74505,-21.910955],[-42.78849,-21.929995],[-42.810655,-21.93786],[-42.81612,-21.936525],[-42.841555,-21.94795],[-42.844625,-21.946715],[-42.8537,-21.948835],[-42.881425,-21.959265],[-42.88289,-21.96245],[-42.87847,-21.965775],[-42.893605,-21.97517],[-42.89901,-21.980135],[-42.89719,-21.98254],[-42.907645,-21.98999],[-42.921545,-21.995085],[-42.94144,-22.00571],[-42.94755,-22.00528],[-42.95968,-22.01438],[-42.96752,-22.013415],[-42.97594,-22.021605],[-42.984415,-22.02616],[-42.98582,-22.03015],[-42.993975,-22.036945],[-43.00207,-22.032725],[-43.006475,-22.03458],[-43.01003,-22.03918],[-43.00805,-22.042105],[-43.009475,-22.0448],[-43.003885,-22.048445],[-43.010095,-22.05603],[-43.006575,-22.070355],[-43.01093,-22.0758],[-43.013495,-22.075355],[-43.013045,-22.081595],[-43.01627,-22.08585],[-42.969595,-22.088405],[-42.97386,-22.09724],[-42.967495,-22.10494],[-42.9683,-22.10773],[-42.965055,-22.11492],[-42.966155,-22.116595],[-42.964325,-22.126425],[-42.95495,-22.13885],[-43.001505,-22.153955],[-43.004105,-22.14928],[-43.00947,-22.14951],[-43.013415,-22.146745],[-43.01723,-22.148265],[-43.020765,-22.16181],[-43.0405,-22.18867],[-43.038875,-22.192095],[-43.04163,-22.193505],[-43.04543,-22.20047],[-43.047765,-22.208615],[-43.05894,-22.189905],[-43.05054,-22.18142],[-43.04647,-22.179125],[-43.042625,-22.1799],[-43.039385,-22.169505],[-43.037095,-22.16994],[-43.033985,-22.16674],[-43.03918,-22.16283],[-43.051665,-22.16659],[-43.05452,-22.16498],[-43.0582,-22.168685],[-43.068055,-22.172285],[-43.071875,-22.176615],[-43.078195,-22.177865],[-43.08151,-22.18169],[-43.08738,-22.18443],[-43.09307,-22.18317],[-43.095095,-22.18911],[-43.103005,-22.18766],[-43.10645,-22.198645],[-43.10938,-22.19995],[-43.12118,-22.19873],[-43.12473,-22.19454],[-43.131555,-22.190875],[-43.13372,-22.19412],[-43.13784,-22.19537],[-43.15535,-22.190625],[-43.15963,-22.19286],[-43.16189,-22.210865],[-43.1639,-22.21468],[-43.167275,-22.214665],[-43.166665,-22.218385],[-43.164785,-22.219155],[-43.165705,-22.22227],[-43.16325,-22.222755],[-43.165285,-22.228185],[-43.1698,-22.23252],[-43.169985,-22.238735],[-43.173195,-22.243185],[-43.171605,-22.244875],[-43.174105,-22.251005],[-43.17323,-22.256455],[-43.177235,-22.264495],[-43.17508,-22.265675],[-43.17682,-22.277865],[-43.1828,-22.2964],[-43.177335,-22.29736],[-43.177675,-22.299615],[-43.183395,-22.30203],[-43.188335,-22.30142],[-43.19981,-22.303775],[-43.205745,-22.301365],[-43.207365,-22.298575],[-43.211805,-22.29989],[-43.216305,-22.30556],[-43.22482,-22.305135],[-43.226375,-22.309915],[-43.23118,-22.30886],[-43.23542,-22.31166],[-43.239155,-22.306475],[-43.23805,-22.30478],[-43.240555,-22.30336],[-43.247015,-22.30672],[-43.249685,-22.31364],[-43.255,-22.31444],[-43.26331,-22.32096],[-43.2645,-22.32456],[-43.26021,-22.32893],[-43.26132,-22.33366],[-43.26823,-22.333685],[-43.26853,-22.3412],[-43.27235,-22.342885],[-43.276895,-22.349575],[-43.27833,-22.35616],[-43.287705,-22.370685],[-43.296205,-22.37236],[-43.299625,-22.3699],[-43.301515,-22.37353],[-43.30481,-22.37457],[-43.305255,-22.377835],[-43.31001,-22.378135],[-43.31605,-22.381315],[-43.318095,-22.383965],[-43.319125,-22.39162],[-43.326895,-22.395435],[-43.32651,-22.401315],[-43.3289,-22.40325],[-43.336295,-22.40342],[-43.334495,-22.40836],[-43.33759,-22.40993],[-43.337995,-22.414745],[-43.34432,-22.41799],[-43.353275,-22.41715],[-43.360965,-22.419595],[-43.361365,-22.42569],[-43.365325,-22.426355],[-43.374175,-22.434455],[-43.37134,-22.44067],[-43.37376,-22.443245],[-43.377265,-22.442995],[-43.37609,-22.4451],[-43.371595,-22.44526],[-43.37027,-22.451715],[-43.365735,-22.4537],[-43.36416,-22.45043],[-43.35873,-22.450745],[-43.352055,-22.448465],[-43.34902,-22.452565],[-43.345345,-22.45078],[-43.335945,-22.454505],[-43.33046,-22.45336],[-43.326005,-22.458125],[-43.320345,-22.459005],[-43.31321,-22.454515],[-43.30875,-22.45614],[-43.30622,-22.45507],[-43.305375,-22.456705],[-43.298665,-22.451105],[-43.297975,-22.45538],[-43.294735,-22.457745],[-43.289795,-22.457785],[-43.28849,-22.46019],[-43.28864,-22.462725],[-43.292895,-22.465525],[-43.297415,-22.464295],[-43.30019,-22.46913],[-43.30192,-22.47389],[-43.296375,-22.475715],[-43.23852,-22.511525],[-43.23672,-22.515555],[-43.23356,-22.516575],[-43.2316,-22.514385],[-43.2288,-22.51775],[-43.226595,-22.51624],[-43.2248,-22.52128],[-43.22239,-22.521565],[-43.226515,-22.5295],[-43.230875,-22.52761],[-43.231225,-22.52438],[-43.234255,-22.52275],[-43.246005,-22.52703],[-43.26261,-22.55904],[-43.256785,-22.572585],[-43.22506,-22.563615],[-43.19815,-22.553135],[-43.18261,-22.55322],[-43.162045,-22.547155],[-43.14892,-22.539695],[-43.131275,-22.53379],[-43.12639,-22.534395],[-43.1228,-22.53101],[-43.117935,-22.530655],[-43.110705,-22.53485],[-43.105255,-22.532295],[-43.095985,-22.522895],[-43.08946,-22.52104],[-43.087045,-22.51715],[-43.076325,-22.51098],[-43.075525,-22.507155],[-43.072595,-22.504775],[-43.07063,-22.500535],[-43.072025,-22.496515],[-43.076775,-22.49017],[-43.081095,-22.489565],[-43.079675,-22.48741],[-43.066125,-22.486005],[-43.055015,-22.481335],[-43.054785,-22.47833],[-43.05813,-22.475085],[-43.054895,-22.470435],[-43.05531,-22.46776],[-43.05025,-22.465225],[-43.04731,-22.46021],[-43.043605,-22.4595],[-43.040385,-22.456425],[-43.036035,-22.459465],[-43.035015,-22.46249],[-43.02557,-22.460315],[-43.02439,-22.46281],[-43.019375,-22.46301],[-43.01649,-22.4671],[-43.009575,-22.46277],[-42.99982,-22.459675],[-42.99609,-22.461675],[-42.984795,-22.46266],[-42.976685,-22.470935],[-42.970585,-22.47117],[-42.96378,-22.464155],[-42.95584,-22.465745],[-42.955145,-22.45774],[-42.945385,-22.45519],[-42.94077,-22.45717],[-42.933805,-22.449335],[-42.92991,-22.448095],[-42.924905,-22.453975],[-42.91819,-22.451005],[-42.912555,-22.45637],[-42.90579,-22.454785],[-42.897745,-22.45903],[-42.894095,-22.45733],[-42.89025,-22.45871],[-42.890355,-22.4551],[-42.885285,-22.453565],[-42.880245,-22.448815],[-42.87381,-22.449375],[-42.871565,-22.446105],[-42.874855,-22.4426],[-42.86867,-22.43726],[-42.868855,-22.431925],[-42.857385,-22.426285],[-42.850685,-22.42584],[-42.851975,-22.421045],[-42.85065,-22.417515],[-42.852405,-22.416915],[-42.84,-22.411335],[-42.83687,-22.41302],[-42.827005,-22.41295],[-42.822335,-22.40892],[-42.82178,-22.40609],[-42.81054,-22.40523],[-42.80871,-22.40047],[-42.81109,-22.397765],[-42.811565,-22.39298],[-42.815175,-22.3915],[-42.813085,-22.388955],[-42.8023,-22.387045],[-42.803415,-22.378685],[-42.79349,-22.375445],[-42.790065,-22.378345],[-42.787035,-22.37783],[-42.780385,-22.3815],[-42.774755,-22.380695],[-42.767605,-22.38439],[-42.76311,-22.37796],[-42.755805,-22.37766],[-42.75179,-22.373485],[-42.74589,-22.37375],[-42.73901,-22.370495],[-42.740025,-22.361005],[-42.72768,-22.355615]]]}},{"type":"Feature","properties":{"redec":"SUL I","nome":"Sul I","regiaoHidrografica":"Médio Paraíba do Sul"},"geometry":{"type":"Polygon","coordinates":[[[-43.00207,-22.032725],[-43.0014,-22.030925],[-43.0056,-22.0298],[-43.022435,-22.039735],[-43.03899,-22.044715],[-43.037505,-22.05485],[-43.03219,-22.05904],[-43.03147,-22.061],[-43.03339,-22.06305],[-43.03205,-22.064495],[-43.047315,-22.07808],[-43.05886,-22.083965],[-43.063785,-22.08903],[-43.07511,-22.09334],[-43.076585,-22.083505],[-43.089185,-22.087465],[-43.106815,-22.082555],[-43.115245,-22.08448],[-43.122335,-22.089865],[-43.126825,-22.104585],[-43.136215,-22.109075],[-43.14282,-22.103435],[-43.14585,-22.097055],[-43.14657,-22.08966],[-43.151365,-22.088125],[-43.14961,-22.080385],[-43.15443,-22.07734],[-43.1538,-22.074255],[-43.132495,-22.05822],[-43.134875,-22.0554],[-43.13421,-22.052265],[-43.127485,-22.04605],[-43.12976,-22.04395],[-43.12799,-22.042315],[-43.129965,-22.04202],[-43.12875,-22.03675],[-43.130845,-22.03609],[-43.128545,-22.02931],[-43.136035,-22.02967],[-43.142755,-22.03356],[-43.14637,-22.0306],[-43.154035,-22.03276],[-43.163285,-22.028675],[-43.16414,-22.02724],[-43.16226,-22.02546],[-43.1642,-22.0227],[-43.170645,-22.022135],[-43.177875,-22.028725],[-43.18965,-22.031185],[-43.192345,-22.034365],[-43.20171,-22.03733],[-43.204015,-22.036655],[-43.2049,-22.03402],[-43.201735,-22.02935],[-43.202005,-22.02547],[-43.20703,-22.029505],[-43.220985,-22.0338],[-43.231605,-22.02452],[-43.236225,-22.024045],[-43.23418,-22.014415],[-43.2453,-22.00663],[-43.25503,-22.01192],[-43.26159,-22.00789],[-43.26493,-22.00878],[-43.267795,-22.01212],[-43.27938,-22.01066],[-43.2834,-22.01393],[-43.29496,-22.01644],[-43.297365,-22.02036],[-43.302255,-22.02109],[-43.30829,-22.018125],[-43.309555,-22.01565],[-43.31675,-22.01689],[-43.316165,-22.008065],[-43.31905,-22.00559],[-43.324655,-22.006275],[-43.330305,-22.010785],[-43.33691,-22.009045],[-43.33936,-22.010465],[-43.343155,-22.00496],[-43.3423,-22.00308],[-43.345395,-22.004325],[-43.34867,-22.002245],[-43.350955,-22.008465],[-43.36512,-22.010565],[-43.368435,-22.020775],[-43.393485,-22.035325],[-43.39808,-22.04029],[-43.40505,-22.0426],[-43.410445,-22.04868],[-43.416385,-22.04957],[-43.41897,-22.05402],[-43.42898,-22.05497],[-43.433735,-22.058675],[-43.44383,-22.06177],[-43.44838,-22.067145],[-43.45297,-22.06679],[-43.456945,-22.07036],[-43.464045,-22.072795],[-43.47592,-22.06922],[-43.48304,-22.073245],[-43.50417,-22.07509],[-43.50678,-22.072715],[-43.50434,-22.069685],[-43.5048,-22.06609],[-43.5072,-22.061665],[-43.51269,-22.05895],[-43.518375,-22.060895],[-43.52237,-22.070515],[-43.524795,-22.07216],[-43.541225,-22.0792],[-43.54783,-22.079005],[-43.559835,-22.083885],[-43.56004,-22.087565],[-43.56176,-22.088445],[-43.56596,-22.087875],[-43.5685,-22.077305],[-43.57436,-22.078295],[-43.581015,-22.070615],[-43.583895,-22.071185],[-43.583365,-22.056675],[-43.585435,-22.05155],[-43.58767,-22.054975],[-43.592155,-22.056225],[-43.594595,-22.060465],[-43.59924,-22.058955],[-43.59829,-22.064675],[-43.60328,-22.0726],[-43.60761,-22.07222],[-43.60902,-22.07022],[-43.610965,-22.071025],[-43.61297,-22.08227],[-43.620455,-22.08408],[-43.62275,-22.07821],[-43.62068,-22.075215],[-43.62775,-22.077385],[-43.63662,-22.072425],[-43.635805,-22.069365],[-43.637525,-22.06786],[-43.64659,-22.064875],[-43.65304,-22.066835],[-43.656485,-22.07333],[-43.66577,-22.07447],[-43.66539,-22.083025],[-43.671995,-22.09029],[-43.68025,-22.080455],[-43.680955,-22.075935],[-43.6793,-22.07468],[-43.682055,-22.07425],[-43.681385,-22.07159],[-43.688025,-22.07314],[-43.6913,-22.07086],[-43.69657,-22.077005],[-43.70252,-22.07825],[-43.70825,-22.07565],[-43.71024,-22.081565],[-43.71471,-22.082415],[-43.719875,-22.08067],[-43.72498,-22.08909],[-43.73381,-22.097035],[-43.73751,-22.09426],[-43.741215,-22.09541],[-43.742955,-22.092615],[-43.746955,-22.093385],[-43.74552,-22.08841],[-43.752075,-22.08784],[-43.75432,-22.08261],[-43.760385,-22.081395],[-43.76134,-22.079435],[-43.756165,-22.077925],[-43.75581,-22.07608],[-43.763505,-22.07355],[-43.765725,-22.062255],[-43.768075,-22.067585],[-43.777005,-22.06624],[-43.77949,-22.068095],[-43.77905,-22.07055],[-43.78163,-22.07155],[-43.78283,-22.07012],[-43.78892,-22.07292],[-43.789685,-22.07626],[-43.79946,-22.082565],[-43.81099,-22.08216],[-43.813315,-22.08361],[-43.81001,-22.084655],[-43.81045,-22.08576],[-43.81477,-22.0871],[-43.81933,-22.086085],[-43.82349,-22.090515],[-43.83057,-22.090945],[-43.834845,-22.09578],[-43.84093,-22.09669],[-43.842165,-22.099575],[-43.850985,-22.09874],[-43.85432,-22.095565],[-43.858,-22.095045],[-43.863485,-22.100335],[-43.87014,-22.100235],[-43.87069,-22.104485],[-43.87447,-22.100665],[-43.87821,-22.101125],[-43.879355,-22.09961],[-43.88066,-22.10193],[-43.8797,-22.11405],[-43.892525,-22.1136],[-43.8962,-22.117675],[-43.92035,-22.12525],[-43.92755,-22.13028],[-43.93301,-22.129525],[-43.942645,-22.132535],[-43.945055,-22.13666],[-43.948955,-22.13659],[-43.95371,-22.14239],[-43.96514,-22.13946],[-43.970015,-22.143405],[-43.979175,-22.147035],[-43.97713,-22.15029],[-43.98934,-22.150895],[-43.989715,-22.153185],[-43.99302,-22.1549],[-43.993515,-22.15903],[-43.99824,-22.156035],[-44.00474,-22.162625],[-44.01121,-22.15985],[-44.01462,-22.153705],[-44.02022,-22.15382],[-44.02237,-22.15156],[-44.02639,-22.150975],[-44.0292,-22.15409],[-44.03426,-22.152375],[-44.039495,-22.155755],[-44.0412,-22.160685],[-44.04445,-22.15938],[-44.048515,-22.162165],[-44.05243,-22.15897],[-44.05428,-22.1609],[-44.060185,-22.160195],[-44.07121,-22.16383],[-44.07288,-22.16976],[-44.077345,-22.1717],[-44.075705,-22.175085],[-44.080815,-22.17421],[-44.084005,-22.17548],[-44.087145,-22.184585],[-44.090745,-22.179415],[-44.08968,-22.175145],[-44.09545,-22.17552],[-44.10039,-22.17299],[-44.105295,-22.17798],[-44.103165,-22.180015],[-44.1037,-22.18401],[-44.108335,-22.18352],[-44.111885,-22.188455],[-44.11717,-22.189875],[-44.11958,-22.18667],[-44.12321,-22.18756],[-44.121015,-22.19541],[-44.125245,-22.19993],[-44.123045,-22.20553],[-44.12041,-22.20715],[-44.12156,-22.208995],[-44.126555,-22.2086],[-44.127475,-22.212255],[-44.13358,-22.210275],[-44.135755,-22.212045],[-44.134115,-22.214845],[-44.13848,-22.215565],[-44.14175,-22.220385],[-44.1456,-22.213665],[-44.148435,-22.212565],[-44.15199,-22.218565],[-44.150425,-22.222855],[-44.153225,-22.22701],[-44.158515,-22.224985],[-44.159085,-22.22855],[-44.16417,-22.2305],[-44.163745,-22.2331],[-44.16737,-22.231515],[-44.16503,-22.23003],[-44.166625,-22.227235],[-44.173955,-22.230565],[-44.17741,-22.226625],[-44.18113,-22.22912],[-44.18074,-22.23362],[-44.184145,-22.233655],[-44.18803,-22.24007],[-44.19156,-22.240875],[-44.195295,-22.24503],[-44.19825,-22.24525],[-44.201115,-22.251105],[-44.2034,-22.24856],[-44.20833,-22.2509],[-44.209825,-22.247215],[-44.21316,-22.246035],[-44.21572,-22.249505],[-44.224285,-22.253215],[-44.221575,-22.255455],[-44.22396,-22.256665],[-44.223645,-22.259965],[-44.23263,-22.26265],[-44.235115,-22.2663],[-44.23934,-22.26276],[-44.24275,-22.26756],[-44.24699,-22.267475],[-44.246085,-22.262475],[-44.24978,-22.260395],[-44.260495,-22.267915],[-44.263085,-22.2432],[-44.267345,-22.248355],[-44.26855,-22.24445],[-44.272985,-22.2448],[-44.27639,-22.24277],[-44.28362,-22.244355],[-44.28428,-22.24324],[-44.28924,-22.247755],[-44.291955,-22.24282],[-44.29329,-22.245135],[-44.296465,-22.245055],[-44.29578,-22.24879],[-44.302095,-22.253755],[-44.30805,-22.252025],[-44.31202,-22.25496],[-44.31518,-22.25426],[-44.31714,-22.25951],[-44.319315,-22.258685],[-44.322155,-22.261075],[-44.32492,-22.257345],[-44.323725,-22.2538],[-44.328225,-22.256915],[-44.336745,-22.258555],[-44.339255,-22.25796],[-44.340445,-22.25345],[-44.3468,-22.253705],[-44.3522,-22.25765],[-44.36195,-22.25198],[-44.364395,-22.257695],[-44.36637,-22.256625],[-44.376115,-22.26192],[-44.374735,-22.265175],[-44.376835,-22.2683],[-44.384555,-22.267485],[-44.38713,-22.27235],[-44.390535,-22.270305],[-44.39198,-22.26135],[-44.39415,-22.25869],[-44.418485,-22.253535],[-44.423485,-22.255975],[-44.42661,-22.253645],[-44.4288,-22.25469],[-44.4306,-22.25118],[-44.43403,-22.251145],[-44.4381,-22.258165],[-44.440175,-22.254425],[-44.444205,-22.25821],[-44.44749,-22.25546],[-44.449915,-22.25785],[-44.456655,-22.25709],[-44.45894,-22.261195],[-44.457555,-22.26187],[-44.4601,-22.26218],[-44.46298,-22.26697],[-44.458705,-22.270505],[-44.463415,-22.27601],[-44.460005,-22.280105],[-44.46842,-22.280015],[-44.476385,-22.285785],[-44.47611,-22.28931],[-44.480305,-22.288825],[-44.48233,-22.294075],[-44.49031,-22.29654],[-44.49093,-22.298545],[-44.49482,-22.29973],[-44.4967,-22.303735],[-44.50285,-22.30702],[-44.50644,-22.305725],[-44.511765,-22.30946],[-44.51356,-22.308665],[-44.517235,-22.316045],[-44.530255,-22.323195],[-44.532585,-22.330655],[-44.538585,-22.329645],[-44.54563,-22.332215],[-44.543285,-22.328425],[-44.545535,-22.327105],[-44.54588,-22.323695],[-44.550325,-22.325665],[-44.549735,-22.328545],[-44.55219,-22.32749],[-44.555325,-22.330725],[-44.55658,-22.32887],[-44.55791,-22.33079],[-44.563385,-22.331525],[-44.56364,-22.333175],[-44.565995,-22.330785],[-44.5657,-22.327945],[-44.57013,-22.32778],[-44.569195,-22.326005],[-44.5714,-22.32415],[-44.575875,-22.327425],[-44.581265,-22.328575],[-44.58203,-22.32421],[-44.585595,-22.32615],[-44.58853,-22.32353],[-44.58706,-22.320445],[-44.58919,-22.32036],[-44.600345,-22.32613],[-44.613325,-22.32806],[-44.615835,-22.33198],[-44.62194,-22.33185],[-44.626735,-22.3366],[-44.627435,-22.34586],[-44.6351,-22.35083],[-44.64286,-22.353075],[-44.64195,-22.356905],[-44.646285,-22.365735],[-44.654095,-22.37135],[-44.65395,-22.37332],[-44.65666,-22.372605],[-44.65983,-22.37506],[-44.660845,-22.37985],[-44.66524,-22.37355],[-44.66738,-22.37301],[-44.670175,-22.37507],[-44.67546,-22.372545],[-44.680695,-22.37426],[-44.689135,-22.37196],[-44.69284,-22.37379],[-44.70267,-22.36741],[-44.709615,-22.369465],[-44.71495,-22.36399],[-44.72459,-22.359955],[-44.731645,-22.362625],[-44.73856,-22.3688],[-44.73946,-22.37223],[-44.74589,-22.37581],[-44.761155,-22.37497],[-44.770035,-22.378555],[-44.77491,-22.383705],[-44.781135,-22.382895],[-44.788195,-22.38806],[-44.793255,-22.386495],[-44.79521,-22.389625],[-44.802955,-22.392735],[-44.804395,-22.40029],[-44.808915,-22.403185],[-44.80284,-22.404455],[-44.800095,-22.40731],[-44.794645,-22.409035],[-44.7785,-22.408785],[-44.770735,-22.415305],[-44.761545,-22.41703],[-44.75501,-22.41537],[-44.74885,-22.42111],[-44.74138,-22.42488],[-44.73401,-22.432975],[-44.733865,-22.436035],[-44.73031,-22.439445],[-44.731425,-22.44146],[-44.728795,-22.44866],[-44.72432,-22.450815],[-44.72509,-22.456265],[-44.723295,-22.4622],[-44.719325,-22.463455],[-44.719345,-22.46702],[-44.71775,-22.46738],[-44.71805,-22.470775],[-44.721435,-22.47072],[-44.72283,-22.47346],[-44.722505,-22.479415],[-44.72498,-22.483765],[-44.72193,-22.485235],[-44.72002,-22.492815],[-44.71238,-22.49279],[-44.71113,-22.496515],[-44.710255,-22.50111],[-44.713815,-22.503185],[-44.71451,-22.506095],[-44.7127,-22.50924],[-44.717225,-22.510645],[-44.71525,-22.51263],[-44.71617,-22.51431],[-44.701375,-22.5107],[-44.69909,-22.511495],[-44.699995,-22.513405],[-44.69697,-22.51539],[-44.69744,-22.51806],[-44.68939,-22.519475],[-44.68687,-22.523745],[-44.680445,-22.52546],[-44.67832,-22.531945],[-44.66846,-22.538865],[-44.675985,-22.543135],[-44.67796,-22.54748],[-44.67801,-22.55533],[-44.679855,-22.557845],[-44.67803,-22.56115],[-44.674355,-22.560455],[-44.66849,-22.553575],[-44.66207,-22.551305],[-44.65942,-22.55447],[-44.655835,-22.55343],[-44.65091,-22.556905],[-44.64828,-22.552145],[-44.642785,-22.558295],[-44.640235,-22.558325],[-44.643885,-22.564185],[-44.642575,-22.575155],[-44.648125,-22.584285],[-44.64369,-22.60031],[-44.645805,-22.60084],[-44.6466,-22.604065],[-44.64164,-22.60825],[-44.634205,-22.60932],[-44.62272,-22.60463],[-44.617315,-22.61319],[-44.61062,-22.61733],[-44.604615,-22.613585],[-44.602895,-22.607945],[-44.597215,-22.60993],[-44.5968,-22.613965],[-44.59312,-22.616675],[-44.592925,-22.622315],[-44.58632,-22.62548],[-44.579665,-22.61642],[-44.580295,-22.612745],[-44.574275,-22.6019],[-44.57213,-22.601435],[-44.57158,-22.60528],[-44.56747,-22.60706],[-44.56649,-22.6106],[-44.56355,-22.611815],[-44.55488,-22.61019],[-44.55025,-22.603325],[-44.549515,-22.606115],[-44.546115,-22.607025],[-44.54582,-22.609505],[-44.54154,-22.61192],[-44.54102,-22.614225],[-44.538465,-22.61595],[-44.53768,-22.61406],[-44.532845,-22.615845],[-44.52642,-22.62053],[-44.538785,-22.63224],[-44.536905,-22.63751],[-44.53244,-22.640505],[-44.536,-22.633295],[-44.53141,-22.63084],[-44.53021,-22.63244],[-44.527395,-22.63011],[-44.51957,-22.63123],[-44.519225,-22.628385],[-44.51622,-22.62995],[-44.516645,-22.634045],[-44.512955,-22.63666],[-44.512295,-22.641045],[-44.51028,-22.641315],[-44.50041,-22.628645],[-44.49552,-22.62562],[-44.49595,-22.62285],[-44.491235,-22.62064],[-44.492955,-22.617995],[-44.485185,-22.611035],[-44.488935,-22.609265],[-44.48868,-22.606765],[-44.484815,-22.60386],[-44.48069,-22.61132],[-44.477915,-22.61303],[-44.471075,-22.61303],[-44.4638,-22.61639],[-44.462085,-22.61333],[-44.455235,-22.609685],[-44.44674,-22.610685],[-44.443275,-22.6044],[-44.439075,-22.605045],[-44.431345,-22.59866],[-44.41713,-22.601025],[-44.406695,-22.608865],[-44.404405,-22.60638],[-44.4016,-22.606695],[-44.398205,-22.6029],[-44.40129,-22.603275],[-44.40593,-22.599095],[-44.40508,-22.591125],[-44.409885,-22.58846],[-44.402635,-22.5874],[-44.400075,-22.581785],[-44.39653,-22.58266],[-44.392145,-22.57241],[-44.389305,-22.574065],[-44.38251,-22.573325],[-44.371055,-22.58042],[-44.363795,-22.577965],[-44.35974,-22.58163],[-44.370375,-22.58971],[-44.365715,-22.593895],[-44.363795,-22.592285],[-44.36164,-22.59408],[-44.36109,-22.60192],[-44.362865,-22.60558],[-44.35943,-22.609375],[-44.360905,-22.613125],[-44.356645,-22.614805],[-44.34881,-22.609915],[-44.348105,-22.60628],[-44.35173,-22.601885],[-44.351615,-22.59941],[-44.34994,-22.595005],[-44.344555,-22.59831],[-44.347235,-22.59129],[-44.344555,-22.58802],[-44.33382,-22.591105],[-44.328955,-22.588285],[-44.325465,-22.588605],[-44.321745,-22.59492],[-44.31677,-22.59763],[-44.31343,-22.597605],[-44.31137,-22.594205],[-44.309325,-22.59786],[-44.29896,-22.599495],[-44.295085,-22.59837],[-44.295345,-22.60172],[-44.285835,-22.610435],[-44.283215,-22.608065],[-44.283395,-22.60433],[-44.27235,-22.60208],[-44.269015,-22.599145],[-44.26153,-22.60844],[-44.252195,-22.613115],[-44.2489,-22.609975],[-44.248815,-22.606515],[-44.24491,-22.6066],[-44.241005,-22.609415],[-44.232675,-22.60914],[-44.225895,-22.60458],[-44.22477,-22.61076],[-44.215995,-22.622465],[-44.21244,-22.616135],[-44.20875,-22.614795],[-44.207415,-22.612045],[-44.20328,-22.615365],[-44.20451,-22.62006],[-44.202025,-22.62275],[-44.20499,-22.62581],[-44.198265,-22.63045],[-44.195335,-22.628905],[-44.191865,-22.629585],[-44.183955,-22.63747],[-44.18439,-22.64172],[-44.19054,-22.64406],[-44.190325,-22.64705],[-44.185435,-22.651295],[-44.1892,-22.654015],[-44.186205,-22.6563],[-44.181205,-22.655695],[-44.176255,-22.65899],[-44.17221,-22.6579],[-44.170065,-22.660585],[-44.1733,-22.66475],[-44.16645,-22.666125],[-44.164615,-22.671985],[-44.14715,-22.652765],[-44.148285,-22.64879],[-44.1163,-22.643625],[-44.094,-22.649265],[-44.08728,-22.648365],[-44.08535,-22.64666],[-44.0863,-22.64059],[-44.068525,-22.59242],[-44.05538,-22.5858],[-44.038865,-22.582265],[-44.02316,-22.58087],[-44.01508,-22.58634],[-43.99936,-22.583115],[-43.98497,-22.57734],[-43.981665,-22.5785],[-43.982135,-22.57215],[-43.99273,-22.56307],[-43.984405,-22.55238],[-43.95472,-22.568485],[-43.91348,-22.52078],[-43.86864,-22.5286],[-43.864875,-22.527365],[-43.865375,-22.5252],[-43.85808,-22.521095],[-43.856805,-22.51774],[-43.85388,-22.51718],[-43.85506,-22.50716],[-43.84923,-22.507275],[-43.84451,-22.50366],[-43.844635,-22.50099],[-43.84018,-22.510015],[-43.83505,-22.51337],[-43.828695,-22.51453],[-43.82815,-22.516565],[-43.821415,-22.51788],[-43.822015,-22.51667],[-43.81138,-22.511495],[-43.80564,-22.51913],[-43.805615,-22.52343],[-43.81435,-22.53053],[-43.8198,-22.53258],[-43.816375,-22.5362],[-43.821025,-22.547345],[-43.815405,-22.549625],[-43.81122,-22.548255],[-43.811925,-22.5515],[-43.80866,-22.5542],[-43.79802,-22.552185],[-43.789045,-22.53444],[-43.77773,-22.53119],[-43.76992,-22.51796],[-43.765775,-22.458795],[-43.75389,-22.45998],[-43.749875,-22.462225],[-43.749055,-22.463445],[-43.751695,-22.46589],[-43.749635,-22.471365],[-43.745355,-22.473285],[-43.741125,-22.482205],[-43.73778,-22.48182],[-43.735775,-22.484185],[-43.72143,-22.46691],[-43.715065,-22.455025],[-43.71089,-22.45766],[-43.710815,-22.46052],[-43.706985,-22.46343],[-43.703575,-22.45992],[-43.696155,-22.459425],[-43.686805,-22.46415],[-43.68786,-22.45845],[-43.58246,-22.456825],[-43.57207,-22.46115],[-43.55481,-22.52648],[-43.5397,-22.451075],[-43.53214,-22.446775],[-43.53149,-22.442405],[-43.52376,-22.44288],[-43.517155,-22.447365],[-43.50331,-22.431655],[-43.507855,-22.43008],[-43.508325,-22.426615],[-43.49259,-22.419555],[-43.43869,-22.445635],[-43.442475,-22.449575],[-43.44101,-22.453675],[-43.434715,-22.46045],[-43.43663,-22.46405],[-43.43991,-22.464235],[-43.440785,-22.467395],[-43.436925,-22.474565],[-43.431145,-22.4747],[-43.430525,-22.47623],[-43.4287,-22.475085],[-43.429285,-22.471915],[-43.424125,-22.471375],[-43.42008,-22.46879],[-43.404575,-22.4697],[-43.394805,-22.463455],[-43.383455,-22.460775],[-43.37636,-22.45426],[-43.37366,-22.454665],[-43.37424,-22.451715],[-43.37027,-22.451715],[-43.371595,-22.44526],[-43.37609,-22.4451],[-43.377265,-22.442995],[-43.37376,-22.443245],[-43.37134,-22.44067],[-43.374175,-22.434455],[-43.365325,-22.426355],[-43.361365,-22.42569],[-43.360965,-22.419595],[-43.353275,-22.41715],[-43.34432,-22.41799],[-43.337995,-22.414745],[-43.33759,-22.40993],[-43.334495,-22.40836],[-43.336295,-22.40342],[-43.3289,-22.40325],[-43.32651,-22.401315],[-43.326895,-22.395435],[-43.319125,-22.39162],[-43.318095,-22.383965],[-43.31605,-22.381315],[-43.31001,-22.378135],[-43.305255,-22.377835],[-43.30481,-22.37457],[-43.301515,-22.37353],[-43.299625,-22.3699],[-43.296205,-22.37236],[-43.287705,-22.370685],[-43.27833,-22.35616],[-43.276895,-22.349575],[-43.27235,-22.342885],[-43.26853,-22.3412],[-43.26823,-22.333685],[-43.26132,-22.33366],[-43.26021,-22.32893],[-43.2645,-22.32456],[-43.26331,-22.32096],[-43.255,-22.31444],[-43.249685,-22.31364],[-43.247015,-22.30672],[-43.240555,-22.30336],[-43.23805,-22.30478],[-43.239155,-22.306475],[-43.23542,-22.31166],[-43.23118,-22.30886],[-43.226375,-22.309915],[-43.22482,-22.305135],[-43.216305,-22.30556],[-43.211805,-22.29989],[-43.207365,-22.298575],[-43.205745,-22.301365],[-43.19981,-22.303775],[-43.188335,-22.30142],[-43.183395,-22.30203],[-43.177675,-22.299615],[-43.177335,-22.29736],[-43.1828,-22.2964],[-43.17682,-22.277865],[-43.17508,-22.265675],[-43.177235,-22.264495],[-43.17323,-22.256455],[-43.174105,-22.251005],[-43.171605,-22.244875],[-43.173195,-22.243185],[-43.169985,-22.238735],[-43.1698,-22.23252],[-43.165285,-22.228185],[-43.16325,-22.222755],[-43.165705,-22.22227],[-43.164785,-22.219155],[-43.166665,-22.218385],[-43.167275,-22.214665],[-43.1639,-22.21468],[-43.16189,-22.210865],[-43.15963,-22.19286],[-43.15535,-22.190625],[-43.13784,-22.19537],[-43.13372,-22.19412],[-43.131555,-22.190875],[-43.12473,-22.19454],[-43.12118,-22.19873],[-43.10938,-22.19995],[-43.10645,-22.198645],[-43.103005,-22.18766],[-43.095095,-22.18911],[-43.09307,-22.18317],[-43.08738,-22.18443],[-43.08151,-22.18169],[-43.078195,-22.177865],[-43.071875,-22.176615],[-43.068055,-22.172285],[-43.0582,-22.168685],[-43.05452,-22.16498],[-43.051665,-22.16659],[-43.03918,-22.16283],[-43.033985,-22.16674],[-43.037095,-22.16994],[-43.039385,-22.169505],[-43.042625,-22.1799],[-43.04647,-22.179125],[-43.05054,-22.18142],[-43.05894,-22.189905],[-43.047765,-22.208615],[-43.04543,-22.20047],[-43.04163,-22.193505],[-43.038875,-22.192095],[-43.0405,-22.18867],[-43.020765,-22.16181],[-43.01723,-22.148265],[-43.013415,-22.146745],[-43.00947,-22.14951],[-43.004105,-22.14928],[-43.001505,-22.153955],[-42.95495,-22.13885],[-42.964325,-22.126425],[-42.966155,-22.116595],[-42.965055,-22.11492],[-42.9683,-22.10773],[-42.967495,-22.10494],[-42.97386,-22.09724],[-42.969595,-22.088405],[-43.01627,-22.08585],[-43.013045,-22.081595],[-43.013495,-22.075355],[-43.01093,-22.0758],[-43.006575,-22.070355],[-43.010095,-22.05603],[-43.003885,-22.048445],[-43.009475,-22.0448],[-43.00805,-22.042105],[-43.01003,-22.03918],[-43.006475,-22.03458],[-43.00207,-22.032725]]]}},{"type":"Feature","properties":{"redec":"BAIXADA FLUMINENSE","nome":"Baixada Fluminense","regiaoHidrografica":"Baía de Guanabara"},"geometry":{"type":"Polygon","coordinates":[[[-42.91819,-22.451005],[-42.924905,-22.453975],[-42.92991,-22.448095],[-42.933805,-22.449335],[-42.94077,-22.45717],[-42.945385,-22.45519],[-42.955145,-22.45774],[-42.95584,-22.465745],[-42.96378,-22.464155],[-42.970585,-22.47117],[-42.976685,-22.470935],[-42.984795,-22.46266],[-42.99609,-22.461675],[-42.99982,-22.459675],[-43.009575,-22.46277],[-43.01649,-22.4671],[-43.019375,-22.46301],[-43.02439,-22.46281],[-43.02557,-22.460315],[-43.035015,-22.46249],[-43.036035,-22.459465],[-43.040385,-22.456425],[-43.043605,-22.4595],[-43.04731,-22.46021],[-43.05025,-22.465225],[-43.05531,-22.46776],[-43.054895,-22.470435],[-43.05813,-22.475085],[-43.054785,-22.47833],[-43.055015,-22.481335],[-43.066125,-22.486005],[-43.079675,-22.48741],[-43.081095,-22.489565],[-43.076775,-22.49017],[-43.072025,-22.496515],[-43.07063,-22.500535],[-43.072595,-22.504775],[-43.075525,-22.507155],[-43.076325,-22.51098],[-43.087045,-22.51715],[-43.08946,-22.52104],[-43.095985,-22.522895],[-43.105255,-22.532295],[-43.110705,-22.53485],[-43.117935,-22.530655],[-43.1228,-22.53101],[-43.12639,-22.534395],[-43.131275,-22.53379],[-43.14892,-22.539695],[-43.162045,-22.547155],[-43.18261,-22.55322],[-43.19815,-22.553135],[-43.22506,-22.563615],[-43.256785,-22.572585],[-43.26261,-22.55904],[-43.246005,-22.52703],[-43.234255,-22.52275],[-43.231225,-22.52438],[-43.230875,-22.52761],[-43.226515,-22.5295],[-43.22239,-22.521565],[-43.2248,-22.52128],[-43.226595,-22.51624],[-43.2288,-22.51775],[-43.2316,-22.514385],[-43.23356,-22.516575],[-43.23672,-22.515555],[-43.23852,-22.511525],[-43.296375,-22.475715],[-43.29981,-22.483195],[-43.311955,-22.49559],[-43.31783,-22.49712],[-43.32708,-22.51075],[-43.32561,-22.513135],[-43.329365,-22.517745],[-43.333885,-22.519855],[-43.335675,-22.51873],[-43.34494,-22.52021],[-43.3506,-22.52309],[-43.358215,-22.522755],[-43.36028,-22.525585],[-43.370215,-22.526675],[-43.37117,-22.52175],[-43.37485,-22.52006],[-43.37921,-22.52276],[-43.37945,-22.52608],[-43.38416,-22.530795],[-43.38926,-22.5325],[-43.395465,-22.53029],[-43.405385,-22.53461],[-43.409885,-22.5318],[-43.419505,-22.538055],[-43.423225,-22.536365],[-43.423835,-22.53378],[-43.431115,-22.533215],[-43.4352,-22.5298],[-43.44068,-22.530665],[-43.44579,-22.52601],[-43.457445,-22.531995],[-43.46247,-22.53822],[-43.469245,-22.53616],[-43.47421,-22.540935],[-43.484485,-22.54579],[-43.486575,-22.549065],[-43.49125,-22.548495],[-43.491935,-22.55176],[-43.49832,-22.554395],[-43.4978,-22.559185],[-43.5011,-22.561555],[-43.500745,-22.56384],[-43.506945,-22.56576],[-43.51005,-22.57183],[-43.5156,-22.56965],[-43.51824,-22.571115],[-43.521905,-22.56711],[-43.526315,-22.569145],[-43.530005,-22.565935],[-43.533585,-22.565685],[-43.536565,-22.569765],[-43.541495,-22.56517],[-43.54289,-22.569215],[-43.550535,-22.57344],[-43.55618,-22.56741],[-43.55998,-22.567145],[-43.5609,-22.5708],[-43.558795,-22.572775],[-43.560515,-22.57928],[-43.563405,-22.580265],[-43.564535,-22.57666],[-43.58058,-22.578975],[-43.58079,-22.580675],[-43.585295,-22.58268],[-43.583725,-22.587155],[-43.589925,-22.593765],[-43.60218,-22.59953],[-43.603445,-22.604945],[-43.61182,-22.60768],[-43.616875,-22.611385],[-43.628825,-22.625725],[-43.62273,-22.64222],[-43.61825,-22.636785],[-43.610575,-22.63436],[-43.593465,-22.620045],[-43.57838,-22.615945],[-43.569095,-22.609405],[-43.567945,-22.62341],[-43.572295,-22.62592],[-43.572465,-22.633645],[-43.558225,-22.636865],[-43.55232,-22.646955],[-43.553715,-22.650505],[-43.548755,-22.652675],[-43.54705,-22.6557],[-43.539895,-22.65356],[-43.53402,-22.65488],[-43.540585,-22.660955],[-43.543655,-22.6691],[-43.54986,-22.670185],[-43.556705,-22.677205],[-43.55638,-22.678915],[-43.551025,-22.679455],[-43.54827,-22.68153],[-43.54236,-22.68045],[-43.533825,-22.68894],[-43.522485,-22.691725],[-43.512185,-22.691685],[-43.51423,-22.694145],[-43.52109,-22.69428],[-43.5248,-22.698405],[-43.536045,-22.703945],[-43.535595,-22.70899],[-43.54253,-22.71488],[-43.53791,-22.71762],[-43.54121,-22.722285],[-43.538305,-22.72744],[-43.541155,-22.730075],[-43.542205,-22.73613],[-43.53228,-22.738685],[-43.53563,-22.75188],[-43.53782,-22.75257],[-43.54036,-22.75079],[-43.548845,-22.755055],[-43.55566,-22.75498],[-43.55962,-22.757905],[-43.56601,-22.756105],[-43.569785,-22.752735],[-43.57573,-22.754975],[-43.59225,-22.75453],[-43.59848,-22.75249],[-43.601295,-22.74823],[-43.608645,-22.74708],[-43.61407,-22.74932],[-43.615965,-22.76184],[-43.62725,-22.7725],[-43.623785,-22.78247],[-43.6348,-22.78331],[-43.631175,-22.80121],[-43.62695,-22.80702],[-43.629175,-22.810705],[-43.622355,-22.820675],[-43.622665,-22.82603],[-43.62985,-22.829915],[-43.63257,-22.834345],[-43.648005,-22.84483],[-43.65678,-22.849275],[-43.67026,-22.852385],[-43.67348,-22.864045],[-43.672595,-22.86391],[-43.67194,-22.864305],[-43.67161,-22.864505],[-43.67092,-22.864865],[-43.670645,-22.864995],[-43.670275,-22.86517],[-43.669435,-22.865275],[-43.66787,-22.865085],[-43.667475,-22.865075],[-43.665655,-22.865185],[-43.664755,-22.865055],[-43.661755,-22.8642],[-43.6595,-22.863525],[-43.65741,-22.86261],[-43.65649,-22.861925],[-43.654645,-22.86057],[-43.653375,-22.859705],[-43.65057,-22.85769],[-43.64943,-22.85711],[-43.64374,-22.855785],[-43.64154,-22.856535],[-43.63931,-22.85731],[-43.638565,-22.857555],[-43.6382,-22.85768],[-43.630655,-22.8605],[-43.626275,-22.861915],[-43.62567,-22.862135],[-43.62496,-22.862405],[-43.624775,-22.86247],[-43.621875,-22.862595],[-43.621315,-22.862495],[-43.61834,-22.86205],[-43.609635,-22.86045],[-43.602295,-22.858955],[-43.60126,-22.8588],[-43.59924,-22.858335],[-43.59814,-22.858095],[-43.596835,-22.857785],[-43.59656,-22.857755],[-43.596,-22.857875],[-43.595565,-22.858065],[-43.594825,-22.85863],[-43.5946,-22.85893],[-43.594045,-22.859505],[-43.59299,-22.860415],[-43.588465,-22.838695],[-43.559385,-22.828885],[-43.49006,-22.815515],[-43.48242,-22.83043],[-43.458245,-22.84904],[-43.431225,-22.83861],[-43.43079,-22.83846],[-43.43036,-22.838085],[-43.430365,-22.83775],[-43.429555,-22.837465],[-43.4294,-22.83747],[-43.42916,-22.83752],[-43.42908,-22.837465],[-43.42841,-22.837325],[-43.428325,-22.837295],[-43.428515,-22.83707],[-43.428505,-22.83703],[-43.42781,-22.836835],[-43.427735,-22.836825],[-43.42765,-22.836585],[-43.42761,-22.83653],[-43.42698,-22.83641],[-43.42698,-22.836395],[-43.42703,-22.836175],[-43.426575,-22.83602],[-43.426375,-22.835995],[-43.426225,-22.836085],[-43.426265,-22.835965],[-43.426185,-22.83583],[-43.425975,-22.835865],[-43.425965,-22.835785],[-43.42588,-22.83587],[-43.42587,-22.835895],[-43.42576,-22.835905],[-43.425435,-22.83482],[-43.425565,-22.834885],[-43.425595,-22.834665],[-43.425255,-22.83391],[-43.42516,-22.833995],[-43.425,-22.833935],[-43.42498,-22.833825],[-43.42481,-22.83357],[-43.42459,-22.832685],[-43.423515,-22.832335],[-43.422665,-22.8325],[-43.421995,-22.83256],[-43.42133,-22.83152],[-43.42092,-22.83053],[-43.420605,-22.82951],[-43.419635,-22.828305],[-43.41937,-22.82802],[-43.4191,-22.827715],[-43.418965,-22.827625],[-43.417635,-22.825845],[-43.41748,-22.82574],[-43.417195,-22.824975],[-43.41712,-22.824725],[-43.417085,-22.82409],[-43.416685,-22.823635],[-43.41619,-22.823095],[-43.415665,-22.822185],[-43.41319,-22.82095],[-43.41299,-22.82086],[-43.41263,-22.820735],[-43.411325,-22.820345],[-43.410905,-22.82021],[-43.40974,-22.82034],[-43.409255,-22.82053],[-43.40854,-22.82089],[-43.40822,-22.821045],[-43.407805,-22.821185],[-43.407265,-22.82092],[-43.40369,-22.818975],[-43.40344,-22.81877],[-43.400525,-22.817355],[-43.399035,-22.81678],[-43.398065,-22.816465],[-43.39335,-22.814825],[-43.39039,-22.81375],[-43.389845,-22.81369],[-43.38881,-22.81419],[-43.38712,-22.814605],[-43.38487,-22.81402],[-43.384185,-22.81306],[-43.38291,-22.81193],[-43.38228,-22.81181],[-43.38204,-22.81173],[-43.37695,-22.81088],[-43.37569,-22.808485],[-43.37432,-22.80758],[-43.370705,-22.80577],[-43.370295,-22.805385],[-43.366285,-22.80442],[-43.36152,-22.80448],[-43.36137,-22.80429],[-43.360155,-22.80335],[-43.35832,-22.802745],[-43.35755,-22.80262],[-43.357155,-22.802645],[-43.355985,-22.80267],[-43.355195,-22.802595],[-43.35327,-22.802575],[-43.35055,-22.803025],[-43.348675,-22.803525],[-43.33945,-22.80318],[-43.335155,-22.803005],[-43.330905,-22.80266],[-43.327055,-22.80172],[-43.32505,-22.801105],[-43.31501,-22.80056],[-43.308235,-22.79987],[-43.30386,-22.80141],[-43.30305,-22.80374],[-43.30127,-22.80353],[-43.298995,-22.80666],[-43.294245,-22.80764],[-43.293745,-22.80809],[-43.288925,-22.810495],[-43.288815,-22.810465],[-43.288675,-22.809485],[-43.289045,-22.80791],[-43.278665,-22.807375],[-43.27784,-22.807365],[-43.272725,-22.8099],[-43.27304,-22.802215],[-43.270895,-22.796665],[-43.272575,-22.79357],[-43.276245,-22.792725],[-43.272155,-22.7917],[-43.275665,-22.78921],[-43.27691,-22.790885],[-43.27546,-22.785645],[-43.27789,-22.780295],[-43.26943,-22.76841],[-43.257935,-22.75958],[-43.25681,-22.75653],[-43.24429,-22.750865],[-43.243005,-22.74903],[-43.2448,-22.74673],[-43.23994,-22.745305],[-43.238605,-22.74239],[-43.232925,-22.74142],[-43.231245,-22.739205],[-43.22623,-22.741445],[-43.218885,-22.73873],[-43.21217,-22.732645],[-43.212145,-22.72932],[-43.2148,-22.728605],[-43.212345,-22.72638],[-43.20412,-22.726815],[-43.194375,-22.72276],[-43.18366,-22.721415],[-43.158125,-22.709115],[-43.14321,-22.70826],[-43.13629,-22.710945],[-43.13386,-22.71501],[-43.12477,-22.713815],[-43.11733,-22.706925],[-43.117655,-22.698905],[-43.115565,-22.6963],[-43.10975,-22.69378],[-43.10694,-22.69545],[-43.10602,-22.688965],[-43.1017,-22.6864],[-43.09269,-22.686295],[-43.0931,-22.68457],[-43.08838,-22.68317],[-43.084485,-22.678685],[-43.072245,-22.682475],[-43.066405,-22.686725],[-43.067045,-22.68882],[-43.054165,-22.684615],[-43.054985,-22.68726],[-43.053005,-22.68628],[-43.05365,-22.69002],[-43.05109,-22.69291],[-43.042835,-22.691865],[-43.03312,-22.693125],[-43.03623,-22.70051],[-43.030065,-22.704805],[-43.03418,-22.707045],[-43.03544,-22.71222],[-43.03368,-22.71787],[-43.03127,-22.71828],[-43.02591,-22.72612],[-43.01475,-22.72549],[-43.01411,-22.718915],[-43.00618,-22.71459],[-42.996985,-22.72046],[-42.994,-22.727445],[-42.98816,-22.728755],[-42.977995,-22.72664],[-42.97442,-22.731615],[-42.96947,-22.72868],[-42.96734,-22.72176],[-42.96242,-22.7253],[-42.962765,-22.72137],[-42.960555,-22.721285],[-42.95894,-22.718595],[-42.95963,-22.71495],[-42.957305,-22.71544],[-42.945765,-22.710295],[-42.939355,-22.69949],[-42.93375,-22.69838],[-42.93598,-22.694335],[-42.934765,-22.69244],[-42.921695,-22.684765],[-42.91828,-22.68074],[-42.917445,-22.67577],[-42.912,-22.672345],[-42.91172,-22.655565],[-42.90559,-22.65438],[-42.89947,-22.63934],[-42.90318,-22.625485],[-42.9107,-22.6193],[-42.907135,-22.601195],[-42.887595,-22.59218],[-42.88315,-22.582125],[-42.865585,-22.571625],[-42.86555,-22.56787],[-42.870865,-22.559315],[-42.87482,-22.55702],[-42.875995,-22.55376],[-42.88582,-22.548025],[-42.88723,-22.541185],[-42.89125,-22.53776],[-42.892015,-22.525415],[-42.898995,-22.51914],[-42.888125,-22.512155],[-42.88945,-22.50486],[-42.891275,-22.50262],[-42.893915,-22.504125],[-42.89507,-22.50172],[-42.902115,-22.50089],[-42.90616,-22.498205],[-42.91556,-22.48127],[-42.9215,-22.475985],[-42.92298,-22.469495],[-42.91819,-22.451005]]]}},{"type":"Feature","properties":{"redec":"SERRANA II","nome":"Serrana II","regiaoHidrografica":"Dois Rios"},"geometry":{"type":"Polygon","coordinates":[[[-41.88388,-21.872345],[-41.88927,-21.87163],[-41.89715,-21.878305],[-41.925565,-21.875965],[-41.92808,-21.87029],[-41.936525,-21.87231],[-41.953225,-21.85359],[-41.95517,-21.848025],[-41.953705,-21.843965],[-41.956235,-21.841475],[-41.956955,-21.837035],[-41.95552,-21.835745],[-41.956765,-21.834145],[-41.961485,-21.833935],[-41.965205,-21.827765],[-41.970985,-21.8115],[-41.97108,-21.803095],[-41.95939,-21.79254],[-41.95921,-21.78878],[-41.95665,-21.786825],[-41.95627,-21.782135],[-41.952045,-21.774555],[-41.9529,-21.77123],[-41.94988,-21.770055],[-41.94544,-21.77315],[-41.93439,-21.76707],[-41.934275,-21.76153],[-41.937945,-21.752215],[-41.93684,-21.748645],[-41.933345,-21.747835],[-41.929865,-21.74201],[-41.939825,-21.74141],[-41.939795,-21.739],[-41.942235,-21.739465],[-41.94863,-21.73046],[-41.95269,-21.728495],[-41.955185,-21.729315],[-41.955435,-21.731375],[-41.961595,-21.731175],[-41.963365,-21.73369],[-41.96891,-21.73216],[-41.9711,-21.73427],[-41.97616,-21.73427],[-41.97537,-21.73788],[-41.977495,-21.739485],[-41.980785,-21.73839],[-41.98141,-21.733245],[-41.98499,-21.732885],[-41.987655,-21.73628],[-41.99181,-21.736805],[-41.99202,-21.739105],[-41.995715,-21.737515],[-41.99978,-21.739065],[-41.99955,-21.740865],[-42.00141,-21.739775],[-42.000115,-21.74239],[-42.00239,-21.741205],[-42.002455,-21.742655],[-42.00434,-21.74259],[-42.004695,-21.746915],[-42.01168,-21.74492],[-42.013785,-21.750515],[-42.021405,-21.751905],[-42.022755,-21.75563],[-42.020415,-21.757755],[-42.021925,-21.758345],[-42.01967,-21.762785],[-42.013615,-21.76565],[-42.013545,-21.77207],[-42.020845,-21.77027],[-42.02481,-21.7662],[-42.029,-21.76879],[-42.02843,-21.76641],[-42.03091,-21.76765],[-42.03148,-21.765875],[-42.040055,-21.77292],[-42.04,-21.77529],[-42.03795,-21.775825],[-42.043185,-21.779205],[-42.044085,-21.7825],[-42.04255,-21.783955],[-42.044895,-21.78393],[-42.047525,-21.778645],[-42.05106,-21.778595],[-42.05129,-21.78015],[-42.05389,-21.77976],[-42.05566,-21.78181],[-42.055775,-21.785785],[-42.06091,-21.789445],[-42.06039,-21.791665],[-42.063235,-21.790545],[-42.061475,-21.799105],[-42.058315,-21.801045],[-42.06303,-21.802145],[-42.063345,-21.80078],[-42.06557,-21.801415],[-42.066525,-21.79897],[-42.068475,-21.80066],[-42.069855,-21.79939],[-42.06854,-21.79763],[-42.071485,-21.79653],[-42.076395,-21.801175],[-42.085455,-21.801445],[-42.08753,-21.80381],[-42.08938,-21.80137],[-42.090685,-21.804425],[-42.087715,-21.806805],[-42.090205,-21.809835],[-42.09202,-21.809655],[-42.09219,-21.8133],[-42.096325,-21.81389],[-42.0996,-21.811015],[-42.09857,-21.809435],[-42.1031,-21.80948],[-42.104955,-21.811945],[-42.103315,-21.814005],[-42.10742,-21.81436],[-42.106735,-21.817425],[-42.111515,-21.820615],[-42.110785,-21.822575],[-42.11327,-21.82546],[-42.117995,-21.824555],[-42.118925,-21.827235],[-42.120175,-21.822545],[-42.125195,-21.82377],[-42.12695,-21.829865],[-42.123045,-21.829845],[-42.12069,-21.836375],[-42.116345,-21.837085],[-42.118445,-21.838015],[-42.117325,-21.839135],[-42.119075,-21.84194],[-42.11709,-21.846585],[-42.12026,-21.84781],[-42.12047,-21.85036],[-42.122765,-21.849995],[-42.12368,-21.845415],[-42.125225,-21.84626],[-42.128435,-21.84404],[-42.128115,-21.842495],[-42.13226,-21.84438],[-42.132525,-21.839445],[-42.13727,-21.836735],[-42.138675,-21.839745],[-42.14161,-21.83986],[-42.14229,-21.842895],[-42.14586,-21.842025],[-42.14283,-21.84552],[-42.144305,-21.84781],[-42.141555,-21.849705],[-42.14218,-21.85126],[-42.13792,-21.852585],[-42.138725,-21.85545],[-42.140695,-21.8555],[-42.14332,-21.85916],[-42.14505,-21.856085],[-42.146095,-21.860545],[-42.14907,-21.8592],[-42.15022,-21.861045],[-42.15221,-21.858995],[-42.154595,-21.860575],[-42.16048,-21.85881],[-42.16165,-21.86053],[-42.16144,-21.859175],[-42.16725,-21.858695],[-42.206895,-21.7838],[-42.23708,-21.69721],[-42.240975,-21.70055],[-42.24066,-21.702735],[-42.24634,-21.706645],[-42.267465,-21.71485],[-42.271625,-21.718145],[-42.28503,-21.719015],[-42.298475,-21.72698],[-42.306345,-21.72856],[-42.308395,-21.7328],[-42.315985,-21.739155],[-42.33412,-21.745945],[-42.35212,-21.744015],[-42.35134,-21.74106],[-42.35357,-21.74021],[-42.36297,-21.741625],[-42.39246,-21.756405],[-42.39649,-21.76225],[-42.43052,-21.775855],[-42.437725,-21.77626],[-42.459445,-21.78411],[-42.459195,-21.78901],[-42.463805,-21.792205],[-42.461995,-21.79558],[-42.46895,-21.79837],[-42.463205,-21.80431],[-42.46524,-21.805075],[-42.45738,-21.81631],[-42.45445,-21.817615],[-42.452385,-21.81573],[-42.448495,-21.8197],[-42.449085,-21.825115],[-42.44582,-21.824175],[-42.43959,-21.829325],[-42.447605,-21.8326],[-42.43983,-21.840755],[-42.442945,-21.841625],[-42.44391,-21.844305],[-42.44669,-21.843875],[-42.449085,-21.84731],[-42.45215,-21.84699],[-42.45334,-21.85148],[-42.43536,-21.86399],[-42.430225,-21.871195],[-42.43547,-21.87369],[-42.43666,-21.877535],[-42.43961,-21.87944],[-42.442945,-21.87976],[-42.44405,-21.876915],[-42.44564,-21.87799],[-42.448725,-21.87638],[-42.45764,-21.879075],[-42.47061,-21.891735],[-42.474025,-21.8932],[-42.479985,-21.891865],[-42.486665,-21.898055],[-42.49119,-21.897445],[-42.49408,-21.90229],[-42.51103,-21.90789],[-42.51169,-21.912085],[-42.518645,-21.912565],[-42.524265,-21.91028],[-42.527375,-21.906365],[-42.53138,-21.910325],[-42.535155,-21.91021],[-42.53481,-21.913205],[-42.53861,-21.91656],[-42.53679,-21.922615],[-42.540055,-21.929585],[-42.546215,-21.929505],[-42.54484,-21.933805],[-42.546675,-21.938395],[-42.545695,-21.943185],[-42.54888,-21.94643],[-42.548555,-21.951145],[-42.55116,-21.953175],[-42.55589,-21.951595],[-42.558535,-21.95742],[-42.555625,-21.96044],[-42.55695,-21.965645],[-42.552685,-21.968805],[-42.552955,-21.9748],[-42.549445,-21.977665],[-42.54681,-21.984485],[-42.551025,-21.99141],[-42.54616,-21.9921],[-42.548925,-21.994855],[-42.5479,-21.999635],[-42.55392,-22.000905],[-42.56058,-21.998535],[-42.56052,-22.003575],[-42.56443,-22.00303],[-42.56681,-22.00808],[-42.57168,-22.01018],[-42.57244,-22.018385],[-42.5751,-22.0198],[-42.576295,-22.02581],[-42.575575,-22.02725],[-42.5699,-22.025625],[-42.56306,-22.02939],[-42.566,-22.043235],[-42.57219,-22.04553],[-42.573,-22.0484],[-42.57906,-22.04756],[-42.57758,-22.05445],[-42.57428,-22.057505],[-42.575805,-22.060585],[-42.573855,-22.064265],[-42.587015,-22.07371],[-42.58733,-22.07596],[-42.59041,-22.07564],[-42.595425,-22.078625],[-42.598875,-22.07807],[-42.60054,-22.08333],[-42.603465,-22.083685],[-42.606795,-22.091445],[-42.604045,-22.097285],[-42.597615,-22.09672],[-42.5914,-22.1059],[-42.594775,-22.111175],[-42.603325,-22.11067],[-42.606045,-22.118325],[-42.61001,-22.12067],[-42.607045,-22.12705],[-42.61082,-22.13102],[-42.6178,-22.13335],[-42.609155,-22.14056],[-42.60362,-22.14057],[-42.60017,-22.13796],[-42.5937,-22.14177],[-42.59006,-22.1419],[-42.587215,-22.139815],[-42.57724,-22.1407],[-42.57342,-22.163495],[-42.564805,-22.16013],[-42.559385,-22.16085],[-42.5551,-22.169415],[-42.55537,-22.17316],[-42.557615,-22.170955],[-42.56133,-22.17096],[-42.564325,-22.17371],[-42.56369,-22.177935],[-42.566065,-22.17949],[-42.571095,-22.176945],[-42.573855,-22.18121],[-42.58348,-22.17659],[-42.59346,-22.17801],[-42.59395,-22.18187],[-42.59937,-22.182085],[-42.60066,-22.18628],[-42.60399,-22.185335],[-42.603525,-22.189075],[-42.605815,-22.193055],[-42.61145,-22.1964],[-42.618775,-22.19211],[-42.62393,-22.19164],[-42.62639,-22.18742],[-42.632465,-22.185445],[-42.63709,-22.187775],[-42.64177,-22.187255],[-42.64183,-22.197115],[-42.63845,-22.201125],[-42.63987,-22.20338],[-42.646145,-22.205505],[-42.64273,-22.210045],[-42.650545,-22.21377],[-42.653515,-22.212805],[-42.656205,-22.2087],[-42.659395,-22.209885],[-42.660365,-22.212625],[-42.658355,-22.215675],[-42.661505,-22.218495],[-42.66848,-22.22028],[-42.670965,-22.223085],[-42.67012,-22.225335],[-42.674385,-22.231635],[-42.677585,-22.2426],[-42.68507,-22.245415],[-42.68567,-22.249125],[-42.690145,-22.25352],[-42.69581,-22.253655],[-42.701295,-22.25651],[-42.705885,-22.263265],[-42.71039,-22.266735],[-42.71399,-22.26614],[-42.7167,-22.26987],[-42.71756,-22.28063],[-42.71101,-22.28728],[-42.723035,-22.309935],[-42.72221,-22.311775],[-42.726145,-22.316215],[-42.726285,-22.318215],[-42.719825,-22.32346],[-42.71774,-22.32801],[-42.719175,-22.332135],[-42.725125,-22.33661],[-42.726655,-22.335855],[-42.724575,-22.34139],[-42.72488,-22.34755],[-42.722395,-22.352325],[-42.72768,-22.355615],[-42.716075,-22.35706],[-42.715625,-22.359905],[-42.710525,-22.36155],[-42.70827,-22.36534],[-42.711175,-22.371275],[-42.710925,-22.377645],[-42.708445,-22.376495],[-42.707015,-22.37955],[-42.702665,-22.378735],[-42.699745,-22.38098],[-42.699645,-22.38439],[-42.697355,-22.38408],[-42.69355,-22.38909],[-42.68787,-22.38983],[-42.684155,-22.393415],[-42.67466,-22.38894],[-42.66844,-22.38951],[-42.66207,-22.385415],[-42.65905,-22.38583],[-42.65446,-22.387495],[-42.656065,-22.39261],[-42.653435,-22.39262],[-42.65357,-22.395095],[-42.65078,-22.396135],[-42.642025,-22.39476],[-42.641195,-22.392435],[-42.63185,-22.3929],[-42.61616,-22.385445],[-42.61176,-22.38201],[-42.60934,-22.373905],[-42.59495,-22.36775],[-42.587955,-22.356935],[-42.584605,-22.35529],[-42.57305,-22.35949],[-42.564365,-22.359425],[-42.56139,-22.36132],[-42.56278,-22.363865],[-42.55627,-22.369055],[-42.55481,-22.3735],[-42.557705,-22.37771],[-42.552275,-22.378205],[-42.554325,-22.381465],[-42.551075,-22.38653],[-42.5571,-22.39629],[-42.558255,-22.40158],[-42.5554,-22.40501],[-42.558895,-22.41176],[-42.554975,-22.413995],[-42.55697,-22.41628],[-42.55623,-22.42397],[-42.55986,-22.427545],[-42.562625,-22.427685],[-42.565045,-22.4337],[-42.5743,-22.43826],[-42.57568,-22.4405],[-42.572195,-22.4412],[-42.5712,-22.44896],[-42.561325,-22.44711],[-42.552335,-22.45188],[-42.55057,-22.455755],[-42.536555,-22.457695],[-42.529975,-22.45052],[-42.523555,-22.44691],[-42.51515,-22.43595],[-42.511905,-22.43485],[-42.508035,-22.43675],[-42.499965,-22.43474],[-42.49281,-22.435655],[-42.49031,-22.43888],[-42.481745,-22.441245],[-42.47885,-22.44703],[-42.471235,-22.44925],[-42.46479,-22.446735],[-42.464175,-22.44438],[-42.45559,-22.442535],[-42.45097,-22.43388],[-42.434785,-22.433295],[-42.4286,-22.428975],[-42.417045,-22.426945],[-42.40352,-22.429115],[-42.398295,-22.42398],[-42.390885,-22.42398],[-42.38957,-22.42027],[-42.37118,-22.42537],[-42.36704,-22.418665],[-42.35485,-22.42917],[-42.344725,-22.424575],[-42.34246,-22.42758],[-42.33793,-22.428965],[-42.328635,-22.428475],[-42.32393,-22.42088],[-42.323075,-22.422645],[-42.31751,-22.42239],[-42.31491,-22.42457],[-42.310605,-22.42002],[-42.298515,-22.415495],[-42.297965,-22.41292],[-42.292155,-22.412895],[-42.28953,-22.4076],[-42.27865,-22.403435],[-42.27817,-22.401905],[-42.288685,-22.40468],[-42.294175,-22.3923],[-42.280505,-22.38548],[-42.27636,-22.3792],[-42.26815,-22.37524],[-42.26544,-22.37628],[-42.26312,-22.372545],[-42.25947,-22.37227],[-42.257155,-22.366475],[-42.25455,-22.3656],[-42.25106,-22.36754],[-42.249855,-22.36471],[-42.24558,-22.365145],[-42.24027,-22.36148],[-42.222485,-22.35875],[-42.225755,-22.351895],[-42.21845,-22.354565],[-42.217225,-22.360065],[-42.210885,-22.36177],[-42.205325,-22.36913],[-42.208265,-22.360815],[-42.212485,-22.35625],[-42.211605,-22.35064],[-42.21493,-22.346695],[-42.215735,-22.34145],[-42.221705,-22.33925],[-42.22404,-22.33629],[-42.22867,-22.33707],[-42.23055,-22.33377],[-42.241845,-22.32959],[-42.24698,-22.325415],[-42.25021,-22.326355],[-42.25583,-22.3215],[-42.26154,-22.320295],[-42.264175,-22.31555],[-42.25819,-22.31111],[-42.25189,-22.30947],[-42.247895,-22.299625],[-42.24901,-22.295245],[-42.244605,-22.29035],[-42.23855,-22.28618],[-42.23295,-22.28812],[-42.227095,-22.274015],[-42.21536,-22.2672],[-42.210915,-22.26249],[-42.21055,-22.25959],[-42.20334,-22.25468],[-42.201915,-22.24999],[-42.19762,-22.246645],[-42.19291,-22.24424],[-42.18336,-22.24451],[-42.17805,-22.23291],[-42.172945,-22.229135],[-42.17127,-22.225315],[-42.15998,-22.21864],[-42.15898,-22.21507],[-42.148205,-22.211065],[-42.142295,-22.212495],[-42.13804,-22.210455],[-42.13221,-22.21125],[-42.131335,-22.213275],[-42.128125,-22.213865],[-42.124905,-22.21114],[-42.122025,-22.21198],[-42.11772,-22.20799],[-42.112795,-22.206795],[-42.11173,-22.20953],[-42.108515,-22.208505],[-42.10768,-22.20974],[-42.10506,-22.20558],[-42.10019,-22.20447],[-42.098365,-22.20189],[-42.093345,-22.202665],[-42.092515,-22.196755],[-42.097935,-22.194075],[-42.09279,-22.189465],[-42.0968,-22.18315],[-42.089185,-22.176735],[-42.087945,-22.170615],[-42.081395,-22.166765],[-42.07492,-22.16386],[-42.07225,-22.165165],[-42.065635,-22.16443],[-42.05482,-22.159555],[-42.05267,-22.16247],[-42.045045,-22.163005],[-42.03942,-22.15666],[-42.03792,-22.16034],[-42.0272,-22.157955],[-42.01941,-22.14709],[-42.0113,-22.143145],[-42.00546,-22.14335],[-41.99707,-22.135295],[-41.97829,-22.12629],[-41.9738,-22.13361],[-41.96813,-22.13262],[-41.963215,-22.12865],[-41.95794,-22.117645],[-41.96245,-22.1055],[-41.958565,-22.097495],[-41.961645,-22.096665],[-41.962475,-22.09449],[-41.9603,-22.09272],[-41.96298,-22.08556],[-41.96238,-22.078615],[-41.95922,-22.076405],[-41.95516,-22.077305],[-41.947445,-22.071615],[-41.94169,-22.070385],[-41.940875,-22.064065],[-41.937155,-22.062195],[-41.93598,-22.05686],[-41.928355,-22.06197],[-41.92592,-22.06049],[-41.92481,-22.062895],[-41.91683,-22.067285],[-41.90867,-22.06827],[-41.90456,-22.06575],[-41.905515,-22.063225],[-41.90476,-22.061115],[-41.90332,-22.06179],[-41.903535,-22.057655],[-41.89553,-22.056385],[-41.887495,-22.04897],[-41.87619,-22.05494],[-41.873245,-22.05165],[-41.86704,-22.05226],[-41.86528,-22.057835],[-41.847965,-22.071355],[-41.84411,-22.070415],[-41.83655,-22.07206],[-41.839105,-22.075125],[-41.83263,-22.0783],[-41.83107,-22.08538],[-41.828225,-22.08636],[-41.82941,-22.088225],[-41.826205,-22.088935],[-41.82496,-22.09352],[-41.821955,-22.09434],[-41.821255,-22.1001],[-41.81348,-22.100605],[-41.810625,-22.09868],[-41.802835,-22.099245],[-41.799355,-22.09783],[-41.798505,-22.099245],[-41.78845,-22.099835],[-41.77905,-22.097335],[-41.778105,-22.094885],[-41.772095,-22.090905],[-41.76976,-22.08624],[-41.767515,-22.086585],[-41.76811,-22.084325],[-41.764655,-22.085615],[-41.76043,-22.083725],[-41.75304,-22.08538],[-41.753315,-22.08705],[-41.750455,-22.086395],[-41.754505,-22.08178],[-41.75323,-22.0775],[-41.75513,-22.06877],[-41.76238,-22.0635],[-41.7589,-22.05471],[-41.76211,-22.04952],[-41.766745,-22.0472],[-41.763625,-22.04416],[-41.764615,-22.0339],[-41.77632,-22.021945],[-41.78774,-22.020815],[-41.792745,-22.02485],[-41.78892,-22.018735],[-41.78324,-22.014115],[-41.76411,-22.007715],[-41.76435,-22.01392],[-41.76212,-22.019465],[-41.75363,-22.015385],[-41.747825,-22.00921],[-41.74574,-22.010685],[-41.74177,-22.008545],[-41.740065,-22.003775],[-41.73483,-22.004615],[-41.731385,-21.996335],[-41.7229,-21.992995],[-41.717815,-21.985505],[-41.71691,-21.98148],[-41.720615,-21.96808],[-41.7134,-21.96149],[-41.721025,-21.94489],[-41.71871,-21.93403],[-41.71395,-21.92374],[-41.7161,-21.91139],[-41.71279,-21.905915],[-41.71032,-21.904905],[-41.71229,-21.90121],[-41.709525,-21.90036],[-41.70959,-21.89454],[-41.702675,-21.891425],[-41.70328,-21.88981],[-41.712375,-21.890705],[-41.720465,-21.88656],[-41.72386,-21.89007],[-41.726595,-21.888025],[-41.730475,-21.889605],[-41.733115,-21.887425],[-41.740125,-21.89031],[-41.74072,-21.888765],[-41.752095,-21.88992],[-41.757705,-21.888635],[-41.77143,-21.89118],[-41.779675,-21.88921],[-41.78224,-21.886635],[-41.78458,-21.887075],[-41.78484,-21.8889],[-41.78595,-21.8876],[-41.788855,-21.88837],[-41.787815,-21.886965],[-41.789725,-21.887185],[-41.78889,-21.88591],[-41.791035,-21.883885],[-41.787355,-21.88175],[-41.7965,-21.878965],[-41.796785,-21.876835],[-41.809155,-21.880865],[-41.814755,-21.8794],[-41.835645,-21.8872],[-41.84876,-21.887605],[-41.85533,-21.884945],[-41.866675,-21.885],[-41.886815,-21.88074],[-41.888335,-21.8776],[-41.882655,-21.872695],[-41.88388,-21.872345]]]}},{"type":"Feature","properties":{"redec":"METROPOLITANA","nome":"Metropolitana","regiaoHidrografica":"Baía de Guanabara"},"geometry":{"type":"MultiPolygon","coordinates":[[[[-42.91446,-23.007495],[-42.921605,-23.01385],[-42.92399,-23.01873],[-42.919425,-23.016555],[-42.917165,-23.0116],[-42.913675,-23.009865],[-42.91285,-23.00796],[-42.91446,-23.007495]]],[[[-43.082785,-22.98577],[-43.08887,-22.98862],[-43.08676,-22.98976],[-43.082965,-22.988665],[-43.080605,-22.986995],[-43.082785,-22.98577]]],[[[-43.062205,-22.982585],[-43.062955,-22.981105],[-43.06773,-22.98274],[-43.06832,-22.98609],[-43.062205,-22.982585]]],[[[-43.05362,-22.980285],[-43.053315,-22.97715],[-43.055205,-22.980895],[-43.05362,-22.980285]]],[[[-43.10206,-22.956445],[-43.10375,-22.955285],[-43.105395,-22.957365],[-43.10206,-22.956445]]],[[[-43.124975,-22.874155],[-43.123905,-22.87672],[-43.120155,-22.87723],[-43.1182,-22.8757],[-43.124975,-22.874155]]],[[[-43.138955,-22.864465],[-43.13902,-22.868265],[-43.136385,-22.868215],[-43.138175,-22.869005],[-43.13675,-22.874125],[-43.138515,-22.8756],[-43.131365,-22.873935],[-43.132235,-22.87081],[-43.1344,-22.87081],[-43.132695,-22.868165],[-43.13688,-22.868065],[-43.136935,-22.865655],[-43.13703,-22.86808],[-43.138855,-22.86812],[-43.138955,-22.864465]]],[[[-43.126625,-22.863605],[-43.128175,-22.861515],[-43.131705,-22.865885],[-43.129995,-22.866715],[-43.126625,-22.863605]]],[[[-43.116945,-22.858855],[-43.123595,-22.8589],[-43.1266,-22.86231],[-43.11935,-22.86377],[-43.116945,-22.858855]]],[[[-43.10841,-22.83135],[-43.111395,-22.83051],[-43.115395,-22.833705],[-43.10792,-22.84065],[-43.104815,-22.834855],[-43.10841,-22.83135]]],[[[-43.09409,-22.822665],[-43.09358,-22.820405],[-43.09587,-22.819385],[-43.104295,-22.829605],[-43.10162,-22.829335],[-43.09409,-22.822665]]],[[[-43.029655,-22.74685],[-43.027185,-22.74311],[-43.030715,-22.74039],[-43.032725,-22.74239],[-43.03133,-22.746815],[-43.029655,-22.74685]]],[[[-42.55057,-22.455755],[-42.552335,-22.45188],[-42.561325,-22.44711],[-42.5712,-22.44896],[-42.572195,-22.4412],[-42.57568,-22.4405],[-42.5743,-22.43826],[-42.565045,-22.4337],[-42.562625,-22.427685],[-42.55986,-22.427545],[-42.55623,-22.42397],[-42.55697,-22.41628],[-42.554975,-22.413995],[-42.558895,-22.41176],[-42.5554,-22.40501],[-42.558255,-22.40158],[-42.5571,-22.39629],[-42.551075,-22.38653],[-42.554325,-22.381465],[-42.552275,-22.378205],[-42.557705,-22.37771],[-42.55481,-22.3735],[-42.55627,-22.369055],[-42.56278,-22.363865],[-42.56139,-22.36132],[-42.564365,-22.359425],[-42.57305,-22.35949],[-42.584605,-22.35529],[-42.587955,-22.356935],[-42.59495,-22.36775],[-42.60934,-22.373905],[-42.61176,-22.38201],[-42.61616,-22.385445],[-42.63185,-22.3929],[-42.641195,-22.392435],[-42.642025,-22.39476],[-42.65078,-22.396135],[-42.65357,-22.395095],[-42.653435,-22.39262],[-42.656065,-22.39261],[-42.65446,-22.387495],[-42.65905,-22.38583],[-42.66207,-22.385415],[-42.66844,-22.38951],[-42.67466,-22.38894],[-42.684155,-22.393415],[-42.68787,-22.38983],[-42.69355,-22.38909],[-42.697355,-22.38408],[-42.699645,-22.38439],[-42.699745,-22.38098],[-42.702665,-22.378735],[-42.707015,-22.37955],[-42.708445,-22.376495],[-42.710925,-22.377645],[-42.711175,-22.371275],[-42.70827,-22.36534],[-42.710525,-22.36155],[-42.715625,-22.359905],[-42.716075,-22.35706],[-42.72768,-22.355615],[-42.740025,-22.361005],[-42.73901,-22.370495],[-42.74589,-22.37375],[-42.75179,-22.373485],[-42.755805,-22.37766],[-42.76311,-22.37796],[-42.767605,-22.38439],[-42.774755,-22.380695],[-42.780385,-22.3815],[-42.787035,-22.37783],[-42.790065,-22.378345],[-42.79349,-22.375445],[-42.803415,-22.378685],[-42.8023,-22.387045],[-42.813085,-22.388955],[-42.815175,-22.3915],[-42.811565,-22.39298],[-42.81109,-22.397765],[-42.80871,-22.40047],[-42.81054,-22.40523],[-42.82178,-22.40609],[-42.822335,-22.40892],[-42.827005,-22.41295],[-42.83687,-22.41302],[-42.84,-22.411335],[-42.852405,-22.416915],[-42.85065,-22.417515],[-42.851975,-22.421045],[-42.850685,-22.42584],[-42.857385,-22.426285],[-42.868855,-22.431925],[-42.86867,-22.43726],[-42.874855,-22.4426],[-42.871565,-22.446105],[-42.87381,-22.449375],[-42.880245,-22.448815],[-42.885285,-22.453565],[-42.890355,-22.4551],[-42.89025,-22.45871],[-42.894095,-22.45733],[-42.897745,-22.45903],[-42.90579,-22.454785],[-42.912555,-22.45637],[-42.91819,-22.451005],[-42.92298,-22.469495],[-42.9215,-22.475985],[-42.91556,-22.48127],[-42.90616,-22.498205],[-42.902115,-22.50089],[-42.89507,-22.50172],[-42.893915,-22.504125],[-42.891275,-22.50262],[-42.88945,-22.50486],[-42.888125,-22.512155],[-42.898995,-22.51914],[-42.892015,-22.525415],[-42.89125,-22.53776],[-42.88723,-22.541185],[-42.88582,-22.548025],[-42.875995,-22.55376],[-42.87482,-22.55702],[-42.870865,-22.559315],[-42.86555,-22.56787],[-42.865585,-22.571625],[-42.88315,-22.582125],[-42.887595,-22.59218],[-42.907135,-22.601195],[-42.9107,-22.6193],[-42.90318,-22.625485],[-42.89947,-22.63934],[-42.90559,-22.65438],[-42.91172,-22.655565],[-42.912,-22.672345],[-42.917445,-22.67577],[-42.91828,-22.68074],[-42.921695,-22.684765],[-42.934765,-22.69244],[-42.93598,-22.694335],[-42.93375,-22.69838],[-42.939355,-22.69949],[-42.945765,-22.710295],[-42.957305,-22.71544],[-42.95963,-22.71495],[-42.95894,-22.718595],[-42.960555,-22.721285],[-42.962765,-22.72137],[-42.96242,-22.7253],[-42.96734,-22.72176],[-42.96947,-22.72868],[-42.97442,-22.731615],[-42.977995,-22.72664],[-42.98816,-22.728755],[-42.994,-22.727445],[-42.996985,-22.72046],[-43.00618,-22.71459],[-43.01411,-22.718915],[-43.01475,-22.72549],[-43.02591,-22.72612],[-43.029435,-22.72743],[-43.029365,-22.73936],[-43.026225,-22.743485],[-43.027965,-22.746605],[-43.039405,-22.75034],[-43.046625,-22.75717],[-43.063735,-22.764785],[-43.06536,-22.768195],[-43.06876,-22.769895],[-43.068365,-22.77865],[-43.080535,-22.78734],[-43.08152,-22.78939],[-43.078935,-22.799135],[-43.06507,-22.802935],[-43.08207,-22.820055],[-43.089575,-22.82205],[-43.09711,-22.82812],[-43.097725,-22.833715],[-43.095395,-22.83433],[-43.096625,-22.835685],[-43.09538,-22.8371],[-43.098065,-22.83827],[-43.096105,-22.83929],[-43.0974,-22.842645],[-43.10175,-22.844085],[-43.10404,-22.84918],[-43.10384,-22.85108],[-43.100485,-22.849385],[-43.101555,-22.853035],[-43.107665,-22.860335],[-43.10767,-22.863555],[-43.11002,-22.86221],[-43.10896,-22.86495],[-43.112255,-22.866445],[-43.110765,-22.86682],[-43.11169,-22.87749],[-43.113285,-22.877885],[-43.11233,-22.86865],[-43.113645,-22.864695],[-43.115265,-22.86456],[-43.1252,-22.87243],[-43.116405,-22.8753],[-43.115165,-22.877225],[-43.117895,-22.876715],[-43.114505,-22.87925],[-43.114435,-22.88131],[-43.12009,-22.883055],[-43.11886,-22.88133],[-43.120645,-22.88207],[-43.119715,-22.880665],[-43.12178,-22.877705],[-43.12824,-22.876435],[-43.13177,-22.87746],[-43.13455,-22.881575],[-43.13405,-22.88493],[-43.13121,-22.88441],[-43.13076,-22.88692],[-43.12895,-22.887315],[-43.12895,-22.89174],[-43.12438,-22.892515],[-43.125145,-22.895225],[-43.135735,-22.89782],[-43.13688,-22.903145],[-43.131185,-22.908395],[-43.13151,-22.911135],[-43.129475,-22.91055],[-43.129725,-22.90845],[-43.12549,-22.908085],[-43.124555,-22.90538],[-43.116785,-22.904365],[-43.1104,-22.911085],[-43.111005,-22.915335],[-43.10049,-22.91406],[-43.09555,-22.915915],[-43.0957,-22.925265],[-43.098615,-22.931575],[-43.10213,-22.934505],[-43.10528,-22.935675],[-43.10761,-22.934195],[-43.1084,-22.93557],[-43.10947,-22.93392],[-43.111895,-22.935345],[-43.11417,-22.93238],[-43.11185,-22.929375],[-43.1143,-22.92826],[-43.116695,-22.93106],[-43.119795,-22.92597],[-43.119665,-22.92264],[-43.121405,-22.922265],[-43.12469,-22.923785],[-43.122685,-22.92942],[-43.127115,-22.9321],[-43.12594,-22.9343],[-43.131595,-22.93782],[-43.13527,-22.937775],[-43.129435,-22.93919],[-43.117435,-22.93674],[-43.11559,-22.941245],[-43.120445,-22.94342],[-43.12036,-22.94545],[-43.113375,-22.94505],[-43.111125,-22.95008],[-43.11431,-22.95149],[-43.11086,-22.95167],[-43.11066,-22.953525],[-43.103635,-22.954445],[-43.100925,-22.952585],[-43.09823,-22.9536],[-43.098465,-22.955605],[-43.09284,-22.954165],[-43.07729,-22.955955],[-43.07029,-22.95792],[-43.069845,-22.959965],[-43.051935,-22.963635],[-43.045735,-22.97249],[-43.051715,-22.977565],[-43.051565,-22.981845],[-43.045905,-22.980045],[-43.039645,-22.974495],[-43.03809,-22.97597],[-43.036555,-22.97473],[-43.03017,-22.9756],[-43.029755,-22.980005],[-43.025005,-22.98067],[-43.02427,-22.97511],[-43.01406,-22.9771],[-43.013305,-22.97145],[-43.004675,-22.96972],[-42.966825,-22.97001],[-42.91769,-22.974945],[-42.8707,-22.96565],[-42.733095,-22.956465],[-42.70262,-22.956595],[-42.69543,-22.958005],[-42.69352,-22.96137],[-42.68995,-22.962105],[-42.682645,-22.957565],[-42.68249,-22.949385],[-42.68047,-22.94616],[-42.66939,-22.942345],[-42.64121,-22.93754],[-42.63419,-22.919735],[-42.63807,-22.91787],[-42.646585,-22.907865],[-42.655215,-22.90385],[-42.670235,-22.911035],[-42.67963,-22.908795],[-42.673885,-22.90365],[-42.678955,-22.896135],[-42.67639,-22.88803],[-42.67719,-22.877725],[-42.674095,-22.873175],[-42.66187,-22.863455],[-42.65994,-22.85901],[-42.65299,-22.855725],[-42.645865,-22.85533],[-42.643355,-22.85127],[-42.64608,-22.8446],[-42.66012,-22.849075],[-42.661835,-22.8466],[-42.668915,-22.84464],[-42.656155,-22.828425],[-42.657945,-22.82404],[-42.662645,-22.826195],[-42.664265,-22.82445],[-42.663215,-22.8227],[-42.66826,-22.82198],[-42.665155,-22.81752],[-42.669735,-22.81541],[-42.66997,-22.81163],[-42.666665,-22.8102],[-42.663265,-22.80404],[-42.66675,-22.80222],[-42.65909,-22.80223],[-42.658205,-22.80092],[-42.6593,-22.79899],[-42.67254,-22.79597],[-42.677955,-22.79778],[-42.67997,-22.7964],[-42.679475,-22.79471],[-42.688045,-22.792985],[-42.68616,-22.78786],[-42.687955,-22.78438],[-42.685415,-22.78011],[-42.68226,-22.780125],[-42.675545,-22.77397],[-42.676065,-22.769765],[-42.68486,-22.76794],[-42.69034,-22.76174],[-42.686485,-22.758995],[-42.69404,-22.753325],[-42.69512,-22.742005],[-42.6982,-22.738045],[-42.700405,-22.726745],[-42.703525,-22.72597],[-42.70524,-22.723235],[-42.708895,-22.723415],[-42.74722,-22.686535],[-42.7378,-22.683165],[-42.735285,-22.67906],[-42.716715,-22.67502],[-42.714275,-22.67029],[-42.709255,-22.67036],[-42.703915,-22.663575],[-42.6989,-22.66336],[-42.700615,-22.660935],[-42.699025,-22.658705],[-42.69294,-22.65666],[-42.69384,-22.65561],[-42.69084,-22.654075],[-42.69311,-22.64259],[-42.688355,-22.642375],[-42.686485,-22.64053],[-42.67506,-22.64081],[-42.67283,-22.63778],[-42.668005,-22.636735],[-42.662825,-22.64416],[-42.65647,-22.641775],[-42.65396,-22.643375],[-42.648435,-22.64206],[-42.645935,-22.644805],[-42.64136,-22.641025],[-42.640245,-22.64321],[-42.63742,-22.643415],[-42.63878,-22.64487],[-42.637405,-22.648465],[-42.625935,-22.657195],[-42.620025,-22.654085],[-42.61897,-22.651415],[-42.61353,-22.649935],[-42.612075,-22.645525],[-42.604075,-22.64134],[-42.60158,-22.63739],[-42.59599,-22.63486],[-42.59351,-22.630375],[-42.58726,-22.627815],[-42.585875,-22.625235],[-42.57743,-22.62352],[-42.572175,-22.626275],[-42.56932,-22.62288],[-42.565595,-22.621765],[-42.564845,-22.62021],[-42.60336,-22.54071],[-42.59882,-22.540205],[-42.596145,-22.535275],[-42.593175,-22.533725],[-42.591235,-22.528915],[-42.59254,-22.52668],[-42.587505,-22.523685],[-42.58612,-22.514885],[-42.578,-22.50208],[-42.57814,-22.49409],[-42.57184,-22.48705],[-42.566125,-22.484785],[-42.567335,-22.47918],[-42.56325,-22.4722],[-42.563375,-22.46758],[-42.553455,-22.466535],[-42.55057,-22.455755]]]]}},{"type":"Feature","properties":{"redec":"NORTE","nome":"Norte","regiaoHidrografica":"Baixo Paraíba do Sul/Itabapoana"},"geometry":{"type":"MultiPolygon","coordinates":[[[[-41.02798,-21.621355],[-41.02978,-21.62142],[-41.02644,-21.623125],[-41.02798,-21.621355]]],[[[-41.02501,-21.620755],[-41.028495,-21.62072],[-41.02477,-21.622985],[-41.02199,-21.62106],[-41.02501,-21.620755]]],[[[-41.018755,-21.62043],[-41.01767,-21.619555],[-41.02031,-21.6203],[-41.018755,-21.62043]]],[[[-41.015815,-21.62007],[-41.015465,-21.61887],[-41.016905,-21.61939],[-41.015815,-21.62007]]],[[[-41.01658,-21.6062],[-41.01742,-21.605325],[-41.01771,-21.60649],[-41.01363,-21.60938],[-41.013845,-21.610965],[-41.01621,-21.61074],[-41.014215,-21.611445],[-41.014225,-21.615575],[-41.0122,-21.60837],[-41.013495,-21.607345],[-41.013005,-21.60892],[-41.01494,-21.60828],[-41.01658,-21.6062]]],[[[-41.04562,-21.59245],[-41.04612,-21.590895],[-41.046835,-21.59306],[-41.04562,-21.59245]]],[[[-41.049175,-21.58777],[-41.0488,-21.5858],[-41.05047,-21.58539],[-41.049175,-21.58777]]],[[[-41.051405,-21.58003],[-41.053015,-21.579195],[-41.050505,-21.58402],[-41.051405,-21.58003]]],[[[-41.05451,-21.576815],[-41.05405,-21.57516],[-41.055685,-21.57465],[-41.05451,-21.576815]]],[[[-41.056585,-21.564725],[-41.05805,-21.564205],[-41.057325,-21.56644],[-41.059365,-21.565305],[-41.04249,-21.59415],[-41.04591,-21.593285],[-41.04712,-21.59615],[-41.044275,-21.60678],[-41.046425,-21.61555],[-41.029975,-21.616375],[-41.01922,-21.61375],[-41.018335,-21.609735],[-41.01982,-21.611415],[-41.020845,-21.60952],[-41.017055,-21.609475],[-41.042765,-21.59326],[-41.056585,-21.564725]]],[[[-41.6885,-22.29964],[-41.65041,-22.27941],[-41.50031,-22.21758],[-41.44751,-22.20135],[-41.27001,-22.155355],[-41.219115,-22.138635],[-41.192335,-22.12749],[-41.16461,-22.114415],[-41.133225,-22.09679],[-41.134025,-22.09236],[-41.129785,-22.088405],[-41.07852,-22.05876],[-41.00462,-22.02157],[-40.99082,-22.01028],[-40.986715,-22.00478],[-40.980405,-21.990595],[-40.97605,-21.973655],[-40.974595,-21.948325],[-40.97772,-21.92704],[-40.988855,-21.885695],[-41.02389,-21.732605],[-41.024675,-21.714545],[-41.022655,-21.68539],[-41.0131,-21.623605],[-41.010015,-21.61455],[-41.01533,-21.621995],[-41.020495,-21.621155],[-41.021895,-21.622495],[-41.026885,-21.6234],[-41.03028,-21.622125],[-41.030625,-21.62043],[-41.03991,-21.62083],[-41.043685,-21.61803],[-41.04686,-21.619095],[-41.05022,-21.615695],[-41.045975,-21.606605],[-41.04861,-21.59863],[-41.05208,-21.597745],[-41.052435,-21.5935],[-41.050155,-21.59412],[-41.05959,-21.571815],[-41.061945,-21.559585],[-41.06967,-21.5385],[-41.073255,-21.51678],[-41.069025,-21.49792],[-41.05732,-21.478895],[-41.04749,-21.467965],[-41.0376,-21.462275],[-41.035215,-21.4572],[-41.0231,-21.445265],[-41.016875,-21.433005],[-41.006095,-21.419085],[-41.002465,-21.407415],[-40.997745,-21.39983],[-40.99065,-21.393365],[-40.982615,-21.391615],[-40.977285,-21.38276],[-40.969245,-21.375215],[-40.964645,-21.36278],[-40.96139,-21.36078],[-40.96463,-21.33983],[-40.959275,-21.31591],[-40.960085,-21.30164],[-40.965745,-21.299595],[-40.964895,-21.29599],[-40.971745,-21.29503],[-40.97449,-21.28868],[-40.97752,-21.290565],[-40.980605,-21.289495],[-40.98063,-21.28764],[-40.976875,-21.286995],[-40.97627,-21.28225],[-40.97833,-21.28057],[-40.98029,-21.28047],[-40.985125,-21.287465],[-40.996245,-21.285315],[-40.998885,-21.280195],[-41.000175,-21.26975],[-40.99821,-21.26564],[-41.00062,-21.26453],[-40.999925,-21.26193],[-41.001645,-21.25982],[-41.000075,-21.25834],[-41.00372,-21.256225],[-41.00474,-21.25132],[-41.016055,-21.25199],[-41.01935,-21.248145],[-41.024575,-21.24599],[-41.03145,-21.250995],[-41.035745,-21.25125],[-41.035395,-21.253785],[-41.04115,-21.25494],[-41.044505,-21.25314],[-41.044985,-21.250765],[-41.04668,-21.25118],[-41.04572,-21.247085],[-41.047405,-21.24895],[-41.05138,-21.242295],[-41.054055,-21.24345],[-41.052885,-21.24092],[-41.05897,-21.234825],[-41.06946,-21.22796],[-41.07318,-21.230805],[-41.07388,-21.22701],[-41.08172,-21.223825],[-41.080395,-21.222105],[-41.085465,-21.22204],[-41.089115,-21.21959],[-41.090665,-21.22134],[-41.09222,-21.218125],[-41.09398,-21.22072],[-41.099025,-21.221095],[-41.101545,-21.219335],[-41.102385,-21.221995],[-41.10328,-21.219335],[-41.10494,-21.219375],[-41.10791,-21.222495],[-41.11203,-21.222515],[-41.115735,-21.228795],[-41.119025,-21.22996],[-41.126765,-21.230225],[-41.13066,-21.226525],[-41.136175,-21.226935],[-41.138945,-21.23037],[-41.136495,-21.23213],[-41.137385,-21.235215],[-41.14122,-21.23928],[-41.145325,-21.237195],[-41.150315,-21.23968],[-41.15547,-21.23975],[-41.15576,-21.245045],[-41.15811,-21.24173],[-41.16147,-21.245985],[-41.161965,-21.2434],[-41.16465,-21.24229],[-41.168205,-21.24565],[-41.16799,-21.24267],[-41.17589,-21.244405],[-41.17401,-21.240715],[-41.175885,-21.24215],[-41.18056,-21.24174],[-41.177905,-21.2413],[-41.17764,-21.23887],[-41.180795,-21.23982],[-41.18306,-21.236085],[-41.18219,-21.238595],[-41.18585,-21.24172],[-41.18332,-21.242065],[-41.182575,-21.24461],[-41.187855,-21.243345],[-41.190815,-21.24883],[-41.192755,-21.2467],[-41.193155,-21.241245],[-41.1934,-21.24412],[-41.197665,-21.2424],[-41.19819,-21.24437],[-41.20381,-21.24018],[-41.204985,-21.243975],[-41.21168,-21.235665],[-41.214615,-21.23774],[-41.21521,-21.235975],[-41.222195,-21.232755],[-41.22069,-21.229815],[-41.224535,-21.231985],[-41.22385,-21.227425],[-41.226415,-21.228665],[-41.227175,-21.231585],[-41.229685,-21.229025],[-41.227565,-21.22617],[-41.234505,-21.22591],[-41.236515,-21.222555],[-41.24153,-21.22038],[-41.25628,-21.225135],[-41.258635,-21.227995],[-41.257325,-21.230115],[-41.260805,-21.232875],[-41.26101,-21.236855],[-41.26454,-21.23321],[-41.26934,-21.23266],[-41.27365,-21.233755],[-41.270695,-21.235445],[-41.271415,-21.23723],[-41.2755,-21.235545],[-41.27671,-21.2402],[-41.280975,-21.23809],[-41.28307,-21.23458],[-41.28454,-21.23494],[-41.28457,-21.23843],[-41.286715,-21.234315],[-41.29188,-21.232435],[-41.296905,-21.23527],[-41.29717,-21.23103],[-41.3035,-21.22854],[-41.309745,-21.219615],[-41.31697,-21.221955],[-41.316065,-21.21358],[-41.32531,-21.212985],[-41.32311,-21.216935],[-41.326455,-21.218365],[-41.332725,-21.215515],[-41.331315,-21.211545],[-41.336685,-21.207155],[-41.34311,-21.20888],[-41.34935,-21.20551],[-41.35485,-21.206725],[-41.358545,-21.202655],[-41.361595,-21.20495],[-41.36246,-21.2029],[-41.36625,-21.202215],[-41.369815,-21.20413],[-41.37263,-21.20337],[-41.376225,-21.20115],[-41.376655,-21.195825],[-41.380295,-21.195665],[-41.381205,-21.200055],[-41.38488,-21.20104],[-41.38785,-21.19876],[-41.392485,-21.202575],[-41.402465,-21.198305],[-41.406185,-21.202465],[-41.410195,-21.19853],[-41.412225,-21.20173],[-41.41677,-21.200205],[-41.435925,-21.21582],[-41.43982,-21.21392],[-41.448545,-21.214335],[-41.4535,-21.20915],[-41.460715,-21.20868],[-41.46963,-21.202715],[-41.47008,-21.231395],[-41.470425,-21.23142],[-41.4724,-21.23284],[-41.4729,-21.23292],[-41.47635,-21.233375],[-41.476835,-21.23337],[-41.48296,-21.235835],[-41.4831,-21.236305],[-41.483605,-21.236735],[-41.48384,-21.237345],[-41.486465,-21.238715],[-41.48657,-21.238575],[-41.488965,-21.240975],[-41.489285,-21.241185],[-41.48916,-21.241605],[-41.48928,-21.24188],[-41.49186,-21.243205],[-41.49198,-21.24324],[-41.49618,-21.24502],[-41.4967,-21.248455],[-41.49658,-21.248545],[-41.497885,-21.25044],[-41.498345,-21.25047],[-41.498405,-21.251055],[-41.49822,-21.25138],[-41.49809,-21.251715],[-41.49816,-21.25187],[-41.49819,-21.25202],[-41.49949,-21.25469],[-41.499265,-21.25475],[-41.49925,-21.25508],[-41.499205,-21.255425],[-41.50261,-21.26018],[-41.50175,-21.261735],[-41.507825,-21.265545],[-41.50825,-21.26548],[-41.50855,-21.265215],[-41.508675,-21.26515],[-41.509315,-21.26425],[-41.50953,-21.264155],[-41.511975,-21.26419],[-41.512645,-21.26256],[-41.51294,-21.262585],[-41.51426,-21.26122],[-41.516945,-21.263165],[-41.51694,-21.26278],[-41.51858,-21.26396],[-41.518795,-21.263875],[-41.523375,-21.266975],[-41.52338,-21.267195],[-41.525005,-21.268205],[-41.525135,-21.268415],[-41.523955,-21.27445],[-41.52865,-21.27622],[-41.52974,-21.278355],[-41.532875,-21.27829],[-41.535595,-21.281225],[-41.53578,-21.28134],[-41.53728,-21.28039],[-41.53743,-21.28029],[-41.543935,-21.28541],[-41.549615,-21.29315],[-41.554755,-21.296255],[-41.5551,-21.296445],[-41.56344,-21.299685],[-41.56669,-21.303115],[-41.57228,-21.30368],[-41.581025,-21.30769],[-41.587395,-21.312195],[-41.58464,-21.31621],[-41.55177,-21.42997],[-41.44992,-21.39786],[-41.44854,-21.4038],[-41.448625,-21.40401],[-41.44833,-21.40502],[-41.44863,-21.405135],[-41.446445,-21.4074],[-41.446375,-21.407525],[-41.445725,-21.40788],[-41.44528,-21.408135],[-41.44525,-21.40838],[-41.445045,-21.40845],[-41.445035,-21.408565],[-41.444475,-21.40912],[-41.444415,-21.409025],[-41.444195,-21.40952],[-41.44369,-21.40947],[-41.44287,-21.41044],[-41.442835,-21.410645],[-41.441415,-21.410815],[-41.44121,-21.4106],[-41.440885,-21.410775],[-41.44073,-21.411015],[-41.440295,-21.41081],[-41.44032,-21.41062],[-41.437855,-21.41114],[-41.437575,-21.411035],[-41.437235,-21.41083],[-41.437225,-21.4107],[-41.436585,-21.41083],[-41.436515,-21.410925],[-41.436145,-21.410875],[-41.43585,-21.41114],[-41.43554,-21.411215],[-41.435445,-21.411035],[-41.434715,-21.410495],[-41.43449,-21.41054],[-41.434015,-21.41114],[-41.43391,-21.41132],[-41.433775,-21.411775],[-41.433725,-21.41186],[-41.431835,-21.41348],[-41.431835,-21.4137],[-41.43204,-21.414085],[-41.431885,-21.41405],[-41.431545,-21.413585],[-41.4314,-21.41352],[-41.430385,-21.41658],[-41.430275,-21.41686],[-41.430305,-21.41701],[-41.430215,-21.417925],[-41.430225,-21.417765],[-41.42981,-21.417765],[-41.429855,-21.417945],[-41.4301,-21.418155],[-41.430075,-21.41831],[-41.4298,-21.418275],[-41.42975,-21.418315],[-41.42955,-21.41927],[-41.42931,-21.419445],[-41.42862,-21.420195],[-41.4281,-21.420175],[-41.42776,-21.42089],[-41.42763,-21.420915],[-41.427315,-21.421215],[-41.42731,-21.42149],[-41.425775,-21.423005],[-41.4257,-21.423335],[-41.42573,-21.423785],[-41.42583,-21.423895],[-41.42404,-21.42785],[-41.423975,-21.42793],[-41.42243,-21.42958],[-41.422275,-21.429545],[-41.42227,-21.429545],[-41.42219,-21.42964],[-41.42222,-21.42987],[-41.42221,-21.430005],[-41.42211,-21.430265],[-41.42215,-21.43061],[-41.4222,-21.43082],[-41.422205,-21.43096],[-41.422125,-21.431115],[-41.421535,-21.431095],[-41.42143,-21.43128],[-41.421405,-21.431285],[-41.4212,-21.431345],[-41.42117,-21.43139],[-41.421145,-21.431675],[-41.420805,-21.43203],[-41.42067,-21.431995],[-41.420235,-21.43224],[-41.416505,-21.434695],[-41.41633,-21.434535],[-41.415495,-21.436],[-41.415445,-21.43624],[-41.41575,-21.436605],[-41.415635,-21.436715],[-41.415685,-21.437205],[-41.41563,-21.437285],[-41.41474,-21.43691],[-41.414705,-21.437065],[-41.41481,-21.43802],[-41.414735,-21.43797],[-41.414735,-21.43794],[-41.414675,-21.437865],[-41.412725,-21.440685],[-41.412855,-21.44098],[-41.412605,-21.443385],[-41.41251,-21.443405],[-41.412405,-21.443645],[-41.41241,-21.443755],[-41.41271,-21.44391],[-41.41289,-21.44391],[-41.41342,-21.443815],[-41.413585,-21.443855],[-41.41345,-21.44414],[-41.4133,-21.444245],[-41.413365,-21.44458],[-41.41358,-21.44485],[-41.413665,-21.44492],[-41.413725,-21.44504],[-41.41328,-21.44535],[-41.41331,-21.445485],[-41.41332,-21.445735],[-41.41325,-21.446],[-41.4135,-21.446725],[-41.41353,-21.44686],[-41.41207,-21.447685],[-41.411875,-21.44784],[-41.411855,-21.4479],[-41.41191,-21.44795],[-41.412005,-21.448485],[-41.412055,-21.44862],[-41.411595,-21.449095],[-41.411475,-21.449155],[-41.41166,-21.4497],[-41.411725,-21.4498],[-41.41202,-21.450275],[-41.41206,-21.450305],[-41.4129,-21.455015],[-41.412855,-21.45521],[-41.41265,-21.45557],[-41.412385,-21.45578],[-41.412295,-21.45589],[-41.412245,-21.45603],[-41.41225,-21.45774],[-41.41238,-21.45791],[-41.41242,-21.45796],[-41.41242,-21.458075],[-41.41238,-21.45854],[-41.412635,-21.45872],[-41.412675,-21.45886],[-41.412735,-21.458905],[-41.412845,-21.458935],[-41.412945,-21.459155],[-41.412475,-21.45952],[-41.41235,-21.45943],[-41.411935,-21.459315],[-41.41184,-21.459405],[-41.412135,-21.46159],[-41.4122,-21.461795],[-41.412515,-21.461945],[-41.41287,-21.463245],[-41.413045,-21.46321],[-41.413185,-21.463105],[-41.413285,-21.46337],[-41.413165,-21.463485],[-41.412445,-21.4647],[-41.4126,-21.464795],[-41.41279,-21.465025],[-41.41272,-21.465125],[-41.41238,-21.465255],[-41.412215,-21.46548],[-41.41122,-21.465815],[-41.41112,-21.466055],[-41.409475,-21.466665],[-41.40937,-21.467075],[-41.409325,-21.46715],[-41.40911,-21.46735],[-41.40814,-21.46744],[-41.407985,-21.467515],[-41.407835,-21.467285],[-41.40778,-21.46717],[-41.4076,-21.467115],[-41.40614,-21.467065],[-41.405995,-21.46696],[-41.40596,-21.466705],[-41.40582,-21.466715],[-41.405715,-21.466845],[-41.405045,-21.467585],[-41.40492,-21.46768],[-41.40463,-21.467825],[-41.404505,-21.46779],[-41.404365,-21.467765],[-41.400685,-21.4708],[-41.400595,-21.47105],[-41.400285,-21.47175],[-41.40017,-21.471925],[-41.40007,-21.47198],[-41.39998,-21.471935],[-41.39959,-21.472175],[-41.39943,-21.472115],[-41.399275,-21.471935],[-41.39911,-21.47175],[-41.399035,-21.471745],[-41.398465,-21.472345],[-41.398335,-21.472365],[-41.3986,-21.47267],[-41.39873,-21.472685],[-41.398735,-21.47271],[-41.398685,-21.47279],[-41.398575,-21.472855],[-41.39841,-21.47294],[-41.39837,-21.47338],[-41.39805,-21.473385],[-41.397955,-21.473545],[-41.39801,-21.47365],[-41.39763,-21.47394],[-41.397435,-21.47404],[-41.39579,-21.476095],[-41.395785,-21.47631],[-41.39591,-21.47685],[-41.39584,-21.476905],[-41.39594,-21.477935],[-41.39584,-21.478055],[-41.395525,-21.478085],[-41.39545,-21.478125],[-41.395505,-21.478345],[-41.395525,-21.478465],[-41.39548,-21.47862],[-41.395415,-21.47872],[-41.395325,-21.4788],[-41.395255,-21.47885],[-41.39509,-21.478865],[-41.394535,-21.478845],[-41.394345,-21.478855],[-41.393525,-21.478895],[-41.393425,-21.478925],[-41.392625,-21.47893],[-41.39263,-21.478885],[-41.392215,-21.47868],[-41.39214,-21.47866],[-41.39143,-21.47841],[-41.391295,-21.47844],[-41.39119,-21.47849],[-41.391085,-21.478535],[-41.390875,-21.47856],[-41.390775,-21.478565],[-41.39014,-21.478875],[-41.39006,-21.478895],[-41.389865,-21.479745],[-41.38974,-21.47976],[-41.38971,-21.47992],[-41.389805,-21.47993],[-41.390455,-21.481625],[-41.39048,-21.481705],[-41.3907,-21.482165],[-41.39072,-21.48224],[-41.389315,-21.48416],[-41.38925,-21.48431],[-41.388965,-21.48493],[-41.388945,-21.485025],[-41.388745,-21.485185],[-41.388665,-21.48512],[-41.388295,-21.484965],[-41.388265,-21.48474],[-41.388165,-21.48461],[-41.38803,-21.48466],[-41.387865,-21.48467],[-41.387755,-21.48465],[-41.387545,-21.48476],[-41.387555,-21.484865],[-41.386935,-21.485325],[-41.38698,-21.485465],[-41.38678,-21.48588],[-41.38662,-21.485895],[-41.386545,-21.486085],[-41.386505,-21.48617],[-41.38595,-21.486435],[-41.386035,-21.48665],[-41.38504,-21.488785],[-41.384845,-21.488865],[-41.384755,-21.488885],[-41.384525,-21.48891],[-41.384095,-21.488865],[-41.38402,-21.488835],[-41.383865,-21.48878],[-41.383745,-21.488765],[-41.383595,-21.48882],[-41.382605,-21.489545],[-41.38254,-21.489635],[-41.382765,-21.492275],[-41.3827,-21.492495],[-41.37745,-21.49753],[-41.377195,-21.497805],[-41.37306,-21.50616],[-41.37313,-21.506565],[-41.373115,-21.507235],[-41.37315,-21.507565],[-41.373155,-21.507655],[-41.373395,-21.510655],[-41.373395,-21.51103],[-41.37366,-21.51527],[-41.37364,-21.516],[-41.37368,-21.51638],[-41.37364,-21.517115],[-41.373505,-21.517675],[-41.364715,-21.53151],[-41.36407,-21.535365],[-41.36409,-21.53566],[-41.3623,-21.539305],[-41.36196,-21.539805],[-41.361325,-21.541155],[-41.361075,-21.54176],[-41.361595,-21.548515],[-41.362135,-21.549855],[-41.365245,-21.55707],[-41.37125,-21.558545],[-41.371795,-21.55883],[-41.379385,-21.560965],[-41.379665,-21.561685],[-41.38026,-21.562695],[-41.380405,-21.562815],[-41.386125,-21.566325],[-41.38675,-21.568525],[-41.38688,-21.56894],[-41.387265,-21.56951],[-41.38768,-21.569995],[-41.39192,-21.575135],[-41.39219,-21.57547],[-41.392845,-21.576035],[-41.393325,-21.576435],[-41.39392,-21.57688],[-41.39422,-21.57717],[-41.39434,-21.577315],[-41.39508,-21.578705],[-41.395375,-21.57924],[-41.397705,-21.58135],[-41.397915,-21.581325],[-41.398055,-21.58131],[-41.39833,-21.581385],[-41.398565,-21.58149],[-41.39896,-21.581595],[-41.400895,-21.582765],[-41.400925,-21.58304],[-41.40055,-21.591555],[-41.40065,-21.59194],[-41.402505,-21.59525],[-41.402535,-21.59561],[-41.40153,-21.597225],[-41.40157,-21.597565],[-41.40274,-21.602165],[-41.407305,-21.606925],[-41.407495,-21.607345],[-41.4078,-21.607655],[-41.40881,-21.60854],[-41.409235,-21.60892],[-41.42065,-21.610905],[-41.421635,-21.610895],[-41.42423,-21.61088],[-41.424575,-21.61091],[-41.42622,-21.612235],[-41.427045,-21.61315],[-41.427795,-21.615355],[-41.427715,-21.61561],[-41.48998,-21.674895],[-41.49337,-21.670275],[-41.49428,-21.66506],[-41.50591,-21.65425],[-41.50846,-21.651075],[-41.509625,-21.64593],[-41.513675,-21.643015],[-41.5167,-21.636625],[-41.52189,-21.6343],[-41.53029,-21.625045],[-41.538135,-21.621865],[-41.541355,-21.62702],[-41.553335,-21.63028],[-41.556005,-21.64059],[-41.559275,-21.638825],[-41.56355,-21.643235],[-41.565165,-21.64122],[-41.56981,-21.64038],[-41.575965,-21.646515],[-41.575205,-21.64984],[-41.57805,-21.65302],[-41.58204,-21.653235],[-41.58426,-21.65704],[-41.58929,-21.65833],[-41.591205,-21.664145],[-41.59423,-21.66288],[-41.60425,-21.665285],[-41.611545,-21.66474],[-41.6127,-21.665095],[-41.61687,-21.67095],[-41.630305,-21.67009],[-41.634075,-21.67143],[-41.63634,-21.669245],[-41.639505,-21.670405],[-41.64841,-21.681025],[-41.64907,-21.68751],[-41.652795,-21.689505],[-41.655435,-21.693935],[-41.663045,-21.69438],[-41.66565,-21.698195],[-41.6698,-21.698575],[-41.677335,-21.703235],[-41.681635,-21.702685],[-41.683465,-21.70825],[-41.687955,-21.711135],[-41.69129,-21.71013],[-41.696015,-21.714415],[-41.695365,-21.718975],[-41.700465,-21.725745],[-41.698615,-21.73121],[-41.699775,-21.73631],[-41.69772,-21.73924],[-41.70221,-21.741745],[-41.70421,-21.747915],[-41.709225,-21.75164],[-41.72267,-21.756065],[-41.729535,-21.76317],[-41.732375,-21.764215],[-41.734305,-21.76282],[-41.747905,-21.77929],[-41.75168,-21.781155],[-41.749245,-21.786175],[-41.746,-21.78758],[-41.747185,-21.788795],[-41.756335,-21.789765],[-41.765795,-21.787445],[-41.774045,-21.7895],[-41.776595,-21.788295],[-41.77749,-21.78474],[-41.78694,-21.783665],[-41.788625,-21.781635],[-41.79588,-21.78384],[-41.795785,-21.7943],[-41.797465,-21.795905],[-41.808665,-21.797665],[-41.81074,-21.804815],[-41.814955,-21.806395],[-41.816255,-21.80967],[-41.825865,-21.81747],[-41.8306,-21.817665],[-41.834495,-21.820815],[-41.83547,-21.82446],[-41.839185,-21.82687],[-41.83737,-21.83309],[-41.842505,-21.83625],[-41.850205,-21.837215],[-41.85817,-21.84462],[-41.88472,-21.85826],[-41.888475,-21.865175],[-41.88388,-21.872345],[-41.882655,-21.872695],[-41.888335,-21.8776],[-41.886815,-21.88074],[-41.866675,-21.885],[-41.85533,-21.884945],[-41.84876,-21.887605],[-41.835645,-21.8872],[-41.814755,-21.8794],[-41.809155,-21.880865],[-41.796785,-21.876835],[-41.7965,-21.878965],[-41.787355,-21.88175],[-41.791035,-21.883885],[-41.78889,-21.88591],[-41.789725,-21.887185],[-41.787815,-21.886965],[-41.788855,-21.88837],[-41.78595,-21.8876],[-41.78484,-21.8889],[-41.78458,-21.887075],[-41.78224,-21.886635],[-41.779675,-21.88921],[-41.77143,-21.89118],[-41.757705,-21.888635],[-41.752095,-21.88992],[-41.74072,-21.888765],[-41.740125,-21.89031],[-41.733115,-21.887425],[-41.730475,-21.889605],[-41.726595,-21.888025],[-41.72386,-21.89007],[-41.720465,-21.88656],[-41.712375,-21.890705],[-41.70328,-21.88981],[-41.702675,-21.891425],[-41.70959,-21.89454],[-41.709525,-21.90036],[-41.71229,-21.90121],[-41.71032,-21.904905],[-41.71279,-21.905915],[-41.7161,-21.91139],[-41.71395,-21.92374],[-41.71871,-21.93403],[-41.721025,-21.94489],[-41.7134,-21.96149],[-41.720615,-21.96808],[-41.71691,-21.98148],[-41.717815,-21.985505],[-41.7229,-21.992995],[-41.731385,-21.996335],[-41.73483,-22.004615],[-41.740065,-22.003775],[-41.74177,-22.008545],[-41.74574,-22.010685],[-41.747825,-22.00921],[-41.75363,-22.015385],[-41.76212,-22.019465],[-41.76435,-22.01392],[-41.76411,-22.007715],[-41.78324,-22.014115],[-41.78892,-22.018735],[-41.792745,-22.02485],[-41.78774,-22.020815],[-41.77632,-22.021945],[-41.764615,-22.0339],[-41.763625,-22.04416],[-41.766745,-22.0472],[-41.76211,-22.04952],[-41.7589,-22.05471],[-41.76238,-22.0635],[-41.75513,-22.06877],[-41.75323,-22.0775],[-41.754505,-22.08178],[-41.750455,-22.086395],[-41.753315,-22.08705],[-41.75304,-22.08538],[-41.76043,-22.083725],[-41.764655,-22.085615],[-41.76811,-22.084325],[-41.767515,-22.086585],[-41.76976,-22.08624],[-41.772095,-22.090905],[-41.778105,-22.094885],[-41.77905,-22.097335],[-41.78845,-22.099835],[-41.798505,-22.099245],[-41.799355,-22.09783],[-41.802835,-22.099245],[-41.810625,-22.09868],[-41.81348,-22.100605],[-41.821255,-22.1001],[-41.821955,-22.09434],[-41.82496,-22.09352],[-41.826205,-22.088935],[-41.82941,-22.088225],[-41.828225,-22.08636],[-41.83107,-22.08538],[-41.83263,-22.0783],[-41.839105,-22.075125],[-41.83655,-22.07206],[-41.84411,-22.070415],[-41.847965,-22.071355],[-41.86528,-22.057835],[-41.86704,-22.05226],[-41.873245,-22.05165],[-41.87619,-22.05494],[-41.887495,-22.04897],[-41.89553,-22.056385],[-41.903535,-22.057655],[-41.90332,-22.06179],[-41.90476,-22.061115],[-41.905515,-22.063225],[-41.90456,-22.06575],[-41.90867,-22.06827],[-41.91683,-22.067285],[-41.92481,-22.062895],[-41.92592,-22.06049],[-41.928355,-22.06197],[-41.93598,-22.05686],[-41.937155,-22.062195],[-41.940875,-22.064065],[-41.94169,-22.070385],[-41.947445,-22.071615],[-41.95516,-22.077305],[-41.95922,-22.076405],[-41.96238,-22.078615],[-41.96298,-22.08556],[-41.9603,-22.09272],[-41.962475,-22.09449],[-41.961645,-22.096665],[-41.958565,-22.097495],[-41.96245,-22.1055],[-41.95794,-22.117645],[-41.963215,-22.12865],[-41.96813,-22.13262],[-41.9738,-22.13361],[-41.970545,-22.136585],[-41.9723,-22.139455],[-41.971245,-22.149075],[-41.97304,-22.15154],[-41.974595,-22.165355],[-41.96705,-22.152915],[-41.9633,-22.153895],[-41.958985,-22.15204],[-41.95626,-22.154505],[-41.9515,-22.152385],[-41.946345,-22.15972],[-41.93955,-22.158995],[-41.93855,-22.162355],[-41.93369,-22.16412],[-41.91958,-22.16267],[-41.91944,-22.17134],[-41.91298,-22.169795],[-41.908845,-22.174815],[-41.907975,-22.17875],[-41.912085,-22.186195],[-41.9034,-22.185215],[-41.90118,-22.19017],[-41.90614,-22.2057],[-41.913555,-22.20828],[-41.917525,-22.211755],[-41.91605,-22.21582],[-41.917565,-22.22336],[-41.915975,-22.23729],[-41.890275,-22.26866],[-41.856735,-22.286585],[-41.8598,-22.26468],[-41.84824,-22.23614],[-41.846145,-22.21623],[-41.84047,-22.209185],[-41.839995,-22.19878],[-41.8293,-22.19025],[-41.819405,-22.186235],[-41.824715,-22.14601],[-41.77112,-22.18088],[-41.704325,-22.25221],[-41.70835,-22.26469],[-41.705195,-22.27153],[-41.705455,-22.27616],[-41.703345,-22.279635],[-41.69794,-22.28188],[-41.69855,-22.28367],[-41.693885,-22.288745],[-41.6885,-22.29964]]]]}},{"type":"Feature","properties":{"redec":"SUL II","nome":"Sul II","regiaoHidrografica":"Guandu"},"geometry":{"type":"MultiPolygon","coordinates":[[[[-43.79298,-23.06394],[-43.6678,-23.053085],[-43.66664,-23.04258],[-43.695725,-23.05065],[-43.72487,-23.05588],[-43.753985,-23.05976],[-43.79313,-23.06146],[-43.79298,-23.06394]]],[[[-43.859355,-22.945295],[-43.863545,-22.947865],[-43.8636,-22.950495],[-43.860755,-22.9507],[-43.862285,-22.952005],[-43.860705,-22.95453],[-43.86462,-22.95575],[-43.85742,-22.955235],[-43.855505,-22.950515],[-43.859925,-22.9501],[-43.859355,-22.945295]]],[[[-43.865195,-22.944865],[-43.866395,-22.945765],[-43.864035,-22.945235],[-43.865195,-22.944865]]],[[[-43.882235,-22.94906],[-43.87912,-22.95082],[-43.873,-22.947995],[-43.873635,-22.94572],[-43.876915,-22.94621],[-43.87698,-22.943555],[-43.875175,-22.942695],[-43.877985,-22.939875],[-43.871305,-22.93114],[-43.86866,-22.93009],[-43.86775,-22.926375],[-43.87016,-22.92433],[-43.8775,-22.92589],[-43.882455,-22.9249],[-43.882235,-22.94906]]],[[[-43.811445,-22.923815],[-43.81297,-22.925995],[-43.810445,-22.92542],[-43.811445,-22.923815]]],[[[-43.37027,-22.451715],[-43.37424,-22.451715],[-43.37366,-22.454665],[-43.37636,-22.45426],[-43.383455,-22.460775],[-43.394805,-22.463455],[-43.404575,-22.4697],[-43.42008,-22.46879],[-43.424125,-22.471375],[-43.429285,-22.471915],[-43.4287,-22.475085],[-43.430525,-22.47623],[-43.431145,-22.4747],[-43.436925,-22.474565],[-43.440785,-22.467395],[-43.43991,-22.464235],[-43.43663,-22.46405],[-43.434715,-22.46045],[-43.44101,-22.453675],[-43.442475,-22.449575],[-43.43869,-22.445635],[-43.49259,-22.419555],[-43.508325,-22.426615],[-43.507855,-22.43008],[-43.50331,-22.431655],[-43.517155,-22.447365],[-43.52376,-22.44288],[-43.53149,-22.442405],[-43.53214,-22.446775],[-43.5397,-22.451075],[-43.55481,-22.52648],[-43.57207,-22.46115],[-43.58246,-22.456825],[-43.68786,-22.45845],[-43.686805,-22.46415],[-43.696155,-22.459425],[-43.703575,-22.45992],[-43.706985,-22.46343],[-43.710815,-22.46052],[-43.71089,-22.45766],[-43.715065,-22.455025],[-43.72143,-22.46691],[-43.735775,-22.484185],[-43.73778,-22.48182],[-43.741125,-22.482205],[-43.745355,-22.473285],[-43.749635,-22.471365],[-43.751695,-22.46589],[-43.749055,-22.463445],[-43.749875,-22.462225],[-43.75389,-22.45998],[-43.765775,-22.458795],[-43.76992,-22.51796],[-43.77773,-22.53119],[-43.789045,-22.53444],[-43.79802,-22.552185],[-43.80866,-22.5542],[-43.811925,-22.5515],[-43.81122,-22.548255],[-43.815405,-22.549625],[-43.821025,-22.547345],[-43.816375,-22.5362],[-43.8198,-22.53258],[-43.81435,-22.53053],[-43.805615,-22.52343],[-43.80564,-22.51913],[-43.81138,-22.511495],[-43.822015,-22.51667],[-43.821415,-22.51788],[-43.82815,-22.516565],[-43.828695,-22.51453],[-43.83505,-22.51337],[-43.84018,-22.510015],[-43.844635,-22.50099],[-43.84451,-22.50366],[-43.84923,-22.507275],[-43.85506,-22.50716],[-43.85388,-22.51718],[-43.856805,-22.51774],[-43.85808,-22.521095],[-43.865375,-22.5252],[-43.864875,-22.527365],[-43.86864,-22.5286],[-43.91348,-22.52078],[-43.95472,-22.568485],[-43.984405,-22.55238],[-43.99273,-22.56307],[-43.982135,-22.57215],[-43.981665,-22.5785],[-43.98497,-22.57734],[-43.99936,-22.583115],[-44.01508,-22.58634],[-44.02316,-22.58087],[-44.038865,-22.582265],[-44.05538,-22.5858],[-44.068525,-22.59242],[-44.0863,-22.64059],[-44.08535,-22.64666],[-44.08728,-22.648365],[-44.094,-22.649265],[-44.1163,-22.643625],[-44.148285,-22.64879],[-44.14715,-22.652765],[-44.164615,-22.671985],[-44.17019,-22.676395],[-44.17071,-22.68257],[-44.16933,-22.68448],[-44.16796,-22.68354],[-44.167395,-22.686975],[-44.177525,-22.69316],[-44.17562,-22.695265],[-44.17431,-22.703575],[-44.184045,-22.71278],[-44.20472,-22.715535],[-44.200635,-22.72479],[-44.197115,-22.72436],[-44.20201,-22.73327],[-44.213275,-22.730615],[-44.229345,-22.734085],[-44.23289,-22.74395],[-44.242525,-22.747865],[-44.23788,-22.750645],[-44.23811,-22.755305],[-44.2432,-22.755],[-44.24649,-22.757555],[-44.2507,-22.75753],[-44.251075,-22.763435],[-44.25617,-22.76426],[-44.25884,-22.767865],[-44.25561,-22.783235],[-44.24875,-22.79042],[-44.242415,-22.788135],[-44.239665,-22.79087],[-44.242025,-22.79579],[-44.240675,-22.79806],[-44.243795,-22.80022],[-44.24328,-22.80189],[-44.254955,-22.80637],[-44.258325,-22.806585],[-44.259495,-22.80437],[-44.263735,-22.817815],[-44.265825,-22.81888],[-44.26731,-22.825265],[-44.269505,-22.82732],[-44.26749,-22.829125],[-44.272245,-22.832165],[-44.283945,-22.8364],[-44.2829,-22.83286],[-44.286385,-22.83201],[-44.285815,-22.828215],[-44.29138,-22.829365],[-44.29653,-22.82709],[-44.317425,-22.839115],[-44.31734,-22.844055],[-44.3147,-22.84167],[-44.3106,-22.84403],[-44.307995,-22.84824],[-44.305355,-22.84836],[-44.29901,-22.84773],[-44.294805,-22.84396],[-44.28936,-22.84625],[-44.281365,-22.84151],[-44.27689,-22.847145],[-44.27236,-22.845435],[-44.268505,-22.851185],[-44.262965,-22.84713],[-44.257765,-22.846535],[-44.257305,-22.85185],[-44.25118,-22.853255],[-44.249975,-22.856865],[-44.247115,-22.85755],[-44.244715,-22.86197],[-44.24425,-22.868565],[-44.2404,-22.868995],[-44.2381,-22.87227],[-44.232755,-22.86966],[-44.230705,-22.87095],[-44.237735,-22.885895],[-44.23587,-22.896215],[-44.24105,-22.902045],[-44.23545,-22.902895],[-44.24004,-22.909475],[-44.242245,-22.91001],[-44.24143,-22.913405],[-44.237335,-22.91325],[-44.23422,-22.91884],[-44.229665,-22.919125],[-44.227995,-22.924055],[-44.2257,-22.924635],[-44.223315,-22.92907],[-44.213725,-22.932035],[-44.182405,-22.925475],[-44.175225,-22.9282],[-44.17241,-22.91915],[-44.174135,-22.91569],[-44.169845,-22.912675],[-44.165475,-22.90404],[-44.155125,-22.902165],[-44.152015,-22.89363],[-44.14422,-22.88705],[-44.1432,-22.88301],[-44.124705,-22.874995],[-44.118815,-22.867335],[-44.119135,-22.862735],[-44.113975,-22.859665],[-44.11156,-22.85923],[-44.11306,-22.86108],[-44.11194,-22.864595],[-44.104275,-22.868945],[-44.10237,-22.87268],[-44.08847,-22.883645],[-44.080155,-22.879545],[-44.071305,-22.878165],[-44.065035,-22.88064],[-44.051515,-22.877705],[-44.04526,-22.882985],[-44.04186,-22.88326],[-44.03464,-22.87914],[-44.03275,-22.878845],[-44.02712,-22.87507],[-44.026325,-22.87348],[-44.025695,-22.873265],[-44.024215,-22.873025],[-44.02182,-22.87218],[-44.020325,-22.871425],[-44.014915,-22.865455],[-44.013455,-22.86407],[-44.01271,-22.863685],[-44.01181,-22.862895],[-44.009615,-22.86226],[-44.00911,-22.86182],[-44.009155,-22.86117],[-44.009445,-22.860855],[-44.00833,-22.860295],[-44.007115,-22.85934],[-44.005865,-22.85911],[-44.00473,-22.859325],[-44.003785,-22.85904],[-44.003095,-22.857535],[-44.002125,-22.856345],[-44.001365,-22.85478],[-44.00108,-22.85406],[-44.00048,-22.8526],[-44.000075,-22.8488],[-43.999555,-22.847795],[-43.99973,-22.846705],[-43.999575,-22.845675],[-43.99855,-22.84471],[-43.99684,-22.844155],[-43.99531,-22.843265],[-43.99379,-22.84304],[-43.99301,-22.843095],[-43.99215,-22.84348],[-43.99023,-22.84235],[-43.9902,-22.84382],[-43.990985,-22.845505],[-43.99106,-22.846775],[-43.98845,-22.846485],[-43.985115,-22.84897],[-43.982405,-22.84823],[-43.981025,-22.8479],[-43.97792,-22.849815],[-43.97748,-22.85048],[-43.976625,-22.85153],[-43.975525,-22.853095],[-43.97418,-22.854525],[-43.974765,-22.85642],[-43.97534,-22.85758],[-43.97628,-22.85887],[-43.97736,-22.859445],[-43.977595,-22.86097],[-43.97817,-22.861945],[-43.978475,-22.86208],[-43.97962,-22.863645],[-43.980115,-22.86522],[-43.98041,-22.865955],[-43.97993,-22.86635],[-43.979195,-22.86707],[-43.97756,-22.86843],[-43.97723,-22.86945],[-43.973015,-22.87248],[-43.974135,-22.87509],[-43.973955,-22.876185],[-43.96904,-22.88047],[-43.96842,-22.881105],[-43.967165,-22.884925],[-43.96487,-22.88635],[-43.96014,-22.885625],[-43.957785,-22.88782],[-43.94227,-22.884675],[-43.93897,-22.88119],[-43.936055,-22.89218],[-43.92724,-22.8945],[-43.92197,-22.89414],[-43.92247,-22.890435],[-43.913255,-22.88454],[-43.90584,-22.88619],[-43.892065,-22.88211],[-43.885645,-22.885585],[-43.880615,-22.915665],[-43.879845,-22.91165],[-43.87093,-22.905325],[-43.867145,-22.90517],[-43.86748,-22.903905],[-43.856755,-22.90187],[-43.85116,-22.904345],[-43.841845,-22.901735],[-43.837365,-22.903955],[-43.83819,-22.90658],[-43.8406,-22.90678],[-43.83814,-22.909505],[-43.8389,-22.911645],[-43.845665,-22.91717],[-43.850295,-22.916825],[-43.854335,-22.91876],[-43.85046,-22.92051],[-43.852185,-22.92477],[-43.8438,-22.92692],[-43.84227,-22.93217],[-43.832025,-22.931195],[-43.81021,-22.91757],[-43.806655,-22.91877],[-43.80778,-22.923725],[-43.801425,-22.924515],[-43.801015,-22.91692],[-43.79602,-22.917075],[-43.790745,-22.91433],[-43.79135,-22.91171],[-43.7922,-22.910605],[-43.79225,-22.908315],[-43.794235,-22.908],[-43.794765,-22.907835],[-43.79501,-22.907525],[-43.795255,-22.906965],[-43.79538,-22.906595],[-43.795525,-22.90555],[-43.795355,-22.904675],[-43.79481,-22.90353],[-43.79438,-22.903275],[-43.79353,-22.90303],[-43.792725,-22.90287],[-43.792135,-22.902845],[-43.792045,-22.90283],[-43.791575,-22.90301],[-43.79079,-22.90332],[-43.790525,-22.90337],[-43.78982,-22.90356],[-43.78971,-22.902985],[-43.789555,-22.90257],[-43.789455,-22.902245],[-43.789265,-22.90159],[-43.788925,-22.900955],[-43.78675,-22.901035],[-43.78631,-22.90136],[-43.785645,-22.902875],[-43.785645,-22.90331],[-43.785145,-22.904],[-43.784985,-22.90401],[-43.783665,-22.90207],[-43.783655,-22.901595],[-43.784135,-22.899825],[-43.783085,-22.900005],[-43.78281,-22.900205],[-43.781665,-22.89733],[-43.78162,-22.896895],[-43.78141,-22.896535],[-43.77989,-22.894665],[-43.77862,-22.89591],[-43.77856,-22.89605],[-43.778275,-22.89618],[-43.77616,-22.89589],[-43.775975,-22.895865],[-43.775075,-22.89534],[-43.7746,-22.89272],[-43.773945,-22.892625],[-43.773195,-22.892495],[-43.77276,-22.89261],[-43.772365,-22.892855],[-43.772095,-22.893],[-43.771915,-22.893065],[-43.771505,-22.89319],[-43.768425,-22.89492],[-43.768135,-22.89505],[-43.768,-22.89511],[-43.76787,-22.895195],[-43.76767,-22.8954],[-43.76609,-22.8951],[-43.76594,-22.89506],[-43.756155,-22.890285],[-43.754095,-22.889475],[-43.753495,-22.889165],[-43.751215,-22.88848],[-43.75097,-22.888225],[-43.75174,-22.88332],[-43.75201,-22.88019],[-43.749215,-22.87842],[-43.748885,-22.878305],[-43.74792,-22.87799],[-43.747745,-22.87816],[-43.74768,-22.87815],[-43.747415,-22.878],[-43.74685,-22.87769],[-43.746435,-22.877525],[-43.745015,-22.87739],[-43.74457,-22.87736],[-43.743935,-22.877305],[-43.742375,-22.877205],[-43.74142,-22.877125],[-43.741115,-22.877135],[-43.739955,-22.877355],[-43.739675,-22.877395],[-43.73963,-22.877405],[-43.7395,-22.87742],[-43.73946,-22.87743],[-43.739215,-22.87749],[-43.73869,-22.877575],[-43.738575,-22.87761],[-43.738315,-22.87765],[-43.737895,-22.877735],[-43.73541,-22.87818],[-43.73523,-22.878205],[-43.73513,-22.87823],[-43.73499,-22.87825],[-43.73477,-22.878265],[-43.7347,-22.87828],[-43.734135,-22.87821],[-43.73409,-22.87818],[-43.73367,-22.877945],[-43.733465,-22.87784],[-43.732565,-22.87716],[-43.73133,-22.876245],[-43.730325,-22.875475],[-43.729365,-22.87475],[-43.72869,-22.874225],[-43.727945,-22.873665],[-43.72759,-22.8734],[-43.725525,-22.872645],[-43.72432,-22.87252],[-43.72357,-22.872635],[-43.72324,-22.872625],[-43.722815,-22.87255],[-43.72257,-22.87246],[-43.72234,-22.87237],[-43.72032,-22.872345],[-43.718225,-22.872665],[-43.71734,-22.872335],[-43.717065,-22.872135],[-43.71693,-22.87204],[-43.71261,-22.867355],[-43.712485,-22.867235],[-43.711065,-22.866755],[-43.710915,-22.866775],[-43.709525,-22.867415],[-43.707025,-22.86861],[-43.7062,-22.86848],[-43.70609,-22.868425],[-43.704855,-22.868175],[-43.704705,-22.86817],[-43.704385,-22.86815],[-43.70328,-22.86789],[-43.70289,-22.86765],[-43.70197,-22.86708],[-43.701845,-22.86697],[-43.701315,-22.86622],[-43.701225,-22.86611],[-43.69918,-22.8653],[-43.69887,-22.8652],[-43.69613,-22.864715],[-43.69598,-22.864715],[-43.69551,-22.864655],[-43.6952,-22.864625],[-43.69472,-22.864575],[-43.694395,-22.864535],[-43.69408,-22.86452],[-43.69346,-22.86442],[-43.69314,-22.86437],[-43.691925,-22.864515],[-43.69171,-22.86472],[-43.69105,-22.86491],[-43.69029,-22.865205],[-43.68972,-22.86524],[-43.689335,-22.86508],[-43.689015,-22.86471],[-43.687985,-22.864525],[-43.6874,-22.86437],[-43.6861,-22.864185],[-43.68575,-22.864115],[-43.68107,-22.86269],[-43.680575,-22.863135],[-43.6795,-22.86378],[-43.67829,-22.86404],[-43.677725,-22.8642],[-43.67742,-22.86467],[-43.677355,-22.865195],[-43.67722,-22.865395],[-43.676805,-22.86539],[-43.67492,-22.86487],[-43.674695,-22.864745],[-43.67381,-22.864725],[-43.67373,-22.86448],[-43.673625,-22.86419],[-43.67348,-22.864045],[-43.67026,-22.852385],[-43.65678,-22.849275],[-43.648005,-22.84483],[-43.63257,-22.834345],[-43.62985,-22.829915],[-43.622665,-22.82603],[-43.622355,-22.820675],[-43.629175,-22.810705],[-43.62695,-22.80702],[-43.631175,-22.80121],[-43.6348,-22.78331],[-43.623785,-22.78247],[-43.62725,-22.7725],[-43.615965,-22.76184],[-43.61407,-22.74932],[-43.608645,-22.74708],[-43.601295,-22.74823],[-43.59848,-22.75249],[-43.59225,-22.75453],[-43.57573,-22.754975],[-43.569785,-22.752735],[-43.56601,-22.756105],[-43.55962,-22.757905],[-43.55566,-22.75498],[-43.548845,-22.755055],[-43.54036,-22.75079],[-43.53782,-22.75257],[-43.53563,-22.75188],[-43.53228,-22.738685],[-43.542205,-22.73613],[-43.541155,-22.730075],[-43.538305,-22.72744],[-43.54121,-22.722285],[-43.53791,-22.71762],[-43.54253,-22.71488],[-43.535595,-22.70899],[-43.536045,-22.703945],[-43.5248,-22.698405],[-43.52109,-22.69428],[-43.51423,-22.694145],[-43.512185,-22.691685],[-43.522485,-22.691725],[-43.533825,-22.68894],[-43.54236,-22.68045],[-43.54827,-22.68153],[-43.551025,-22.679455],[-43.55638,-22.678915],[-43.556705,-22.677205],[-43.54986,-22.670185],[-43.543655,-22.6691],[-43.540585,-22.660955],[-43.53402,-22.65488],[-43.539895,-22.65356],[-43.54705,-22.6557],[-43.548755,-22.652675],[-43.553715,-22.650505],[-43.55232,-22.646955],[-43.558225,-22.636865],[-43.572465,-22.633645],[-43.572295,-22.62592],[-43.567945,-22.62341],[-43.569095,-22.609405],[-43.57838,-22.615945],[-43.593465,-22.620045],[-43.610575,-22.63436],[-43.61825,-22.636785],[-43.62273,-22.64222],[-43.628825,-22.625725],[-43.616875,-22.611385],[-43.61182,-22.60768],[-43.603445,-22.604945],[-43.60218,-22.59953],[-43.589925,-22.593765],[-43.583725,-22.587155],[-43.585295,-22.58268],[-43.58079,-22.580675],[-43.58058,-22.578975],[-43.564535,-22.57666],[-43.563405,-22.580265],[-43.560515,-22.57928],[-43.558795,-22.572775],[-43.5609,-22.5708],[-43.55998,-22.567145],[-43.55618,-22.56741],[-43.550535,-22.57344],[-43.54289,-22.569215],[-43.541495,-22.56517],[-43.536565,-22.569765],[-43.533585,-22.565685],[-43.530005,-22.565935],[-43.526315,-22.569145],[-43.521905,-22.56711],[-43.51824,-22.571115],[-43.5156,-22.56965],[-43.51005,-22.57183],[-43.506945,-22.56576],[-43.500745,-22.56384],[-43.5011,-22.561555],[-43.4978,-22.559185],[-43.49832,-22.554395],[-43.491935,-22.55176],[-43.49125,-22.548495],[-43.486575,-22.549065],[-43.484485,-22.54579],[-43.47421,-22.540935],[-43.469245,-22.53616],[-43.46247,-22.53822],[-43.457445,-22.531995],[-43.44579,-22.52601],[-43.44068,-22.530665],[-43.4352,-22.5298],[-43.431115,-22.533215],[-43.423835,-22.53378],[-43.423225,-22.536365],[-43.419505,-22.538055],[-43.409885,-22.5318],[-43.405385,-22.53461],[-43.395465,-22.53029],[-43.38926,-22.5325],[-43.38416,-22.530795],[-43.37945,-22.52608],[-43.37921,-22.52276],[-43.37485,-22.52006],[-43.37117,-22.52175],[-43.370215,-22.526675],[-43.36028,-22.525585],[-43.358215,-22.522755],[-43.3506,-22.52309],[-43.34494,-22.52021],[-43.335675,-22.51873],[-43.333885,-22.519855],[-43.329365,-22.517745],[-43.32561,-22.513135],[-43.32708,-22.51075],[-43.31783,-22.49712],[-43.311955,-22.49559],[-43.29981,-22.483195],[-43.296375,-22.475715],[-43.30192,-22.47389],[-43.30019,-22.46913],[-43.297415,-22.464295],[-43.292895,-22.465525],[-43.28864,-22.462725],[-43.28849,-22.46019],[-43.289795,-22.457785],[-43.294735,-22.457745],[-43.297975,-22.45538],[-43.298665,-22.451105],[-43.305375,-22.456705],[-43.30622,-22.45507],[-43.30875,-22.45614],[-43.31321,-22.454515],[-43.320345,-22.459005],[-43.326005,-22.458125],[-43.33046,-22.45336],[-43.335945,-22.454505],[-43.345345,-22.45078],[-43.34902,-22.452565],[-43.352055,-22.448465],[-43.35873,-22.450745],[-43.36416,-22.45043],[-43.365735,-22.4537],[-43.37027,-22.451715]]]]}},{"type":"Feature","properties":{"redec":"CAPITAL","nome":"Capital","regiaoHidrografica":"Guandu/Baía de Guanabara"},"geometry":{"type":"MultiPolygon","coordinates":[[[[-43.5611,-23.07893],[-43.56362,-23.082115],[-43.559165,-23.08109],[-43.5611,-23.07893]]],[[[-43.19979,-23.072775],[-43.20057,-23.0737],[-43.19804,-23.07427],[-43.19979,-23.072775]]],[[[-43.159585,-22.912435],[-43.16076,-22.916615],[-43.15782,-22.912875],[-43.159585,-22.912435]]],[[[-43.51093,-23.06016],[-43.51339,-23.06235],[-43.513855,-23.06583],[-43.508155,-23.06511],[-43.51191,-23.061255],[-43.51093,-23.06016]]],[[[-43.14834,-23.059145],[-43.15038,-23.059415],[-43.148425,-23.060305],[-43.14751,-23.06497],[-43.1416,-23.06557],[-43.14834,-23.059145]]],[[[-43.590485,-23.04141],[-43.594175,-23.042075],[-43.588605,-23.042655],[-43.590485,-23.04141]]],[[[-43.303975,-23.036685],[-43.30805,-23.038735],[-43.302855,-23.03849],[-43.303975,-23.036685]]],[[[-43.58575,-23.0353],[-43.588305,-23.035655],[-43.581445,-23.039055],[-43.579205,-23.044475],[-43.57776,-23.044065],[-43.57968,-23.039995],[-43.58575,-23.0353]]],[[[-43.197545,-23.034695],[-43.207725,-23.038015],[-43.20864,-23.040085],[-43.200485,-23.03781],[-43.197545,-23.034695]]],[[[-43.469445,-23.033805],[-43.472235,-23.035935],[-43.470905,-23.037955],[-43.467615,-23.03703],[-43.469445,-23.033805]]],[[[-43.29884,-23.0312],[-43.30131,-23.031635],[-43.301195,-23.033545],[-43.29828,-23.033905],[-43.29884,-23.0312]]],[[[-43.66664,-23.04258],[-43.6678,-23.053085],[-43.63035,-23.050265],[-43.606065,-23.050515],[-43.58442,-23.053905],[-43.576885,-23.056315],[-43.567745,-23.063095],[-43.56633,-23.06178],[-43.56832,-23.059615],[-43.565925,-23.05754],[-43.567545,-23.05398],[-43.577925,-23.04767],[-43.58613,-23.045605],[-43.58862,-23.043],[-43.593005,-23.04292],[-43.60093,-23.04053],[-43.60397,-23.03871],[-43.60579,-23.033815],[-43.613995,-23.030985],[-43.643075,-23.035895],[-43.66664,-23.04258]]],[[[-43.60761,-23.02963],[-43.61177,-23.030475],[-43.60498,-23.03314],[-43.604535,-23.0307],[-43.60761,-23.02963]]],[[[-43.27604,-23.028855],[-43.278445,-23.030355],[-43.275875,-23.030485],[-43.27604,-23.028855]]],[[[-43.599705,-23.02768],[-43.60402,-23.0291],[-43.60228,-23.039045],[-43.58965,-23.040655],[-43.57848,-23.04609],[-43.581415,-23.0398],[-43.593605,-23.033855],[-43.599705,-23.02768]]],[[[-43.601545,-23.026465],[-43.60447,-23.02707],[-43.60366,-23.028755],[-43.60013,-23.027345],[-43.601545,-23.026465]]],[[[-43.20282,-23.02564],[-43.206615,-23.02611],[-43.201215,-23.02713],[-43.20282,-23.02564]]],[[[-43.19144,-23.02555],[-43.19579,-23.027515],[-43.190795,-23.027405],[-43.19144,-23.02555]]],[[[-43.14762,-22.96188],[-43.150405,-22.962945],[-43.15045,-22.964795],[-43.148055,-22.96422],[-43.14762,-22.96188]]],[[[-43.783865,-22.92556],[-43.786875,-22.926435],[-43.785855,-22.928915],[-43.783865,-22.927975],[-43.783865,-22.92556]]],[[[-43.194295,-23.066805],[-43.199415,-23.070675],[-43.19284,-23.07381],[-43.1913,-23.070285],[-43.194295,-23.066805]]],[[[-43.169125,-22.894935],[-43.17471,-22.89317],[-43.175835,-22.895725],[-43.17493,-22.89747],[-43.16761,-22.89982],[-43.165565,-22.8968],[-43.167865,-22.89965],[-43.171275,-22.898575],[-43.167965,-22.897355],[-43.167305,-22.89549],[-43.169125,-22.894935]]],[[[-43.208225,-22.886565],[-43.211115,-22.88704],[-43.208585,-22.88969],[-43.208225,-22.886565]]],[[[-43.174845,-22.882715],[-43.17692,-22.88433],[-43.17304,-22.883855],[-43.174845,-22.882715]]],[[[-43.175165,-22.83677],[-43.17468,-22.838995],[-43.17303,-22.838785],[-43.175165,-22.83677]]],[[[-43.231315,-22.83628],[-43.232345,-22.838665],[-43.238455,-22.83921],[-43.241855,-22.83703],[-43.2432,-22.83869],[-43.23994,-22.842225],[-43.24104,-22.84674],[-43.236495,-22.85389],[-43.23631,-22.86129],[-43.23235,-22.86309],[-43.2316,-22.86643],[-43.221585,-22.867115],[-43.219825,-22.869665],[-43.214905,-22.87074],[-43.21509,-22.863615],[-43.21674,-22.861735],[-43.21786,-22.86347],[-43.219565,-22.861895],[-43.214225,-22.859655],[-43.20913,-22.86047],[-43.20844,-22.858235],[-43.215215,-22.85717],[-43.222205,-22.859005],[-43.227845,-22.855135],[-43.232515,-22.8475],[-43.23142,-22.844045],[-43.22451,-22.84161],[-43.222275,-22.843535],[-43.224105,-22.84646],[-43.22164,-22.848105],[-43.21992,-22.844665],[-43.223655,-22.839345],[-43.231315,-22.83628]]],[[[-43.257665,-22.824665],[-43.260065,-22.824975],[-43.25964,-22.826405],[-43.25644,-22.82813],[-43.257665,-22.824665]]],[[[-43.162015,-22.81018],[-43.16528,-22.81315],[-43.161385,-22.81509],[-43.162015,-22.81018]]],[[[-43.116925,-22.802565],[-43.11955,-22.80388],[-43.11785,-22.80439],[-43.116925,-22.802565]]],[[[-43.30386,-22.80141],[-43.308235,-22.79987],[-43.31501,-22.80056],[-43.32505,-22.801105],[-43.327055,-22.80172],[-43.330905,-22.80266],[-43.335155,-22.803005],[-43.33945,-22.80318],[-43.348675,-22.803525],[-43.35055,-22.803025],[-43.35327,-22.802575],[-43.355195,-22.802595],[-43.355985,-22.80267],[-43.357155,-22.802645],[-43.35755,-22.80262],[-43.35832,-22.802745],[-43.360155,-22.80335],[-43.36137,-22.80429],[-43.36152,-22.80448],[-43.366285,-22.80442],[-43.370295,-22.805385],[-43.370705,-22.80577],[-43.37432,-22.80758],[-43.37569,-22.808485],[-43.37695,-22.81088],[-43.38204,-22.81173],[-43.38228,-22.81181],[-43.38291,-22.81193],[-43.384185,-22.81306],[-43.38487,-22.81402],[-43.38712,-22.814605],[-43.38881,-22.81419],[-43.389845,-22.81369],[-43.39039,-22.81375],[-43.39335,-22.814825],[-43.398065,-22.816465],[-43.399035,-22.81678],[-43.400525,-22.817355],[-43.40344,-22.81877],[-43.40369,-22.818975],[-43.407265,-22.82092],[-43.407805,-22.821185],[-43.40822,-22.821045],[-43.40854,-22.82089],[-43.409255,-22.82053],[-43.40974,-22.82034],[-43.410905,-22.82021],[-43.411325,-22.820345],[-43.41263,-22.820735],[-43.41299,-22.82086],[-43.41319,-22.82095],[-43.415665,-22.822185],[-43.41619,-22.823095],[-43.416685,-22.823635],[-43.417085,-22.82409],[-43.41712,-22.824725],[-43.417195,-22.824975],[-43.41748,-22.82574],[-43.417635,-22.825845],[-43.418965,-22.827625],[-43.4191,-22.827715],[-43.41937,-22.82802],[-43.419635,-22.828305],[-43.420605,-22.82951],[-43.42092,-22.83053],[-43.42133,-22.83152],[-43.421995,-22.83256],[-43.422665,-22.8325],[-43.423515,-22.832335],[-43.42459,-22.832685],[-43.42481,-22.83357],[-43.42498,-22.833825],[-43.425,-22.833935],[-43.42516,-22.833995],[-43.425255,-22.83391],[-43.425595,-22.834665],[-43.425565,-22.834885],[-43.425435,-22.83482],[-43.42576,-22.835905],[-43.42587,-22.835895],[-43.42588,-22.83587],[-43.425965,-22.835785],[-43.425975,-22.835865],[-43.426185,-22.83583],[-43.426265,-22.835965],[-43.426225,-22.836085],[-43.426375,-22.835995],[-43.426575,-22.83602],[-43.42703,-22.836175],[-43.42698,-22.836395],[-43.42698,-22.83641],[-43.42761,-22.83653],[-43.42765,-22.836585],[-43.427735,-22.836825],[-43.42781,-22.836835],[-43.428505,-22.83703],[-43.428515,-22.83707],[-43.428325,-22.837295],[-43.42841,-22.837325],[-43.42908,-22.837465],[-43.42916,-22.83752],[-43.4294,-22.83747],[-43.429555,-22.837465],[-43.430365,-22.83775],[-43.43036,-22.838085],[-43.43079,-22.83846],[-43.431225,-22.83861],[-43.458245,-22.84904],[-43.48242,-22.83043],[-43.49006,-22.815515],[-43.559385,-22.828885],[-43.588465,-22.838695],[-43.59299,-22.860415],[-43.594045,-22.859505],[-43.5946,-22.85893],[-43.594825,-22.85863],[-43.595565,-22.858065],[-43.596,-22.857875],[-43.59656,-22.857755],[-43.596835,-22.857785],[-43.59814,-22.858095],[-43.59924,-22.858335],[-43.60126,-22.8588],[-43.602295,-22.858955],[-43.609635,-22.86045],[-43.61834,-22.86205],[-43.621315,-22.862495],[-43.621875,-22.862595],[-43.624775,-22.86247],[-43.62496,-22.862405],[-43.62567,-22.862135],[-43.626275,-22.861915],[-43.630655,-22.8605],[-43.6382,-22.85768],[-43.638565,-22.857555],[-43.63931,-22.85731],[-43.64154,-22.856535],[-43.64374,-22.855785],[-43.64943,-22.85711],[-43.65057,-22.85769],[-43.653375,-22.859705],[-43.654645,-22.86057],[-43.65649,-22.861925],[-43.65741,-22.86261],[-43.6595,-22.863525],[-43.661755,-22.8642],[-43.664755,-22.865055],[-43.665655,-22.865185],[-43.667475,-22.865075],[-43.66787,-22.865085],[-43.669435,-22.865275],[-43.670275,-22.86517],[-43.670645,-22.864995],[-43.67092,-22.864865],[-43.67161,-22.864505],[-43.67194,-22.864305],[-43.672595,-22.86391],[-43.673625,-22.86419],[-43.67373,-22.86448],[-43.67381,-22.864725],[-43.674695,-22.864745],[-43.67492,-22.86487],[-43.676805,-22.86539],[-43.67722,-22.865395],[-43.677355,-22.865195],[-43.67742,-22.86467],[-43.677725,-22.8642],[-43.67829,-22.86404],[-43.6795,-22.86378],[-43.680575,-22.863135],[-43.68107,-22.86269],[-43.68575,-22.864115],[-43.6861,-22.864185],[-43.6874,-22.86437],[-43.687985,-22.864525],[-43.689015,-22.86471],[-43.689335,-22.86508],[-43.68972,-22.86524],[-43.69029,-22.865205],[-43.69105,-22.86491],[-43.69171,-22.86472],[-43.691925,-22.864515],[-43.69314,-22.86437],[-43.69346,-22.86442],[-43.69408,-22.86452],[-43.694395,-22.864535],[-43.69472,-22.864575],[-43.6952,-22.864625],[-43.69551,-22.864655],[-43.69598,-22.864715],[-43.69613,-22.864715],[-43.69887,-22.8652],[-43.69918,-22.8653],[-43.701225,-22.86611],[-43.701315,-22.86622],[-43.701845,-22.86697],[-43.70197,-22.86708],[-43.70289,-22.86765],[-43.70328,-22.86789],[-43.704385,-22.86815],[-43.704705,-22.86817],[-43.704855,-22.868175],[-43.70609,-22.868425],[-43.7062,-22.86848],[-43.707025,-22.86861],[-43.709525,-22.867415],[-43.710915,-22.866775],[-43.711065,-22.866755],[-43.712485,-22.867235],[-43.71261,-22.867355],[-43.71693,-22.87204],[-43.717065,-22.872135],[-43.71734,-22.872335],[-43.718225,-22.872665],[-43.72032,-22.872345],[-43.72234,-22.87237],[-43.72257,-22.87246],[-43.722815,-22.87255],[-43.72324,-22.872625],[-43.72357,-22.872635],[-43.72432,-22.87252],[-43.725525,-22.872645],[-43.72759,-22.8734],[-43.727945,-22.873665],[-43.72869,-22.874225],[-43.729365,-22.87475],[-43.730325,-22.875475],[-43.73133,-22.876245],[-43.732565,-22.87716],[-43.733465,-22.87784],[-43.73367,-22.877945],[-43.73409,-22.87818],[-43.734135,-22.87821],[-43.7347,-22.87828],[-43.73477,-22.878265],[-43.73499,-22.87825],[-43.73513,-22.87823],[-43.73523,-22.878205],[-43.73541,-22.87818],[-43.737895,-22.877735],[-43.738315,-22.87765],[-43.738575,-22.87761],[-43.73869,-22.877575],[-43.739215,-22.87749],[-43.73946,-22.87743],[-43.7395,-22.87742],[-43.73963,-22.877405],[-43.739675,-22.877395],[-43.739955,-22.877355],[-43.741115,-22.877135],[-43.74142,-22.877125],[-43.742375,-22.877205],[-43.743935,-22.877305],[-43.74457,-22.87736],[-43.745015,-22.87739],[-43.746435,-22.877525],[-43.74685,-22.87769],[-43.747415,-22.878],[-43.74768,-22.87815],[-43.747745,-22.87816],[-43.74792,-22.87799],[-43.748885,-22.878305],[-43.749215,-22.87842],[-43.75201,-22.88019],[-43.75174,-22.88332],[-43.75097,-22.888225],[-43.751215,-22.88848],[-43.753495,-22.889165],[-43.754095,-22.889475],[-43.756155,-22.890285],[-43.76594,-22.89506],[-43.76609,-22.8951],[-43.76767,-22.8954],[-43.76787,-22.895195],[-43.768,-22.89511],[-43.768135,-22.89505],[-43.768425,-22.89492],[-43.771505,-22.89319],[-43.771915,-22.893065],[-43.772095,-22.893],[-43.772365,-22.892855],[-43.77276,-22.89261],[-43.773195,-22.892495],[-43.773945,-22.892625],[-43.7746,-22.89272],[-43.775075,-22.89534],[-43.775975,-22.895865],[-43.77616,-22.89589],[-43.778275,-22.89618],[-43.77856,-22.89605],[-43.77862,-22.89591],[-43.77989,-22.894665],[-43.78141,-22.896535],[-43.78162,-22.896895],[-43.781665,-22.89733],[-43.78281,-22.900205],[-43.783085,-22.900005],[-43.784135,-22.899825],[-43.783655,-22.901595],[-43.783665,-22.90207],[-43.784985,-22.90401],[-43.785145,-22.904],[-43.785645,-22.90331],[-43.785645,-22.902875],[-43.78631,-22.90136],[-43.78675,-22.901035],[-43.788925,-22.900955],[-43.789265,-22.90159],[-43.789455,-22.902245],[-43.789555,-22.90257],[-43.78971,-22.902985],[-43.78982,-22.90356],[-43.790525,-22.90337],[-43.79079,-22.90332],[-43.791575,-22.90301],[-43.792045,-22.90283],[-43.792135,-22.902845],[-43.792725,-22.90287],[-43.79353,-22.90303],[-43.79438,-22.903275],[-43.79481,-22.90353],[-43.795355,-22.904675],[-43.795525,-22.90555],[-43.79538,-22.906595],[-43.795255,-22.906965],[-43.79501,-22.907525],[-43.794765,-22.907835],[-43.794235,-22.908],[-43.79225,-22.908315],[-43.7922,-22.910605],[-43.79135,-22.91171],[-43.790745,-22.91433],[-43.79602,-22.917075],[-43.79609,-22.919115],[-43.789955,-22.925705],[-43.784315,-22.924275],[-43.774035,-22.93276],[-43.768385,-22.93264],[-43.765615,-22.93629],[-43.74524,-22.946505],[-43.731575,-22.95791],[-43.72464,-22.960705],[-43.71869,-22.9667],[-43.71785,-22.96959],[-43.720205,-22.9709],[-43.71851,-22.972005],[-43.719625,-22.973025],[-43.714135,-22.96904],[-43.710955,-22.97058],[-43.70009,-22.98612],[-43.695815,-22.984615],[-43.68923,-22.991855],[-43.687465,-22.986],[-43.67982,-22.980875],[-43.67427,-22.98031],[-43.65896,-22.991645],[-43.65262,-23.000625],[-43.65319,-23.002775],[-43.643215,-23.00112],[-43.638555,-23.00625],[-43.632175,-23.005605],[-43.622905,-23.00787],[-43.61409,-23.01763],[-43.607275,-23.021575],[-43.599555,-23.022885],[-43.594245,-23.032395],[-43.58537,-23.035195],[-43.579645,-23.039635],[-43.57716,-23.04365],[-43.578065,-23.04561],[-43.56236,-23.05316],[-43.56159,-23.058155],[-43.56908,-23.066295],[-43.56771,-23.07146],[-43.57243,-23.073265],[-43.563005,-23.075645],[-43.554125,-23.072645],[-43.553675,-23.076065],[-43.55182,-23.076185],[-43.54881,-23.07332],[-43.55279,-23.07152],[-43.551695,-23.066425],[-43.547735,-23.064635],[-43.55004,-23.0631],[-43.54892,-23.06071],[-43.53687,-23.05606],[-43.535205,-23.050815],[-43.508525,-23.047575],[-43.506595,-23.04204],[-43.50302,-23.040125],[-43.500435,-23.04111],[-43.498235,-23.037135],[-43.49279,-23.03532],[-43.47758,-23.031735],[-43.470685,-23.033255],[-43.466295,-23.029195],[-43.445585,-23.02292],[-43.38789,-23.013115],[-43.34117,-23.011185],[-43.307045,-23.016],[-43.29501,-23.016855],[-43.287375,-23.014845],[-43.28642,-23.01645],[-43.286895,-23.009895],[-43.281575,-23.00627],[-43.27719,-23.00571],[-43.274715,-23.00228],[-43.25206,-22.999115],[-43.24564,-23.001045],[-43.24077,-23.000415],[-43.23183,-22.99517],[-43.233135,-22.993605],[-43.2317,-22.99144],[-43.226945,-22.990185],[-43.226655,-22.98854],[-43.20707,-22.98723],[-43.195235,-22.988435],[-43.190105,-22.9907],[-43.189205,-22.98821],[-43.183515,-22.986015],[-43.188145,-22.98579],[-43.189295,-22.98204],[-43.183555,-22.972725],[-43.167185,-22.963895],[-43.159585,-22.964415],[-43.15967,-22.95769],[-43.164325,-22.95641],[-43.16443,-22.954725],[-43.150225,-22.95093],[-43.155785,-22.944185],[-43.15113,-22.940655],[-43.151685,-22.938735],[-43.157735,-22.941165],[-43.15805,-22.94345],[-43.161975,-22.943375],[-43.16321,-22.94774],[-43.169985,-22.952315],[-43.180515,-22.947155],[-43.17865,-22.943025],[-43.174245,-22.944195],[-43.168625,-22.93872],[-43.17126,-22.93241],[-43.16775,-22.91996],[-43.169555,-22.916765],[-43.16941,-22.91913],[-43.1716,-22.91978],[-43.1727,-22.91661],[-43.169285,-22.914285],[-43.166045,-22.91543],[-43.167205,-22.917695],[-43.165655,-22.915625],[-43.16163,-22.91679],[-43.16178,-22.904785],[-43.16923,-22.90456],[-43.17334,-22.902085],[-43.177015,-22.89588],[-43.179515,-22.89564],[-43.179055,-22.892285],[-43.18082,-22.89548],[-43.195875,-22.89204],[-43.210835,-22.89761],[-43.21596,-22.886345],[-43.20244,-22.872605],[-43.204465,-22.87435],[-43.204655,-22.871265],[-43.20991,-22.867],[-43.2138,-22.87117],[-43.21272,-22.872825],[-43.216525,-22.873555],[-43.21692,-22.8759],[-43.219735,-22.875375],[-43.21887,-22.872105],[-43.221495,-22.8725],[-43.221505,-22.87432],[-43.222155,-22.87279],[-43.22408,-22.873645],[-43.224685,-22.87532],[-43.226855,-22.874135],[-43.2262,-22.869155],[-43.23022,-22.8679],[-43.232475,-22.86911],[-43.23352,-22.863885],[-43.236675,-22.86181],[-43.243365,-22.842275],[-43.25312,-22.83711],[-43.25448,-22.83783],[-43.25412,-22.835925],[-43.265185,-22.82612],[-43.272725,-22.8099],[-43.27784,-22.807365],[-43.278665,-22.807375],[-43.289045,-22.80791],[-43.288675,-22.809485],[-43.288815,-22.810465],[-43.288925,-22.810495],[-43.293745,-22.80809],[-43.294245,-22.80764],[-43.298995,-22.80666],[-43.30127,-22.80353],[-43.30305,-22.80374],[-43.30386,-22.80141]]],[[[-43.111495,-22.796265],[-43.113835,-22.79644],[-43.11332,-22.797545],[-43.111495,-22.796265]]],[[[-43.14045,-22.776035],[-43.1416,-22.776655],[-43.13951,-22.77714],[-43.14045,-22.776035]]],[[[-43.17214,-22.77583],[-43.175665,-22.777065],[-43.177035,-22.781665],[-43.17957,-22.783595],[-43.182005,-22.78346],[-43.18295,-22.781505],[-43.185815,-22.784765],[-43.189405,-22.783105],[-43.190665,-22.787275],[-43.188265,-22.788675],[-43.188565,-22.79454],[-43.191275,-22.796475],[-43.192825,-22.79634],[-43.19138,-22.794875],[-43.19815,-22.79366],[-43.20754,-22.79497],[-43.219215,-22.785275],[-43.228505,-22.78364],[-43.22879,-22.78823],[-43.233875,-22.791555],[-43.24477,-22.791955],[-43.252465,-22.797485],[-43.25773,-22.797625],[-43.265905,-22.81126],[-43.26515,-22.815445],[-43.25095,-22.82328],[-43.251505,-22.82846],[-43.24154,-22.833955],[-43.237885,-22.83284],[-43.22765,-22.82114],[-43.210195,-22.815635],[-43.209875,-22.81717],[-43.20844,-22.816235],[-43.209115,-22.818375],[-43.210775,-22.818055],[-43.203785,-22.820145],[-43.19684,-22.818775],[-43.19153,-22.820055],[-43.187825,-22.826465],[-43.189515,-22.82881],[-43.18449,-22.830165],[-43.1849,-22.83351],[-43.17615,-22.82739],[-43.17558,-22.823765],[-43.1727,-22.825295],[-43.17295,-22.828745],[-43.174755,-22.82925],[-43.171755,-22.83195],[-43.167445,-22.826135],[-43.168295,-22.82487],[-43.16245,-22.82264],[-43.16554,-22.82007],[-43.16991,-22.82177],[-43.174925,-22.81993],[-43.176585,-22.81539],[-43.17499,-22.812555],[-43.177325,-22.8107],[-43.17843,-22.801985],[-43.172775,-22.798625],[-43.169635,-22.793445],[-43.15764,-22.787575],[-43.15566,-22.7841],[-43.15681,-22.779025],[-43.16473,-22.776935],[-43.169395,-22.781135],[-43.167975,-22.782455],[-43.170635,-22.782935],[-43.17336,-22.77904],[-43.17214,-22.77583]]],[[[-43.16011,-22.77006],[-43.16236,-22.77152],[-43.160215,-22.77199],[-43.15998,-22.775455],[-43.15201,-22.773955],[-43.1529,-22.771715],[-43.156585,-22.77308],[-43.16011,-22.77006]]],[[[-43.11767,-22.7538],[-43.120845,-22.756485],[-43.120265,-22.758305],[-43.114625,-22.756355],[-43.11767,-22.7538]]],[[[-43.10524,-22.750025],[-43.108865,-22.749185],[-43.10918,-22.751785],[-43.11298,-22.75412],[-43.110125,-22.75837],[-43.11031,-22.764575],[-43.114425,-22.76757],[-43.110945,-22.769645],[-43.10839,-22.77002],[-43.10256,-22.765135],[-43.10272,-22.76345],[-43.107185,-22.76282],[-43.10856,-22.75747],[-43.101865,-22.75245],[-43.10524,-22.750025]]],[[[-43.12674,-22.74634],[-43.129095,-22.747935],[-43.12426,-22.748435],[-43.12674,-22.74634]]]]}}]}