{"type":"FeatureCollection","features":[{"type":"Feature","properties":{"codarea":"3305703","nome":"Sumidouro","nomeNormalizado":"SUMIDOURO"},"geometry":{"type":"Polygon","coordinates":[[[-42.71399,-22.26614],[-42.710015,-22.266505],[-42.701295,-22.25651],[-42.69581,-22.253655],[-42.690145,-22.25352],[-42.68567,-22.249125],[-42.68507,-22.245415],[-42.677585,-22.2426],[-42.674385,-22.231635],[-42.67012,-22.225335],[-42.670965,-22.223085],[-42.658355,-22.215675],[-42.660365,-22.212625],[-42.659395,-22.209885],[-42.656205,-22.208705],[-42.650545,-22.21377],[-42.64273,-22.210045],[-42.646145,-22.205505],[-42.63845,-22.201125],[-42.64183,-22.197115],[-42.64177,-22.187255],[-42.63709,-22.187775],[-42.632465,-22.185445],[-42.62639,-22.18742],[-42.62393,-22.19164],[-42.618775,-22.19211],[-42.61145,-22.1964],[-42.605815,-22.193055],[-42.60399,-22.185335],[-42.60066,-22.18628],[-42.59937,-22.182085],[-42.59395,-22.18187],[-42.59346,-22.17801],[-42.58348,-22.17659],[-42.573855,-22.18121],[-42.571095,-22.176945],[-42.566065,-22.17949],[-42.56369,-22.177935],[-42.564325,-22.17371],[-42.56133,-22.17096],[-42.557615,-22.170955],[-42.55537,-22.17316],[-42.557495,-22.16365],[-42.56278,-22.159915],[-42.57342,-22.163495],[-42.577605,-22.140465],[-42.587215,-22.139815],[-42.5937,-22.14177],[-42.60017,-22.13796],[-42.60362,-22.14057],[-42.609155,-22.14056],[-42.6178,-22.13335],[-42.61082,-22.13102],[-42.607045,-22.12705],[-42.61001,-22.12067],[-42.606045,-22.118325],[-42.603325,-22.11067],[-42.594775,-22.111175],[-42.5914,-22.1059],[-42.597615,-22.09672],[-42.604045,-22.097285],[-42.606795,-22.091445],[-42.603465,-22.083685],[-42.60054,-22.08333],[-42.598875,-22.07807],[-42.58733,-22.07596],[-42.587015,-22.07371],[-42.573855,-22.064265],[-42.575805,-22.060585],[-42.57428,-22.057505],[-42.57758,-22.05445],[-42.57906,-22.04756],[-42.573,-22.0484],[-42.57219,-22.04553],[-42.566,-22.043235],[-42.56306,-22.02939],[-42.5699,-22.025625],[-42.575575,-22.02725],[-42.576295,-22.02581],[-42.5751,-22.0198],[-42.57244,-22.018385],[-42.57168,-22.01018],[-42.56681,-22.00808],[-42.56443,-22.00303],[-42.56052,-22.003575],[-42.56058,-21.998535],[-42.55392,-22.000905],[-42.5479,-21.999635],[-42.690995,-21.96932],[-42.692825,-21.975795],[-42.69643,-21.976465],[-42.69817,-21.979375],[-42.69756,-21.9899],[-42.70244,-21.99306],[-42.69934,-21.994885],[-42.696985,-22.000635],[-42.70251,-22.00948],[-42.706305,-22.00994],[-42.70941,-22.013295],[-42.706885,-22.01944],[-42.7081,-22.023355],[-42.71532,-22.02537],[-42.71414,-22.029855],[-42.71071,-22.03286],[-42.71328,-22.03514],[-42.712205,-22.04032],[-42.71746,-22.052375],[-42.726335,-22.052505],[-42.73641,-22.047625],[-42.74287,-22.04761],[-42.74285,-22.0519],[-42.73633,-22.059915],[-42.73833,-22.06446],[-42.73411,-22.0673],[-42.73264,-22.089135],[-42.736455,-22.09607],[-42.74959,-22.10051],[-42.7594,-22.100765],[-42.76058,-22.105315],[-42.75815,-22.107795],[-42.755565,-22.11824],[-42.74614,-22.12238],[-42.74467,-22.1277],[-42.747605,-22.12924],[-42.746715,-22.132355],[-42.748995,-22.13279],[-42.749665,-22.14505],[-42.75508,-22.147865],[-42.7559,-22.151545],[-42.755575,-22.156535],[-42.752245,-22.161805],[-42.747695,-22.162365],[-42.74825,-22.17154],[-42.744955,-22.17616],[-42.747425,-22.179735],[-42.74608,-22.18427],[-42.751825,-22.18614],[-42.751615,-22.19131],[-42.748695,-22.194],[-42.742515,-22.19219],[-42.744495,-22.19851],[-42.73849,-22.206865],[-42.732485,-22.20944],[-42.731965,-22.21719],[-42.73693,-22.21932],[-42.73296,-22.22491],[-42.73569,-22.225445],[-42.73588,-22.22755],[-42.744005,-22.23387],[-42.737625,-22.237325],[-42.73544,-22.240945],[-42.731625,-22.24075],[-42.725785,-22.244095],[-42.719245,-22.25253],[-42.71586,-22.25344],[-42.715615,-22.25606],[-42.71856,-22.259145],[-42.714095,-22.263485],[-42.71399,-22.26614]]]}},{"type":"Feature","properties":{"codarea":"3305752","nome":"Tanguá","nomeNormalizado":"TANGUA"},"geometry":{"type":"Polygon","coordinates":[[[-42.645125,-22.854895],[-42.643355,-22.85127],[-42.645715,-22.844725],[-42.66012,-22.849075],[-42.661835,-22.8466],[-42.668915,-22.84464],[-42.656155,-22.828425],[-42.657945,-22.82404],[-42.662645,-22.826195],[-42.663215,-22.8227],[-42.66826,-22.82198],[-42.665155,-22.81752],[-42.669735,-22.81541],[-42.66997,-22.81163],[-42.666665,-22.8102],[-42.663265,-22.80404],[-42.66675,-22.80222],[-42.658205,-22.80092],[-42.6593,-22.79899],[-42.67254,-22.79597],[-42.677955,-22.79778],[-42.679475,-22.79471],[-42.6881,-22.7929],[-42.68616,-22.78786],[-42.687955,-22.78438],[-42.685415,-22.78011],[-42.68226,-22.780125],[-42.675545,-22.77397],[-42.67575,-22.77057],[-42.68486,-22.76794],[-42.69034,-22.76174],[-42.686485,-22.758995],[-42.69439,-22.75252],[-42.69512,-22.742005],[-42.6982,-22.738045],[-42.70014,-22.72712],[-42.70524,-22.723235],[-42.708895,-22.723415],[-42.74722,-22.686535],[-42.74648,-22.69179],[-42.74929,-22.694385],[-42.745785,-22.70298],[-42.7496,-22.71148],[-42.756155,-22.717445],[-42.761155,-22.718285],[-42.75807,-22.7234],[-42.762545,-22.727115],[-42.76342,-22.739305],[-42.803245,-22.735505],[-42.80322,-22.744145],[-42.80058,-22.744315],[-42.79537,-22.74921],[-42.79626,-22.751715],[-42.80011,-22.75256],[-42.79872,-22.755115],[-42.79179,-22.75174],[-42.789045,-22.756585],[-42.787645,-22.755935],[-42.78866,-22.769255],[-42.791225,-22.77186],[-42.783305,-22.77526],[-42.783255,-22.777875],[-42.790045,-22.787455],[-42.796665,-22.786765],[-42.79897,-22.790335],[-42.8052,-22.789915],[-42.79911,-22.79967],[-42.792035,-22.80011],[-42.78836,-22.803045],[-42.780335,-22.80326],[-42.7759,-22.80051],[-42.760175,-22.79878],[-42.757645,-22.79666],[-42.752465,-22.798555],[-42.75028,-22.80239],[-42.736305,-22.80664],[-42.73775,-22.81259],[-42.741925,-22.814365],[-42.74863,-22.82255],[-42.74683,-22.82423],[-42.742925,-22.822675],[-42.743435,-22.82781],[-42.73673,-22.83192],[-42.736295,-22.83573],[-42.733485,-22.836655],[-42.733565,-22.840775],[-42.72945,-22.84081],[-42.72436,-22.847905],[-42.71625,-22.85368],[-42.70028,-22.85015],[-42.69972,-22.854155],[-42.696405,-22.85726],[-42.677715,-22.854275],[-42.65994,-22.85901],[-42.65299,-22.855725],[-42.645125,-22.854895]]]}},{"type":"Feature","properties":{"codarea":"3305604","nome":"Silva Jardim","nomeNormalizado":"SILVA JARDIM"},"geometry":{"type":"Polygon","coordinates":[[[-42.441785,-22.73031],[-42.438015,-22.73308],[-42.429125,-22.73297],[-42.421205,-22.736195],[-42.417145,-22.73579],[-42.409965,-22.729315],[-42.4042,-22.73222],[-42.39893,-22.73003],[-42.39365,-22.721455],[-42.38938,-22.722435],[-42.37888,-22.718535],[-42.368755,-22.72426],[-42.362005,-22.71918],[-42.361895,-22.71308],[-42.35952,-22.711905],[-42.3561,-22.714],[-42.35299,-22.710185],[-42.34528,-22.71073],[-42.33953,-22.706165],[-42.33193,-22.704285],[-42.329425,-22.691955],[-42.32373,-22.68638],[-42.32164,-22.67991],[-42.31446,-22.647995],[-42.301355,-22.629385],[-42.281145,-22.614385],[-42.280165,-22.608515],[-42.275425,-22.605625],[-42.26227,-22.607605],[-42.254825,-22.611885],[-42.250405,-22.610835],[-42.24873,-22.613075],[-42.243345,-22.609165],[-42.240895,-22.60997],[-42.24052,-22.607585],[-42.23646,-22.609335],[-42.234325,-22.606645],[-42.236445,-22.60653],[-42.235995,-22.60517],[-42.23238,-22.60404],[-42.237625,-22.59916],[-42.2341,-22.59967],[-42.225835,-22.59629],[-42.228345,-22.594105],[-42.227255,-22.589625],[-42.22538,-22.59253],[-42.21935,-22.589955],[-42.218535,-22.59345],[-42.217315,-22.590725],[-42.215445,-22.59262],[-42.214675,-22.58633],[-42.20898,-22.583075],[-42.208575,-22.580975],[-42.20608,-22.58306],[-42.20338,-22.580905],[-42.20566,-22.57979],[-42.202315,-22.574845],[-42.19878,-22.576795],[-42.195665,-22.57343],[-42.196615,-22.570855],[-42.194455,-22.57153],[-42.193855,-22.566405],[-42.192,-22.56679],[-42.191135,-22.56153],[-42.19304,-22.558205],[-42.18869,-22.55792],[-42.186925,-22.55549],[-42.190505,-22.54913],[-42.19811,-22.54843],[-42.204015,-22.54484],[-42.20365,-22.541975],[-42.213635,-22.53855],[-42.226415,-22.54202],[-42.230115,-22.54096],[-42.24079,-22.54615],[-42.250275,-22.54642],[-42.254285,-22.53389],[-42.259085,-22.53216],[-42.25921,-22.52885],[-42.26282,-22.526435],[-42.265695,-22.519765],[-42.261505,-22.50667],[-42.26297,-22.50006],[-42.269185,-22.49727],[-42.270335,-22.48575],[-42.27721,-22.48309],[-42.275715,-22.48112],[-42.277925,-22.47894],[-42.284475,-22.47727],[-42.28915,-22.46552],[-42.29301,-22.46394],[-42.297625,-22.467465],[-42.30242,-22.464545],[-42.304075,-22.45685],[-42.29822,-22.448935],[-42.29374,-22.436555],[-42.294685,-22.429975],[-42.290055,-22.42955],[-42.281295,-22.412615],[-42.26915,-22.40253],[-42.277555,-22.401735],[-42.28953,-22.4076],[-42.292155,-22.412895],[-42.297965,-22.41292],[-42.298515,-22.415495],[-42.310605,-22.42002],[-42.31491,-22.42457],[-42.31751,-22.42239],[-42.323075,-22.422645],[-42.32393,-22.42088],[-42.328635,-22.428475],[-42.33793,-22.428965],[-42.34246,-22.42758],[-42.344725,-22.424575],[-42.35485,-22.42917],[-42.36704,-22.418665],[-42.37118,-22.42537],[-42.38957,-22.42027],[-42.390885,-22.42398],[-42.398295,-22.42398],[-42.40352,-22.429115],[-42.417045,-22.426945],[-42.427375,-22.428545],[-42.434695,-22.43327],[-42.45097,-22.43388],[-42.45559,-22.442535],[-42.464175,-22.44438],[-42.46479,-22.446735],[-42.471235,-22.44925],[-42.47885,-22.44703],[-42.481745,-22.441245],[-42.49031,-22.43888],[-42.493125,-22.435545],[-42.499965,-22.43474],[-42.508035,-22.43675],[-42.511905,-22.43485],[-42.51515,-22.43595],[-42.523555,-22.44691],[-42.529975,-22.45052],[-42.536555,-22.457695],[-42.55057,-22.455755],[-42.553455,-22.466535],[-42.56337,-22.46758],[-42.56325,-22.4722],[-42.567335,-22.47918],[-42.566125,-22.484785],[-42.57184,-22.48705],[-42.57814,-22.49409],[-42.578,-22.50208],[-42.58612,-22.514885],[-42.587505,-22.523685],[-42.59254,-22.52668],[-42.591235,-22.528915],[-42.593175,-22.533725],[-42.59882,-22.540205],[-42.60336,-22.54071],[-42.564565,-22.620125],[-42.551395,-22.61958],[-42.544065,-22.623645],[-42.533535,-22.62604],[-42.528,-22.63169],[-42.526435,-22.70467],[-42.53078,-22.71707],[-42.50781,-22.720085],[-42.50492,-22.724375],[-42.498665,-22.725645],[-42.489055,-22.722],[-42.480495,-22.724935],[-42.47319,-22.72459],[-42.458725,-22.71864],[-42.45397,-22.725905],[-42.441785,-22.73031]]]}},{"type":"Feature","properties":{"codarea":"3305554","nome":"Seropédica","nomeNormalizado":"SEROPEDICA"},"geometry":{"type":"Polygon","coordinates":[[[-43.67348,-22.864045],[-43.67026,-22.852385],[-43.65678,-22.849275],[-43.648,-22.84483],[-43.62266,-22.82603],[-43.622355,-22.820675],[-43.629175,-22.810705],[-43.62695,-22.80702],[-43.631175,-22.80121],[-43.6348,-22.78331],[-43.632345,-22.774865],[-43.63716,-22.76612],[-43.63701,-22.762625],[-43.642225,-22.756175],[-43.644795,-22.745455],[-43.64475,-22.736955],[-43.641635,-22.732695],[-43.63871,-22.72036],[-43.63694,-22.71614],[-43.64351,-22.705795],[-43.64544,-22.69436],[-43.65245,-22.680475],[-43.646105,-22.671115],[-43.636285,-22.66994],[-43.63334,-22.663455],[-43.63385,-22.659205],[-43.64103,-22.650585],[-43.650665,-22.65344],[-43.654275,-22.657815],[-43.65996,-22.66003],[-43.670785,-22.65291],[-43.678005,-22.64746],[-43.6897,-22.650325],[-43.698555,-22.64858],[-43.708895,-22.639935],[-43.71311,-22.641225],[-43.71116,-22.64784],[-43.737795,-22.67411],[-43.743015,-22.68221],[-43.748005,-22.685395],[-43.752965,-22.700105],[-43.73934,-22.70581],[-43.73753,-22.70773],[-43.73883,-22.711075],[-43.742675,-22.71291],[-43.742055,-22.715745],[-43.745655,-22.723615],[-43.752715,-22.731],[-43.755625,-22.72925],[-43.765275,-22.729435],[-43.765895,-22.73394],[-43.77221,-22.74287],[-43.76852,-22.7444],[-43.773125,-22.749855],[-43.77371,-22.754335],[-43.77012,-22.753345],[-43.76637,-22.754755],[-43.76616,-22.75701],[-43.77332,-22.758715],[-43.77495,-22.76217],[-43.773325,-22.76913],[-43.782025,-22.76898],[-43.788835,-22.77187],[-43.79124,-22.77799],[-43.788645,-22.780245],[-43.79351,-22.79105],[-43.78819,-22.79665],[-43.78495,-22.79703],[-43.783485,-22.80184],[-43.773965,-22.809255],[-43.767855,-22.81242],[-43.764065,-22.81131],[-43.75493,-22.814595],[-43.7548,-22.81877],[-43.67348,-22.864045]]]}},{"type":"Feature","properties":{"codarea":"3306008","nome":"Três Rios","nomeNormalizado":"TRES RIOS"},"geometry":{"type":"Polygon","coordinates":[[[-43.047755,-22.208605],[-43.04543,-22.200475],[-43.04163,-22.193505],[-43.038875,-22.192095],[-43.0405,-22.18867],[-43.020765,-22.16181],[-43.01722,-22.148265],[-43.013415,-22.146745],[-43.00947,-22.14951],[-43.004105,-22.14928],[-43.001505,-22.153955],[-42.954975,-22.13887],[-42.96432,-22.12643],[-42.967465,-22.10489],[-42.97386,-22.09724],[-42.969595,-22.088405],[-43.01627,-22.08585],[-43.013065,-22.081665],[-43.01348,-22.075335],[-43.010885,-22.07577],[-43.00658,-22.070405],[-43.010095,-22.056025],[-43.00389,-22.048435],[-43.009475,-22.0448],[-43.008055,-22.042045],[-43.01003,-22.03918],[-43.006475,-22.03458],[-43.002215,-22.032835],[-43.007875,-22.03151],[-43.024345,-22.04174],[-43.030105,-22.041085],[-43.03915,-22.044595],[-43.0389,-22.05299],[-43.0326,-22.06024],[-43.03316,-22.065905],[-43.063105,-22.08798],[-43.07504,-22.09339],[-43.07513,-22.084875],[-43.078145,-22.083055],[-43.089695,-22.087895],[-43.10618,-22.082655],[-43.11683,-22.08514],[-43.12224,-22.0894],[-43.12743,-22.10515],[-43.13556,-22.109885],[-43.14226,-22.104445],[-43.14665,-22.090695],[-43.151285,-22.088345],[-43.149655,-22.080615],[-43.154735,-22.07754],[-43.15371,-22.07416],[-43.133375,-22.05841],[-43.134845,-22.055195],[-43.1336,-22.051375],[-43.127565,-22.04631],[-43.13047,-22.04254],[-43.12877,-22.03697],[-43.13065,-22.03502],[-43.14063,-22.03987],[-43.14461,-22.048075],[-43.146335,-22.045785],[-43.21522,-22.07096],[-43.25882,-22.10333],[-43.242825,-22.13156],[-43.200745,-22.17734],[-43.19839,-22.200745],[-43.15963,-22.19286],[-43.15535,-22.190625],[-43.13784,-22.19537],[-43.13372,-22.19412],[-43.131555,-22.190875],[-43.12118,-22.19873],[-43.10938,-22.19995],[-43.10645,-22.198645],[-43.103005,-22.18766],[-43.095095,-22.18911],[-43.09307,-22.18317],[-43.08738,-22.18443],[-43.08151,-22.18169],[-43.078195,-22.177865],[-43.071875,-22.176615],[-43.068055,-22.172285],[-43.0582,-22.168685],[-43.05452,-22.16498],[-43.051665,-22.16659],[-43.03918,-22.16283],[-43.033985,-22.16674],[-43.037095,-22.16994],[-43.039385,-22.169505],[-43.042625,-22.1799],[-43.04647,-22.179125],[-43.05054,-22.18142],[-43.05894,-22.189905],[-43.047755,-22.208605]]]}},{"type":"Feature","properties":{"codarea":"3305802","nome":"Teresópolis","nomeNormalizado":"TERESOPOLIS"},"geometry":{"type":"Polygon","coordinates":[[[-43.028845,-22.46125],[-43.02557,-22.460315],[-43.02439,-22.46281],[-43.020275,-22.462375],[-43.01649,-22.4671],[-42.99982,-22.459675],[-42.984795,-22.46266],[-42.976685,-22.470935],[-42.970585,-22.47117],[-42.96378,-22.464155],[-42.95584,-22.465745],[-42.955145,-22.45774],[-42.945385,-22.45519],[-42.94077,-22.45717],[-42.933805,-22.449335],[-42.92991,-22.448095],[-42.924905,-22.453975],[-42.91819,-22.451005],[-42.912555,-22.45637],[-42.90579,-22.454785],[-42.897745,-22.45903],[-42.894095,-22.45733],[-42.89025,-22.45871],[-42.890355,-22.4551],[-42.885285,-22.453565],[-42.880245,-22.448815],[-42.87381,-22.449375],[-42.871565,-22.446105],[-42.874855,-22.4426],[-42.86867,-22.43726],[-42.868855,-22.431925],[-42.857385,-22.426285],[-42.850685,-22.42584],[-42.85065,-22.417515],[-42.852405,-22.416915],[-42.84,-22.411335],[-42.83687,-22.41302],[-42.827005,-22.41295],[-42.82178,-22.40609],[-42.81054,-22.40523],[-42.80871,-22.40047],[-42.811565,-22.39298],[-42.815175,-22.3915],[-42.813085,-22.388955],[-42.8023,-22.387045],[-42.803415,-22.378685],[-42.79349,-22.375445],[-42.790065,-22.378345],[-42.787035,-22.37783],[-42.780385,-22.3815],[-42.774755,-22.380695],[-42.767605,-22.38439],[-42.76311,-22.37796],[-42.755805,-22.37766],[-42.75179,-22.373485],[-42.74589,-22.37375],[-42.73901,-22.370495],[-42.740025,-22.361005],[-42.72759,-22.355575],[-42.722395,-22.352325],[-42.726655,-22.335855],[-42.725125,-22.33661],[-42.719175,-22.332135],[-42.71774,-22.32801],[-42.726145,-22.31622],[-42.72221,-22.311775],[-42.72303,-22.309935],[-42.71101,-22.28728],[-42.71799,-22.278575],[-42.7167,-22.26987],[-42.71399,-22.26614],[-42.714095,-22.263485],[-42.71856,-22.259145],[-42.715615,-22.25606],[-42.71586,-22.25344],[-42.719245,-22.25253],[-42.725785,-22.244095],[-42.731625,-22.24075],[-42.73544,-22.240945],[-42.737625,-22.237325],[-42.744005,-22.23387],[-42.73588,-22.22755],[-42.73569,-22.225445],[-42.73296,-22.22491],[-42.73693,-22.21932],[-42.731965,-22.21719],[-42.732485,-22.20944],[-42.73849,-22.206865],[-42.744495,-22.19851],[-42.742515,-22.19219],[-42.748695,-22.194],[-42.751615,-22.19131],[-42.751825,-22.18614],[-42.74608,-22.18427],[-42.747425,-22.179735],[-42.744955,-22.17616],[-42.74825,-22.17154],[-42.747695,-22.162365],[-42.752245,-22.161805],[-42.755575,-22.156535],[-42.7559,-22.151545],[-42.75508,-22.147865],[-42.749665,-22.14505],[-42.748995,-22.13279],[-42.746715,-22.132355],[-42.747605,-22.12924],[-42.74467,-22.1277],[-42.749895,-22.124825],[-42.755795,-22.124395],[-42.761695,-22.125215],[-42.76776,-22.13271],[-42.77715,-22.13049],[-42.791655,-22.143335],[-42.80256,-22.149375],[-42.806265,-22.157165],[-42.81495,-22.163525],[-42.82018,-22.164165],[-42.822845,-22.16731],[-42.83926,-22.175395],[-42.847515,-22.17474],[-42.84924,-22.177395],[-42.853485,-22.178385],[-42.852375,-22.181115],[-42.85454,-22.18348],[-42.86857,-22.19093],[-42.876785,-22.191385],[-42.87799,-22.186415],[-42.892185,-22.189705],[-42.90655,-22.22495],[-42.918765,-22.22327],[-42.93377,-22.22903],[-42.934325,-22.230955],[-42.94283,-22.234415],[-42.94104,-22.23702],[-42.944845,-22.2388],[-42.94649,-22.245075],[-42.95274,-22.248225],[-42.955585,-22.25353],[-42.962975,-22.252035],[-42.970255,-22.25424],[-42.97418,-22.26327],[-42.98061,-22.2647],[-42.983015,-22.263255],[-42.985515,-22.265695],[-42.98982,-22.278435],[-42.999375,-22.281865],[-43.002215,-22.286325],[-43.009965,-22.28653],[-43.016695,-22.29052],[-43.01182,-22.2961],[-43.01408,-22.301995],[-43.01915,-22.30287],[-43.023715,-22.306595],[-43.026695,-22.304425],[-43.036395,-22.308365],[-43.042855,-22.31503],[-43.046035,-22.32205],[-43.046255,-22.326415],[-43.03989,-22.32868],[-43.033905,-22.327265],[-43.030235,-22.3313],[-43.030465,-22.337335],[-43.0279,-22.3397],[-43.03115,-22.34464],[-43.027205,-22.346355],[-43.026835,-22.351825],[-43.021435,-22.355205],[-43.026405,-22.36355],[-43.031185,-22.36449],[-43.03538,-22.372355],[-43.028305,-22.378375],[-43.03468,-22.389675],[-43.028615,-22.39249],[-43.02843,-22.39526],[-43.03099,-22.40258],[-43.03743,-22.41041],[-43.03796,-22.415025],[-43.03176,-22.41984],[-43.031605,-22.42173],[-43.03492,-22.42321],[-43.03294,-22.43284],[-43.02782,-22.435005],[-43.026455,-22.43932],[-43.022185,-22.441115],[-43.026795,-22.44969],[-43.02547,-22.45499],[-43.028845,-22.46125]]]}},{"type":"Feature","properties":{"codarea":"3305901","nome":"Trajano de Moraes","nomeNormalizado":"TRAJANO DE MORAES"},"geometry":{"type":"Polygon","coordinates":[[[-42.294045,-22.11454],[-42.289145,-22.115675],[-42.283695,-22.12202],[-42.27881,-22.123685],[-42.27707,-22.131885],[-42.27983,-22.14171],[-42.28361,-22.14232],[-42.291,-22.139655],[-42.29463,-22.14303],[-42.29762,-22.15127],[-42.291725,-22.160215],[-42.2939,-22.165095],[-42.29218,-22.170365],[-42.285665,-22.17516],[-42.278035,-22.193305],[-42.28518,-22.19592],[-42.282905,-22.198305],[-42.28608,-22.200825],[-42.27979,-22.208925],[-42.27397,-22.20822],[-42.26513,-22.216775],[-42.25742,-22.216005],[-42.25033,-22.222015],[-42.244235,-22.22166],[-42.23831,-22.225],[-42.23346,-22.224655],[-42.24007,-22.23525],[-42.250265,-22.237355],[-42.24769,-22.24495],[-42.24859,-22.24813],[-42.25383,-22.25159],[-42.252,-22.25636],[-42.26005,-22.25872],[-42.264595,-22.26635],[-42.271,-22.26723],[-42.27395,-22.27049],[-42.280725,-22.271895],[-42.28152,-22.278315],[-42.292845,-22.281905],[-42.294855,-22.285825],[-42.293095,-22.288485],[-42.285655,-22.288645],[-42.28754,-22.292165],[-42.281865,-22.29401],[-42.276675,-22.29304],[-42.27378,-22.30173],[-42.26985,-22.301715],[-42.26567,-22.307025],[-42.25683,-22.30298],[-42.250885,-22.306105],[-42.247895,-22.299625],[-42.24901,-22.295245],[-42.244605,-22.29035],[-42.23855,-22.28618],[-42.23295,-22.28812],[-42.227095,-22.274015],[-42.21536,-22.2672],[-42.21055,-22.25959],[-42.20334,-22.25468],[-42.201915,-22.24999],[-42.19762,-22.246645],[-42.19291,-22.24424],[-42.18336,-22.24451],[-42.17805,-22.23291],[-42.172945,-22.229135],[-42.17127,-22.225315],[-42.15998,-22.21864],[-42.15898,-22.21507],[-42.148205,-22.211065],[-42.142295,-22.212495],[-42.13804,-22.210455],[-42.128125,-22.213865],[-42.124905,-22.21114],[-42.122025,-22.21198],[-42.11772,-22.20799],[-42.112795,-22.206795],[-42.11173,-22.20953],[-42.10768,-22.20974],[-42.10506,-22.20558],[-42.10019,-22.20447],[-42.098365,-22.20189],[-42.093345,-22.202665],[-42.092515,-22.196755],[-42.097935,-22.194075],[-42.09279,-22.189465],[-42.0968,-22.18315],[-42.089185,-22.176735],[-42.08778,-22.170465],[-42.07512,-22.163905],[-42.065635,-22.16443],[-42.05482,-22.159555],[-42.05267,-22.16247],[-42.045045,-22.163005],[-42.03942,-22.15666],[-42.03792,-22.16034],[-42.0272,-22.157955],[-42.01941,-22.14709],[-42.0113,-22.143145],[-42.00546,-22.14335],[-41.99707,-22.135295],[-41.97829,-22.12629],[-41.9738,-22.13361],[-41.96813,-22.13262],[-41.963215,-22.12865],[-41.95794,-22.117645],[-41.96245,-22.1055],[-41.958565,-22.097535],[-41.962475,-22.09449],[-41.9603,-22.09272],[-41.96332,-22.083115],[-41.96176,-22.07787],[-41.988105,-22.05776],[-42.05281,-22.058565],[-42.10368,-22.04991],[-42.097775,-22.033125],[-42.099265,-22.030295],[-42.123225,-22.02984],[-42.13673,-22.033135],[-42.13953,-22.02911],[-42.136175,-22.0247],[-42.137905,-22.023165],[-42.13686,-22.019795],[-42.139135,-22.01916],[-42.142385,-22.02318],[-42.146585,-22.024665],[-42.153745,-22.010385],[-42.167465,-22.00501],[-42.17391,-22.00422],[-42.18024,-22.0063],[-42.18302,-22.015],[-42.18616,-22.017475],[-42.194995,-22.013055],[-42.204455,-22.01647],[-42.20663,-22.013605],[-42.21167,-22.013165],[-42.21648,-22.008265],[-42.21947,-22.009925],[-42.22334,-22.011755],[-42.230255,-22.020595],[-42.233855,-22.026635],[-42.23302,-22.0294],[-42.241115,-22.0237],[-42.251145,-22.028645],[-42.240785,-22.032275],[-42.239935,-22.03414],[-42.248145,-22.04385],[-42.259475,-22.04513],[-42.262865,-22.05019],[-42.25932,-22.052685],[-42.26108,-22.064795],[-42.265385,-22.06323],[-42.265865,-22.06696],[-42.27006,-22.068705],[-42.27052,-22.072855],[-42.267225,-22.075525],[-42.26539,-22.08188],[-42.269355,-22.08923],[-42.27883,-22.09577],[-42.275365,-22.09743],[-42.276755,-22.10069],[-42.27364,-22.1053],[-42.27589,-22.108125],[-42.27216,-22.10713],[-42.27155,-22.104345],[-42.266445,-22.10568],[-42.265395,-22.115055],[-42.26266,-22.1183],[-42.26408,-22.121385],[-42.26959,-22.12138],[-42.28568,-22.113485],[-42.294045,-22.11454]]]}},{"type":"Feature","properties":{"codarea":"3305208","nome":"São Pedro da Aldeia","nomeNormalizado":"SAO PEDRO DA ALDEIA"},"geometry":{"type":"Polygon","coordinates":[[[-42.12219,-22.908295],[-42.115365,-22.90906],[-42.10993,-22.903825],[-42.104895,-22.891145],[-42.10435,-22.88437],[-42.10887,-22.869635],[-42.09956,-22.862],[-42.084025,-22.865255],[-42.07432,-22.859555],[-42.060645,-22.865945],[-42.05726,-22.86584],[-42.053715,-22.862925],[-42.04625,-22.867585],[-42.041195,-22.865735],[-42.025,-22.796405],[-42.131895,-22.653365],[-42.13843,-22.65732],[-42.142515,-22.65642],[-42.15178,-22.66948],[-42.1669,-22.680425],[-42.2184,-22.770235],[-42.253885,-22.791985],[-42.20911,-22.785235],[-42.204005,-22.78021],[-42.192725,-22.789245],[-42.20033,-22.7952],[-42.194395,-22.8002],[-42.19735,-22.80354],[-42.19282,-22.81357],[-42.19243,-22.82158],[-42.17666,-22.82759],[-42.21167,-22.87773],[-42.202205,-22.87971],[-42.190315,-22.874915],[-42.180465,-22.876905],[-42.169995,-22.873735],[-42.16305,-22.88373],[-42.152445,-22.89391],[-42.12219,-22.908295]]]}},{"type":"Feature","properties":{"codarea":"3305158","nome":"São José do Vale do Rio Preto","nomeNormalizado":"SAO JOSE DO VALE DO RIO PRETO"},"geometry":{"type":"Polygon","coordinates":[[[-42.98061,-22.2647],[-42.97418,-22.26327],[-42.970255,-22.25424],[-42.962975,-22.252035],[-42.955585,-22.25353],[-42.95274,-22.248225],[-42.94649,-22.245075],[-42.944845,-22.2388],[-42.94104,-22.23702],[-42.94283,-22.234415],[-42.934325,-22.230955],[-42.93377,-22.22903],[-42.918765,-22.22327],[-42.90655,-22.22495],[-42.892185,-22.189705],[-42.87799,-22.186415],[-42.876785,-22.191385],[-42.86857,-22.19093],[-42.85454,-22.18348],[-42.852375,-22.181115],[-42.853485,-22.178385],[-42.84924,-22.177395],[-42.847515,-22.17474],[-42.83926,-22.175395],[-42.822845,-22.16731],[-42.82018,-22.164165],[-42.81495,-22.163525],[-42.806265,-22.157165],[-42.80256,-22.149375],[-42.791655,-22.143335],[-42.77715,-22.13049],[-42.76776,-22.13271],[-42.761695,-22.125215],[-42.755795,-22.124395],[-42.749895,-22.124825],[-42.74467,-22.1277],[-42.74614,-22.12238],[-42.755565,-22.11824],[-42.761765,-22.11821],[-42.769045,-22.12418],[-42.773045,-22.120305],[-42.779195,-22.122215],[-42.79378,-22.122155],[-42.795435,-22.12508],[-42.799735,-22.1264],[-42.803645,-22.13325],[-42.81439,-22.136245],[-42.819905,-22.147095],[-42.827605,-22.14275],[-42.83603,-22.15233],[-42.84319,-22.15315],[-42.85153,-22.161925],[-42.856215,-22.16139],[-42.86387,-22.165245],[-42.87441,-22.154485],[-42.873535,-22.14397],[-42.867685,-22.13674],[-42.864405,-22.127595],[-42.86739,-22.124015],[-42.86791,-22.113445],[-42.8722,-22.1014],[-42.884185,-22.099945],[-42.895595,-22.110395],[-42.901665,-22.11049],[-42.904105,-22.11259],[-42.912675,-22.10888],[-42.91681,-22.09898],[-42.928975,-22.103545],[-42.93507,-22.094585],[-42.93806,-22.09545],[-42.940185,-22.093245],[-42.94374,-22.09588],[-42.945935,-22.09402],[-42.94874,-22.09497],[-42.955035,-22.084515],[-42.963745,-22.088835],[-42.969595,-22.088405],[-42.97386,-22.09724],[-42.967465,-22.10489],[-42.96432,-22.12643],[-42.954975,-22.13887],[-43.001505,-22.153955],[-43.004105,-22.14928],[-43.00947,-22.14951],[-43.013415,-22.146745],[-43.01722,-22.148265],[-43.020765,-22.16181],[-43.0405,-22.18867],[-43.038875,-22.192095],[-43.04163,-22.193505],[-43.04543,-22.200475],[-43.047755,-22.208605],[-43.04285,-22.207725],[-43.039445,-22.20458],[-43.037945,-22.20688],[-43.03571,-22.206685],[-43.029035,-22.202595],[-43.01892,-22.21774],[-43.0183,-22.222805],[-43.01538,-22.22331],[-43.00859,-22.21934],[-42.996755,-22.226125],[-42.99655,-22.23248],[-42.99243,-22.23902],[-42.979925,-22.249365],[-42.97798,-22.25523],[-42.98061,-22.2647]]]}},{"type":"Feature","properties":{"codarea":"3305133","nome":"São José de Ubá","nomeNormalizado":"SAO JOSE DE UBA"},"geometry":{"type":"Polygon","coordinates":[[[-42.058065,-21.433805],[-42.048345,-21.438075],[-42.03645,-21.43393],[-42.02417,-21.436675],[-42.021325,-21.433045],[-42.01729,-21.433],[-42.016745,-21.4306],[-42.008945,-21.428235],[-42.00609,-21.433535],[-42.0022,-21.432195],[-42.00274,-21.439865],[-42.000075,-21.439325],[-41.997295,-21.44616],[-41.9987,-21.45192],[-41.99334,-21.45595],[-41.993935,-21.46471],[-42.002315,-21.46597],[-42.007445,-21.476115],[-42.00539,-21.48255],[-41.99806,-21.488855],[-41.989035,-21.48255],[-41.98432,-21.481545],[-41.970405,-21.471065],[-41.970495,-21.46516],[-41.961295,-21.45509],[-41.958985,-21.446715],[-41.95023,-21.43229],[-41.941555,-21.4275],[-41.9391,-21.423405],[-41.91623,-21.41276],[-41.90562,-21.40297],[-41.89785,-21.39404],[-41.90103,-21.38815],[-41.899815,-21.38189],[-41.894355,-21.38172],[-41.88731,-21.37706],[-41.88412,-21.377675],[-41.882195,-21.372895],[-41.87692,-21.371425],[-41.873325,-21.367085],[-41.86802,-21.3661],[-41.864075,-21.360425],[-41.86446,-21.35593],[-41.85847,-21.35089],[-41.855325,-21.3452],[-41.84083,-21.34291],[-41.83521,-21.338335],[-41.82973,-21.33845],[-41.824905,-21.331265],[-41.816015,-21.32752],[-41.839355,-21.28832],[-41.84551,-21.296725],[-41.85634,-21.30273],[-41.86195,-21.30286],[-41.86563,-21.30026],[-41.87049,-21.304965],[-41.870785,-21.298915],[-41.875995,-21.298725],[-41.878815,-21.300865],[-41.88361,-21.299295],[-41.88607,-21.29519],[-41.89106,-21.297165],[-41.896545,-21.303265],[-41.90002,-21.30372],[-41.90333,-21.30294],[-41.905935,-21.29745],[-41.90896,-21.29826],[-41.917735,-21.295175],[-41.932275,-21.312655],[-41.94075,-21.30921],[-41.956395,-21.31424],[-41.95986,-21.31292],[-41.9614,-21.308155],[-41.963805,-21.310665],[-41.974405,-21.31049],[-41.978645,-21.315365],[-41.98503,-21.31291],[-41.987995,-21.314765],[-41.98609,-21.32008],[-41.9879,-21.32285],[-41.9933,-21.322035],[-41.99861,-21.328455],[-42.003575,-21.32765],[-42.00776,-21.330755],[-42.020995,-21.32868],[-42.02848,-21.3332],[-42.034645,-21.34337],[-42.033655,-21.347915],[-42.0397,-21.366055],[-42.028615,-21.376505],[-42.032165,-21.38389],[-42.02997,-21.39072],[-42.040605,-21.400055],[-42.04579,-21.415765],[-42.052185,-21.41947],[-42.05303,-21.42645],[-42.05623,-21.4286],[-42.058065,-21.433805]]]}},{"type":"Feature","properties":{"codarea":"3305109","nome":"São João de Meriti","nomeNormalizado":"SAO JOAO DE MERITI"},"geometry":{"type":"Polygon","coordinates":[[[-43.390555,-22.81382],[-43.38485,-22.814],[-43.365475,-22.804065],[-43.330915,-22.802665],[-43.32929,-22.755905],[-43.385155,-22.766455],[-43.39714,-22.777595],[-43.41071,-22.791675],[-43.390555,-22.81382]]]}},{"type":"Feature","properties":{"codarea":"3305505","nome":"Saquarema","nomeNormalizado":"SAQUAREMA"},"geometry":{"type":"Polygon","coordinates":[[[-42.38164,-22.935685],[-42.37795,-22.90773],[-42.38684,-22.89291],[-42.3826,-22.883775],[-42.369935,-22.835395],[-42.446815,-22.82275],[-42.45426,-22.81901],[-42.459835,-22.820715],[-42.461735,-22.81909],[-42.472,-22.820185],[-42.48373,-22.82991],[-42.487195,-22.82756],[-42.498365,-22.830915],[-42.50359,-22.82575],[-42.50634,-22.8268],[-42.51112,-22.82423],[-42.515485,-22.8257],[-42.526445,-22.816355],[-42.52749,-22.818335],[-42.53195,-22.80877],[-42.53797,-22.81208],[-42.55316,-22.81506],[-42.556115,-22.81177],[-42.560455,-22.811425],[-42.562565,-22.807135],[-42.567475,-22.804195],[-42.58071,-22.80562],[-42.59511,-22.814425],[-42.59998,-22.81526],[-42.601765,-22.816645],[-42.60101,-22.820015],[-42.6088,-22.82147],[-42.616125,-22.828545],[-42.628625,-22.832875],[-42.634295,-22.83687],[-42.63557,-22.841825],[-42.632065,-22.84548],[-42.637825,-22.853],[-42.645125,-22.854895],[-42.65299,-22.855725],[-42.65994,-22.85901],[-42.66187,-22.863455],[-42.67719,-22.877725],[-42.67639,-22.88803],[-42.678955,-22.896135],[-42.673885,-22.90365],[-42.67963,-22.908795],[-42.670235,-22.91103],[-42.655215,-22.90385],[-42.646585,-22.907865],[-42.63807,-22.91787],[-42.63419,-22.919735],[-42.64121,-22.93754],[-42.601615,-22.933635],[-42.5667,-22.932705],[-42.50591,-22.934005],[-42.496605,-22.935045],[-42.491985,-22.938275],[-42.4874,-22.93593],[-42.4742,-22.93782],[-42.455765,-22.934875],[-42.38164,-22.935685]]]}},{"type":"Feature","properties":{"codarea":"3305307","nome":"São Sebastião do Alto","nomeNormalizado":"SAO SEBASTIAO DO ALTO"},"geometry":{"type":"Polygon","coordinates":[[[-42.136175,-22.0247],[-42.12999,-22.020035],[-42.133285,-22.00994],[-42.13187,-22.00674],[-42.121065,-22.001685],[-42.117245,-21.996455],[-42.117705,-21.9911],[-42.114555,-21.984485],[-42.105805,-21.979955],[-42.099395,-21.980235],[-42.097155,-21.97644],[-42.09933,-21.97015],[-42.103275,-21.96871],[-42.100245,-21.965125],[-42.101155,-21.955795],[-42.092145,-21.955295],[-42.08836,-21.960875],[-42.082115,-21.953005],[-42.081865,-21.94856],[-42.087245,-21.951325],[-42.089445,-21.94604],[-42.09394,-21.94296],[-42.089385,-21.935165],[-42.09665,-21.93589],[-42.09474,-21.932905],[-42.09816,-21.931785],[-42.10089,-21.92646],[-42.094165,-21.92425],[-42.09269,-21.92831],[-42.08876,-21.929495],[-42.088855,-21.93209],[-42.083785,-21.93631],[-42.075535,-21.936265],[-42.078185,-21.93198],[-42.07362,-21.925175],[-42.0751,-21.921375],[-42.07341,-21.918955],[-42.07648,-21.91484],[-42.0732,-21.91382],[-42.06876,-21.91568],[-42.06798,-21.91858],[-42.06226,-21.91855],[-42.042935,-21.890115],[-42.034175,-21.88636],[-42.03144,-21.87529],[-42.025715,-21.86708],[-42.021715,-21.867335],[-42.02103,-21.86358],[-42.026215,-21.86436],[-42.02443,-21.861675],[-42.0178,-21.858575],[-42.0187,-21.855235],[-42.01459,-21.853085],[-42.01193,-21.84869],[-42.00414,-21.84578],[-42.001465,-21.83949],[-42.00545,-21.8374],[-41.995125,-21.82529],[-41.98822,-21.82136],[-41.98659,-21.81777],[-41.97364,-21.807195],[-41.97393,-21.80389],[-41.97108,-21.803095],[-41.95939,-21.79254],[-41.952045,-21.774555],[-41.9529,-21.77123],[-41.94988,-21.770055],[-41.94544,-21.77315],[-41.93439,-21.76707],[-41.934275,-21.76153],[-41.937945,-21.752215],[-41.93684,-21.748645],[-41.93334,-21.747835],[-41.929865,-21.74201],[-41.9371,-21.74122],[-41.939825,-21.74141],[-41.939795,-21.738995],[-41.942235,-21.739465],[-41.94863,-21.73046],[-41.952975,-21.728495],[-41.95529,-21.731315],[-41.961375,-21.731085],[-41.963365,-21.73369],[-41.96891,-21.73216],[-41.9711,-21.73427],[-41.97616,-21.73427],[-41.97537,-21.73788],[-41.977495,-21.739485],[-41.980785,-21.73839],[-41.98141,-21.733245],[-41.98499,-21.732885],[-41.987655,-21.73628],[-41.99181,-21.736805],[-41.99202,-21.739105],[-41.995715,-21.737515],[-41.99978,-21.739065],[-41.99955,-21.740865],[-42.00141,-21.739775],[-42.000115,-21.74239],[-42.00239,-21.741205],[-42.00434,-21.74259],[-42.004695,-21.746915],[-42.011605,-21.74488],[-42.013785,-21.750515],[-42.021405,-21.751905],[-42.022755,-21.75563],[-42.01967,-21.762785],[-42.013615,-21.76565],[-42.01365,-21.772155],[-42.02091,-21.77024],[-42.02481,-21.7662],[-42.029,-21.76879],[-42.02843,-21.76641],[-42.03091,-21.76765],[-42.03148,-21.765875],[-42.040055,-21.77292],[-42.04,-21.77529],[-42.03795,-21.775825],[-42.043185,-21.779205],[-42.044085,-21.7825],[-42.04255,-21.783955],[-42.044895,-21.78393],[-42.047525,-21.778645],[-42.05106,-21.778595],[-42.05566,-21.78181],[-42.055775,-21.785785],[-42.06091,-21.789445],[-42.06039,-21.791665],[-42.063235,-21.790545],[-42.061475,-21.799105],[-42.058315,-21.801045],[-42.06303,-21.802145],[-42.066525,-21.79897],[-42.068475,-21.80066],[-42.069855,-21.79939],[-42.06854,-21.79763],[-42.071485,-21.79653],[-42.076395,-21.801175],[-42.085455,-21.801445],[-42.08753,-21.80381],[-42.08938,-21.80137],[-42.090685,-21.804425],[-42.087715,-21.806805],[-42.09202,-21.809655],[-42.09219,-21.8133],[-42.096325,-21.81389],[-42.0996,-21.811015],[-42.09857,-21.809435],[-42.1031,-21.80948],[-42.104955,-21.811945],[-42.103315,-21.814],[-42.10742,-21.81436],[-42.106735,-21.817425],[-42.111515,-21.820615],[-42.110785,-21.822575],[-42.11327,-21.82546],[-42.117995,-21.824555],[-42.118925,-21.827235],[-42.120175,-21.822545],[-42.125415,-21.823915],[-42.12695,-21.829865],[-42.123045,-21.829845],[-42.12069,-21.836375],[-42.11633,-21.837145],[-42.118445,-21.838015],[-42.119075,-21.84194],[-42.11704,-21.84646],[-42.12026,-21.84781],[-42.120415,-21.850325],[-42.122865,-21.84992],[-42.123605,-21.84552],[-42.125225,-21.84626],[-42.128055,-21.842515],[-42.13233,-21.844335],[-42.132525,-21.839445],[-42.13727,-21.836735],[-42.138675,-21.839745],[-42.14161,-21.83986],[-42.14229,-21.842895],[-42.14586,-21.842025],[-42.14283,-21.84552],[-42.144305,-21.84781],[-42.141555,-21.849705],[-42.14218,-21.85126],[-42.13789,-21.85266],[-42.14222,-21.85872],[-42.145015,-21.856085],[-42.146505,-21.860695],[-42.14907,-21.8592],[-42.150505,-21.86101],[-42.15221,-21.858995],[-42.15917,-21.86035],[-42.158315,-21.858825],[-42.16165,-21.86053],[-42.16144,-21.859175],[-42.16725,-21.858695],[-42.16889,-21.859795],[-42.168115,-21.86398],[-42.171335,-21.864955],[-42.171275,-21.86656],[-42.173825,-21.86716],[-42.175285,-21.865165],[-42.18305,-21.869855],[-42.18352,-21.876055],[-42.18809,-21.87293],[-42.19909,-21.88142],[-42.20109,-21.878635],[-42.2047,-21.879535],[-42.2068,-21.877015],[-42.2109,-21.879935],[-42.21316,-21.88513],[-42.209635,-21.88685],[-42.21159,-21.89167],[-42.21476,-21.891105],[-42.215925,-21.89332],[-42.212895,-21.896145],[-42.2172,-21.900495],[-42.2185,-21.90604],[-42.221585,-21.908075],[-42.21346,-21.909405],[-42.21257,-21.912615],[-42.214295,-21.91422],[-42.20982,-21.91901],[-42.22026,-21.91728],[-42.22627,-21.92479],[-42.225125,-21.9296],[-42.22758,-21.93108],[-42.22806,-21.9347],[-42.23038,-21.934065],[-42.23387,-21.936725],[-42.237865,-21.950925],[-42.243115,-21.95251],[-42.241305,-21.95622],[-42.24395,-21.96005],[-42.239255,-21.96364],[-42.24267,-21.96823],[-42.24025,-21.971535],[-42.243005,-21.97279],[-42.240355,-21.974905],[-42.23257,-21.973125],[-42.22529,-21.98191],[-42.227155,-21.98833],[-42.22239,-21.990575],[-42.220285,-21.995775],[-42.22447,-22.00463],[-42.21947,-22.009925],[-42.21648,-22.008265],[-42.21167,-22.013165],[-42.20663,-22.013605],[-42.204455,-22.01647],[-42.194995,-22.013055],[-42.18616,-22.017475],[-42.18302,-22.015],[-42.18024,-22.0063],[-42.17391,-22.00422],[-42.167465,-22.00501],[-42.153745,-22.010385],[-42.146585,-22.024665],[-42.142385,-22.02318],[-42.139135,-22.01916],[-42.13686,-22.019795],[-42.137905,-22.023165],[-42.136175,-22.0247]]]}},{"type":"Feature","properties":{"codarea":"3305406","nome":"Sapucaia","nomeNormalizado":"SAPUCAIA"},"geometry":{"type":"Polygon","coordinates":[[[-42.969595,-22.088405],[-42.963745,-22.088835],[-42.955035,-22.084515],[-42.94874,-22.09497],[-42.945935,-22.09402],[-42.94374,-22.09588],[-42.940185,-22.093245],[-42.93806,-22.09545],[-42.93507,-22.094585],[-42.928975,-22.103545],[-42.91681,-22.09898],[-42.912675,-22.10888],[-42.904105,-22.11259],[-42.901665,-22.11049],[-42.895595,-22.110395],[-42.884185,-22.099945],[-42.8722,-22.1014],[-42.86791,-22.113445],[-42.86739,-22.124015],[-42.864405,-22.127595],[-42.867685,-22.13674],[-42.873535,-22.14397],[-42.87441,-22.154485],[-42.86387,-22.165245],[-42.856215,-22.16139],[-42.85153,-22.161925],[-42.84319,-22.15315],[-42.83603,-22.15233],[-42.827605,-22.14275],[-42.819905,-22.147095],[-42.81439,-22.136245],[-42.803645,-22.13325],[-42.799735,-22.1264],[-42.795435,-22.12508],[-42.79378,-22.122155],[-42.779195,-22.122215],[-42.773045,-22.120305],[-42.769045,-22.12418],[-42.761765,-22.11821],[-42.755565,-22.11824],[-42.75815,-22.107795],[-42.76058,-22.105315],[-42.7594,-22.100765],[-42.74959,-22.10051],[-42.736455,-22.09607],[-42.73264,-22.089135],[-42.73411,-22.0673],[-42.73833,-22.06446],[-42.73633,-22.059915],[-42.74285,-22.0519],[-42.74287,-22.04761],[-42.73641,-22.047625],[-42.726335,-22.052505],[-42.71746,-22.052375],[-42.712205,-22.04032],[-42.71328,-22.03514],[-42.71071,-22.03286],[-42.71414,-22.029855],[-42.71532,-22.02537],[-42.7081,-22.023355],[-42.706885,-22.01944],[-42.70941,-22.013295],[-42.706305,-22.00994],[-42.70251,-22.00948],[-42.696985,-22.000635],[-42.69934,-21.994885],[-42.70244,-21.99306],[-42.69756,-21.9899],[-42.69817,-21.979375],[-42.69643,-21.976465],[-42.692825,-21.975795],[-42.690995,-21.96932],[-42.691875,-21.96791],[-42.687745,-21.9653],[-42.68809,-21.962885],[-42.69707,-21.96306],[-42.69925,-21.959775],[-42.689475,-21.9498],[-42.6815,-21.948975],[-42.677075,-21.94468],[-42.672755,-21.93563],[-42.674465,-21.93194],[-42.67062,-21.92787],[-42.67135,-21.923295],[-42.66347,-21.91546],[-42.662215,-21.90552],[-42.66661,-21.899235],[-42.67002,-21.89798],[-42.668435,-21.89314],[-42.66316,-21.89073],[-42.668095,-21.880185],[-42.66448,-21.877005],[-42.665345,-21.87325],[-42.684965,-21.8792],[-42.73998,-21.908665],[-42.78779,-21.92957],[-42.810335,-21.93776],[-42.815505,-21.93636],[-42.84239,-21.94826],[-42.84491,-21.94669],[-42.85509,-21.9495],[-42.881425,-21.959265],[-42.88289,-21.96245],[-42.87847,-21.965775],[-42.893605,-21.97517],[-42.89897,-21.98006],[-42.89684,-21.981145],[-42.897545,-21.98291],[-42.90716,-21.98944],[-42.947095,-22.00592],[-42.95921,-22.015005],[-42.96482,-22.0137],[-42.968985,-22.014895],[-42.98426,-22.026],[-42.989805,-22.03423],[-42.996905,-22.03611],[-43.002215,-22.032835],[-43.006475,-22.03458],[-43.01003,-22.03918],[-43.008055,-22.042045],[-43.009475,-22.0448],[-43.00389,-22.048435],[-43.010095,-22.056025],[-43.00658,-22.070405],[-43.010885,-22.07577],[-43.01348,-22.075335],[-43.013065,-22.081665],[-43.01627,-22.08585],[-42.969595,-22.088405]]]}},{"type":"Feature","properties":{"codarea":"3304706","nome":"Santo Antônio de Pádua","nomeNormalizado":"SANTO ANTONIO DE PADUA"},"geometry":{"type":"Polygon","coordinates":[[[-42.23708,-21.69721],[-42.226905,-21.69643],[-42.21582,-21.689775],[-42.207145,-21.69013],[-42.1992,-21.685275],[-42.19083,-21.68464],[-42.18442,-21.681475],[-42.186495,-21.679595],[-42.184025,-21.677965],[-42.186005,-21.67458],[-42.195175,-21.668715],[-42.19532,-21.65427],[-42.20472,-21.64865],[-42.203015,-21.643565],[-42.18666,-21.628935],[-42.182715,-21.63359],[-42.179295,-21.630125],[-42.172155,-21.63003],[-42.16841,-21.625695],[-42.162735,-21.625625],[-42.16216,-21.622245],[-42.15784,-21.622675],[-42.157825,-21.618715],[-42.15523,-21.61925],[-42.14809,-21.61247],[-42.14302,-21.609815],[-42.13899,-21.61094],[-42.140665,-21.606605],[-42.139075,-21.60423],[-42.135805,-21.606145],[-42.132825,-21.601915],[-42.11983,-21.60152],[-42.115745,-21.60118],[-42.11224,-21.605555],[-42.109585,-21.60199],[-42.105285,-21.602045],[-42.09201,-21.5866],[-42.086455,-21.58512],[-42.086865,-21.578325],[-42.07742,-21.575165],[-42.065255,-21.55967],[-42.06036,-21.549505],[-42.053305,-21.545915],[-42.05152,-21.53568],[-42.05477,-21.526355],[-42.046475,-21.520095],[-42.04291,-21.52056],[-42.038945,-21.513405],[-42.030035,-21.50689],[-42.02075,-21.505605],[-42.010055,-21.497575],[-42.002385,-21.496255],[-41.99806,-21.488855],[-42.00539,-21.48255],[-42.007445,-21.476115],[-42.002315,-21.46597],[-41.993935,-21.46471],[-41.99334,-21.45595],[-41.9987,-21.45192],[-41.997295,-21.44616],[-42.000075,-21.439325],[-42.00274,-21.439865],[-42.0022,-21.432195],[-42.00609,-21.433535],[-42.008945,-21.428235],[-42.016745,-21.4306],[-42.01729,-21.433],[-42.021325,-21.433045],[-42.02417,-21.436675],[-42.03645,-21.43393],[-42.048345,-21.438075],[-42.058065,-21.433805],[-42.064375,-21.43538],[-42.074095,-21.44712],[-42.08063,-21.45083],[-42.08229,-21.44808],[-42.086915,-21.44655],[-42.093645,-21.45339],[-42.10044,-21.45121],[-42.106895,-21.452685],[-42.112685,-21.463855],[-42.12097,-21.47234],[-42.12541,-21.473975],[-42.13558,-21.469335],[-42.13735,-21.4711],[-42.2023,-21.46862],[-42.275375,-21.42747],[-42.28062,-21.432725],[-42.279095,-21.4351],[-42.28591,-21.44153],[-42.283875,-21.44582],[-42.28715,-21.447635],[-42.292085,-21.45998],[-42.27718,-21.466505],[-42.270985,-21.46605],[-42.26808,-21.468875],[-42.27125,-21.47503],[-42.255585,-21.48361],[-42.254615,-21.48698],[-42.259745,-21.496285],[-42.26532,-21.498005],[-42.26699,-21.50239],[-42.26824,-21.50134],[-42.268955,-21.50312],[-42.27386,-21.503895],[-42.2856,-21.52812],[-42.29719,-21.523535],[-42.306305,-21.529085],[-42.302525,-21.538915],[-42.30696,-21.54572],[-42.309705,-21.546595],[-42.31002,-21.55225],[-42.314885,-21.5559],[-42.321885,-21.55809],[-42.32739,-21.55751],[-42.33077,-21.560235],[-42.32477,-21.569445],[-42.345145,-21.58196],[-42.354235,-21.595355],[-42.36157,-21.602345],[-42.363715,-21.613315],[-42.369145,-21.619975],[-42.36602,-21.620435],[-42.365305,-21.62436],[-42.36009,-21.621185],[-42.355505,-21.62527],[-42.359245,-21.62688],[-42.359085,-21.63157],[-42.364675,-21.632165],[-42.36989,-21.639435],[-42.36515,-21.64646],[-42.355645,-21.64779],[-42.348025,-21.6418],[-42.344955,-21.6506],[-42.346475,-21.652225],[-42.3424,-21.65665],[-42.343365,-21.65954],[-42.3403,-21.65914],[-42.34007,-21.66201],[-42.33504,-21.65972],[-42.334215,-21.661635],[-42.331045,-21.66063],[-42.324595,-21.65601],[-42.320635,-21.660915],[-42.31651,-21.654655],[-42.310905,-21.660085],[-42.30779,-21.65739],[-42.307735,-21.659975],[-42.300895,-21.655145],[-42.288355,-21.667455],[-42.28257,-21.6704],[-42.28319,-21.67282],[-42.287115,-21.67273],[-42.28614,-21.677385],[-42.28232,-21.67923],[-42.283365,-21.680955],[-42.275825,-21.676575],[-42.27041,-21.6815],[-42.271445,-21.68548],[-42.264935,-21.693865],[-42.267245,-21.69502],[-42.26778,-21.698695],[-42.271435,-21.69972],[-42.272675,-21.70383],[-42.26674,-21.70828],[-42.27206,-21.714325],[-42.26841,-21.712805],[-42.26665,-21.714475],[-42.24611,-21.70658],[-42.23708,-21.69721]]]}},{"type":"Feature","properties":{"codarea":"3304755","nome":"São Francisco de Itabapoana","nomeNormalizado":"SAO FRANCISCO DE ITABAPOANA"},"geometry":{"type":"MultiPolygon","coordinates":[[[[-41.016395,-21.61084],[-41.014575,-21.61877],[-41.01285,-21.614945],[-41.016395,-21.61084]]],[[[-41.048395,-21.589595],[-41.04602,-21.59331],[-41.047015,-21.59834],[-41.044285,-21.60678],[-41.04591,-21.61622],[-41.029985,-21.616375],[-41.01779,-21.61397],[-41.01674,-21.61173],[-41.018795,-21.607315],[-41.036795,-21.59638],[-41.043795,-21.584955],[-41.048395,-21.589595]]],[[[-41.04815,-21.6178],[-41.050235,-21.61569],[-41.045985,-21.606605],[-41.04862,-21.598625],[-41.052095,-21.597745],[-41.052445,-21.5935],[-41.0503,-21.59499],[-41.06495,-21.55272],[-41.050165,-21.58656],[-41.047675,-21.586635],[-41.05373,-21.57707],[-41.072645,-21.52561],[-41.07138,-21.504665],[-41.06676,-21.493215],[-41.05705,-21.47852],[-41.0475,-21.46796],[-41.037615,-21.462275],[-41.03523,-21.457195],[-41.020595,-21.441725],[-41.017165,-21.433435],[-41.006105,-21.419085],[-41.002475,-21.407415],[-40.99708,-21.39892],[-40.99032,-21.393185],[-40.98263,-21.39161],[-40.977295,-21.382755],[-40.96913,-21.375],[-40.964655,-21.362775],[-40.9614,-21.360775],[-40.96464,-21.33983],[-40.95794,-21.311385],[-40.95929,-21.302925],[-40.965815,-21.29956],[-40.96544,-21.295805],[-40.97178,-21.29519],[-40.97472,-21.28856],[-40.976985,-21.2904],[-40.98079,-21.28909],[-40.980685,-21.28761],[-40.976835,-21.28727],[-40.97637,-21.28173],[-40.97916,-21.279975],[-40.984955,-21.28748],[-40.995795,-21.28619],[-40.99932,-21.27847],[-41.00026,-21.269345],[-40.998165,-21.266175],[-41.0016,-21.260085],[-40.999835,-21.2585],[-41.00405,-21.25593],[-41.00474,-21.2511],[-41.0109,-21.25265],[-41.013335,-21.250255],[-41.015955,-21.251805],[-41.024905,-21.245805],[-41.028545,-21.25],[-41.03024,-21.24884],[-41.03155,-21.25093],[-41.03602,-21.251195],[-41.03459,-21.25224],[-41.035805,-21.25407],[-41.041335,-21.254945],[-41.04674,-21.251025],[-41.04563,-21.247155],[-41.04727,-21.248895],[-41.05215,-21.242315],[-41.054125,-21.24307],[-41.052735,-21.241265],[-41.05932,-21.234645],[-41.069235,-21.228455],[-41.07341,-21.230925],[-41.07424,-21.227005],[-41.081355,-21.2244],[-41.080325,-21.222245],[-41.085325,-21.22209],[-41.08922,-21.21952],[-41.089195,-21.22147],[-41.09091,-21.221235],[-41.092335,-21.21812],[-41.093975,-21.220675],[-41.1037,-21.21912],[-41.108115,-21.222525],[-41.11195,-21.222415],[-41.11555,-21.228635],[-41.120065,-21.23023],[-41.12673,-21.230205],[-41.1303,-21.22658],[-41.135925,-21.2267],[-41.138955,-21.23012],[-41.13663,-21.23203],[-41.13759,-21.235485],[-41.14117,-21.23905],[-41.155625,-21.239735],[-41.15509,-21.244735],[-41.15824,-21.24145],[-41.16176,-21.246025],[-41.163305,-21.242875],[-41.168185,-21.245525],[-41.168145,-21.242665],[-41.17582,-21.24473],[-41.17406,-21.240805],[-41.17708,-21.242275],[-41.180935,-21.24156],[-41.17798,-21.241305],[-41.177615,-21.239005],[-41.180715,-21.239905],[-41.182955,-21.23607],[-41.182325,-21.238685],[-41.186205,-21.24202],[-41.183445,-21.24223],[-41.182545,-21.24453],[-41.187945,-21.243335],[-41.1906,-21.24875],[-41.19274,-21.246865],[-41.193435,-21.241205],[-41.19374,-21.244065],[-41.197975,-21.242105],[-41.199265,-21.24436],[-41.203705,-21.240415],[-41.20541,-21.244335],[-41.205895,-21.240975],[-41.21081,-21.23837],[-41.211835,-21.235755],[-41.21485,-21.2373],[-41.22214,-21.23287],[-41.223625,-21.227635],[-41.22752,-21.231485],[-41.230025,-21.225605],[-41.234455,-21.225895],[-41.24137,-21.22036],[-41.256495,-21.22525],[-41.25866,-21.22804],[-41.257345,-21.230215],[-41.260715,-21.23269],[-41.260825,-21.23679],[-41.264625,-21.233125],[-41.2733,-21.233525],[-41.27067,-21.236495],[-41.2729,-21.237435],[-41.27554,-21.23556],[-41.276225,-21.24015],[-41.271905,-21.246285],[-41.276855,-21.246735],[-41.27642,-21.24979],[-41.282785,-21.25074],[-41.28722,-21.2563],[-41.293595,-21.28099],[-41.296645,-21.28338],[-41.302445,-21.29774],[-41.308855,-21.301675],[-41.310475,-21.309685],[-41.312895,-21.31168],[-41.307735,-21.313545],[-41.299355,-21.31065],[-41.29539,-21.315845],[-41.282855,-21.314765],[-41.27747,-21.31233],[-41.26179,-21.314595],[-41.24895,-21.309245],[-41.248285,-21.314155],[-41.25063,-21.32138],[-41.253545,-21.32146],[-41.26335,-21.331835],[-41.26458,-21.336675],[-41.26287,-21.33955],[-41.26985,-21.35185],[-41.26545,-21.35617],[-41.263675,-21.36407],[-41.26009,-21.364815],[-41.255445,-21.36219],[-41.253235,-21.36551],[-41.242965,-21.3665],[-41.23698,-21.375585],[-41.237205,-21.38242],[-41.241635,-21.384115],[-41.24311,-21.388535],[-41.25727,-21.38881],[-41.25814,-21.3906],[-41.2557,-21.393095],[-41.256915,-21.396415],[-41.262765,-21.39927],[-41.26672,-21.407655],[-41.262205,-21.413345],[-41.26236,-21.41684],[-41.257715,-21.421355],[-41.255835,-21.445755],[-41.258575,-21.454025],[-41.255915,-21.458425],[-41.2585,-21.466215],[-41.25553,-21.47904],[-41.256765,-21.48565],[-41.261485,-21.489735],[-41.24875,-21.50185],[-41.244065,-21.50056],[-41.254465,-21.55631],[-41.24364,-21.55863],[-41.240075,-21.563065],[-41.23477,-21.563545],[-41.23077,-21.56673],[-41.229835,-21.57142],[-41.222645,-21.573965],[-41.21954,-21.57896],[-41.20395,-21.58507],[-41.197525,-21.59298],[-41.18109,-21.59206],[-41.185575,-21.63643],[-41.196855,-21.68253],[-41.191085,-21.683755],[-41.185015,-21.688755],[-41.177415,-21.689175],[-41.171145,-21.682885],[-41.16485,-21.68159],[-41.15837,-21.67464],[-41.15036,-21.674025],[-41.14564,-21.676355],[-41.146965,-21.671845],[-41.139545,-21.67133],[-41.14112,-21.67732],[-41.138235,-21.67629],[-41.13435,-21.67795],[-41.128725,-21.6739],[-41.110185,-21.677255],[-41.101405,-21.67476],[-41.09796,-21.67056],[-41.09868,-21.66314],[-41.095195,-21.651295],[-41.083995,-21.644065],[-41.076295,-21.63215],[-41.068745,-21.626505],[-41.052905,-21.61798],[-41.04815,-21.6178]]]]}},{"type":"Feature","properties":{"codarea":"3304557","nome":"Rio de Janeiro","nomeNormalizado":"RIO DE JANEIRO"},"geometry":{"type":"MultiPolygon","coordinates":[[[[-43.5638,-23.08151],[-43.55917,-23.08074],[-43.561375,-23.078735],[-43.5638,-23.08151]]],[[[-43.15143,-22.96674],[-43.148735,-22.96556],[-43.14734,-22.961715],[-43.150725,-22.96311],[-43.149375,-22.96516],[-43.15143,-22.96674]]],[[[-43.78689,-22.92643],[-43.785395,-22.928865],[-43.78329,-22.925725],[-43.78689,-22.92643]]],[[[-43.16149,-22.91611],[-43.15781,-22.912625],[-43.160635,-22.91295],[-43.16149,-22.91611]]],[[[-43.17589,-22.895565],[-43.171345,-22.89866],[-43.167345,-22.895495],[-43.17472,-22.89315],[-43.17589,-22.895565]]],[[[-43.211095,-22.887145],[-43.20895,-22.89193],[-43.20789,-22.887285],[-43.211095,-22.887145]]],[[[-43.183825,-23.02241],[-43.182285,-23.023795],[-43.1828,-23.02139],[-43.183825,-23.02241]]],[[[-43.14991,-23.059985],[-43.147675,-23.06506],[-43.1422,-23.06575],[-43.14825,-23.059585],[-43.14991,-23.059985]]],[[[-43.19917,-23.070925],[-43.192785,-23.0741],[-43.191005,-23.071545],[-43.19374,-23.0672],[-43.19917,-23.070925]]],[[[-43.20829,-23.039755],[-43.205725,-23.040135],[-43.196775,-23.03472],[-43.20736,-23.037835],[-43.20829,-23.039755]]],[[[-43.307955,-23.038585],[-43.30235,-23.03792],[-43.30399,-23.036505],[-43.307955,-23.038585]]],[[[-43.588305,-23.035655],[-43.581445,-23.039055],[-43.579205,-23.044475],[-43.57766,-23.04398],[-43.57909,-23.04071],[-43.583525,-23.036755],[-43.588305,-23.035655]]],[[[-43.60402,-23.0291],[-43.60228,-23.039045],[-43.58965,-23.040655],[-43.57848,-23.04609],[-43.58341,-23.03838],[-43.593605,-23.033855],[-43.599705,-23.02768],[-43.602615,-23.02901],[-43.60402,-23.0291]]],[[[-43.51449,-23.06514],[-43.507895,-23.06454],[-43.51141,-23.061265],[-43.51449,-23.06514]]],[[[-43.56585,-23.056955],[-43.56528,-23.05815],[-43.565555,-23.05542],[-43.56585,-23.056955]]],[[[-43.667795,-23.05306],[-43.630365,-23.050265],[-43.606075,-23.05051],[-43.58443,-23.053905],[-43.576895,-23.056315],[-43.56775,-23.06309],[-43.566345,-23.06178],[-43.56833,-23.05961],[-43.565935,-23.05754],[-43.567555,-23.053975],[-43.58863,-23.042995],[-43.60094,-23.040525],[-43.60398,-23.038705],[-43.6058,-23.033815],[-43.614005,-23.030985],[-43.643085,-23.035895],[-43.66664,-23.042575],[-43.667795,-23.05306]]],[[[-43.472205,-23.03629],[-43.470575,-23.03784],[-43.46753,-23.03713],[-43.469585,-23.03376],[-43.472205,-23.03629]]],[[[-43.30135,-23.03315],[-43.29836,-23.034015],[-43.29848,-23.03125],[-43.30135,-23.03315]]],[[[-43.195255,-23.02737],[-43.18993,-23.026885],[-43.191905,-23.02533],[-43.195255,-23.02737]]],[[[-43.61177,-23.030475],[-43.605295,-23.033155],[-43.604055,-23.0317],[-43.60761,-23.02963],[-43.61177,-23.030475]]],[[[-43.60457,-23.027385],[-43.60311,-23.028955],[-43.60013,-23.027345],[-43.60457,-23.027385]]],[[[-43.124255,-22.80598],[-43.12329,-22.807045],[-43.122565,-22.804455],[-43.124255,-22.80598]]],[[[-43.119615,-22.803845],[-43.117865,-22.80443],[-43.116955,-22.802585],[-43.119615,-22.803845]]],[[[-43.121065,-22.75726],[-43.11857,-22.75862],[-43.11453,-22.755875],[-43.11808,-22.753535],[-43.121065,-22.75726]]],[[[-43.12916,-22.74751],[-43.12408,-22.74828],[-43.127115,-22.746055],[-43.12916,-22.74751]]],[[[-43.10511,-22.76769],[-43.10261,-22.7635],[-43.10662,-22.763535],[-43.108485,-22.757435],[-43.101805,-22.75187],[-43.105585,-22.74866],[-43.1094,-22.748955],[-43.109165,-22.75179],[-43.112825,-22.754225],[-43.10995,-22.758665],[-43.11165,-22.760815],[-43.11039,-22.765735],[-43.114365,-22.7676],[-43.108245,-22.76999],[-43.10511,-22.76769]]],[[[-43.15494,-22.794175],[-43.154905,-22.794135],[-43.154985,-22.794125],[-43.15494,-22.794175]]],[[[-43.15996,-22.77017],[-43.16001,-22.77018],[-43.16233,-22.771615],[-43.160235,-22.77187],[-43.15984,-22.775495],[-43.152055,-22.77414],[-43.152795,-22.771685],[-43.156145,-22.773215],[-43.15996,-22.77017]]],[[[-43.217175,-22.87033],[-43.214615,-22.86977],[-43.21427,-22.866],[-43.216675,-22.861765],[-43.21805,-22.863385],[-43.21951,-22.861765],[-43.214475,-22.85969],[-43.209005,-22.860365],[-43.208385,-22.85836],[-43.223795,-22.858265],[-43.232395,-22.84725],[-43.231075,-22.843795],[-43.224875,-22.84157],[-43.22246,-22.843195],[-43.22416,-22.846595],[-43.22167,-22.848665],[-43.21984,-22.8448],[-43.223445,-22.839525],[-43.23158,-22.836135],[-43.232295,-22.838615],[-43.23758,-22.83924],[-43.242475,-22.837045],[-43.243215,-22.83973],[-43.23997,-22.842325],[-43.240965,-22.846685],[-43.2365,-22.85395],[-43.23606,-22.8614],[-43.23246,-22.863065],[-43.231715,-22.866435],[-43.221945,-22.870745],[-43.217175,-22.87033]]],[[[-43.79603,-22.91707],[-43.789965,-22.925705],[-43.78433,-22.92427],[-43.774045,-22.93276],[-43.768395,-22.93264],[-43.76675,-22.93559],[-43.74628,-22.945885],[-43.731585,-22.95791],[-43.724655,-22.960705],[-43.7187,-22.966695],[-43.719635,-22.97302],[-43.714145,-22.96904],[-43.710965,-22.97058],[-43.700605,-22.985705],[-43.69583,-22.98461],[-43.689675,-22.991795],[-43.687475,-22.985995],[-43.67983,-22.98087],[-43.67428,-22.98031],[-43.65897,-22.991645],[-43.65263,-23.000625],[-43.6532,-23.002775],[-43.643225,-23.001115],[-43.638565,-23.006245],[-43.63219,-23.005605],[-43.622915,-23.00787],[-43.614105,-23.01763],[-43.60729,-23.021575],[-43.599565,-23.022885],[-43.594255,-23.032395],[-43.58538,-23.035195],[-43.57966,-23.03963],[-43.57717,-23.04365],[-43.578075,-23.04561],[-43.562375,-23.053155],[-43.5616,-23.05815],[-43.56909,-23.066295],[-43.567725,-23.07146],[-43.57244,-23.073265],[-43.563015,-23.075645],[-43.554135,-23.072645],[-43.553685,-23.07606],[-43.551835,-23.076185],[-43.54882,-23.073315],[-43.5528,-23.07152],[-43.55171,-23.066425],[-43.547745,-23.064635],[-43.55005,-23.063095],[-43.54893,-23.06071],[-43.53688,-23.056055],[-43.535215,-23.050815],[-43.508535,-23.047575],[-43.50661,-23.04204],[-43.50303,-23.04012],[-43.500445,-23.04111],[-43.498245,-23.037135],[-43.4928,-23.03532],[-43.47759,-23.031735],[-43.4707,-23.03325],[-43.466305,-23.02919],[-43.445595,-23.02292],[-43.3879,-23.013115],[-43.34118,-23.011185],[-43.307055,-23.016],[-43.295025,-23.016855],[-43.287385,-23.01484],[-43.286435,-23.01645],[-43.28691,-23.009895],[-43.2772,-23.005705],[-43.274725,-23.002275],[-43.25207,-22.99911],[-43.24078,-23.000415],[-43.231845,-22.995165],[-43.233145,-22.993605],[-43.231715,-22.99144],[-43.226955,-22.990185],[-43.22667,-22.988535],[-43.20708,-22.98723],[-43.190115,-22.990695],[-43.189215,-22.98821],[-43.183525,-22.986015],[-43.18816,-22.985785],[-43.189305,-22.98204],[-43.183565,-22.97272],[-43.167195,-22.963895],[-43.159595,-22.964415],[-43.15968,-22.95769],[-43.164335,-22.95641],[-43.16444,-22.954725],[-43.150235,-22.95093],[-43.155795,-22.94418],[-43.15114,-22.94065],[-43.151695,-22.938735],[-43.15775,-22.94116],[-43.15806,-22.94345],[-43.161985,-22.943375],[-43.16322,-22.947735],[-43.169995,-22.95231],[-43.180525,-22.947155],[-43.17866,-22.943025],[-43.174255,-22.94419],[-43.168635,-22.938715],[-43.17127,-22.93241],[-43.167555,-22.919145],[-43.16957,-22.91676],[-43.16942,-22.91913],[-43.171615,-22.919775],[-43.17271,-22.916605],[-43.1693,-22.914285],[-43.166055,-22.91543],[-43.167215,-22.91769],[-43.165665,-22.915625],[-43.16164,-22.91679],[-43.16179,-22.904785],[-43.16924,-22.90456],[-43.173345,-22.90208],[-43.177025,-22.895875],[-43.179525,-22.895635],[-43.179065,-22.89228],[-43.18083,-22.895475],[-43.195885,-22.892035],[-43.210845,-22.897605],[-43.21597,-22.886345],[-43.201385,-22.87146],[-43.20443,-22.871705],[-43.20992,-22.867],[-43.21381,-22.87117],[-43.21273,-22.87282],[-43.216535,-22.873555],[-43.217015,-22.8758],[-43.219745,-22.87537],[-43.21888,-22.872105],[-43.22473,-22.8753],[-43.226665,-22.874125],[-43.22621,-22.869155],[-43.230015,-22.867785],[-43.232435,-22.869205],[-43.23365,-22.86372],[-43.23653,-22.86203],[-43.243235,-22.842255],[-43.25391,-22.83732],[-43.264795,-22.82647],[-43.27283,-22.80983],[-43.27867,-22.807375],[-43.289045,-22.80791],[-43.288475,-22.810375],[-43.290175,-22.81041],[-43.29573,-22.806375],[-43.29921,-22.80658],[-43.307025,-22.8],[-43.330915,-22.802665],[-43.365475,-22.804065],[-43.38485,-22.814],[-43.390555,-22.81382],[-43.40763,-22.82114],[-43.41513,-22.82136],[-43.4218,-22.832465],[-43.42409,-22.832465],[-43.42699,-22.83688],[-43.45813,-22.849035],[-43.46922,-22.84041],[-43.48242,-22.83043],[-43.49006,-22.815515],[-43.559385,-22.828885],[-43.588465,-22.838695],[-43.592945,-22.8605],[-43.59656,-22.857755],[-43.62348,-22.862815],[-43.64413,-22.855735],[-43.66285,-22.8646],[-43.67348,-22.864045],[-43.676985,-22.865505],[-43.681055,-22.862675],[-43.68972,-22.86524],[-43.69723,-22.864715],[-43.706525,-22.868615],[-43.71153,-22.866775],[-43.7176,-22.872485],[-43.72689,-22.87304],[-43.734345,-22.878325],[-43.748225,-22.877935],[-43.752195,-22.88058],[-43.75162,-22.888735],[-43.766725,-22.89527],[-43.773045,-22.8925],[-43.775155,-22.8958],[-43.78021,-22.8947],[-43.78168,-22.899295],[-43.78432,-22.900085],[-43.784685,-22.903975],[-43.78835,-22.90061],[-43.78982,-22.90356],[-43.794805,-22.90353],[-43.795355,-22.90673],[-43.79225,-22.908315],[-43.790745,-22.91433],[-43.79603,-22.91707]]],[[[-43.165275,-22.81289],[-43.1607,-22.814595],[-43.162095,-22.811165],[-43.165275,-22.81289]]],[[[-43.259935,-22.82514],[-43.2575,-22.826135],[-43.2576,-22.82472],[-43.259935,-22.82514]]],[[[-43.18475,-22.833555],[-43.175815,-22.82722],[-43.175525,-22.82378],[-43.172645,-22.825295],[-43.1737,-22.83116],[-43.17019,-22.831245],[-43.168185,-22.824735],[-43.163885,-22.82285],[-43.165455,-22.820065],[-43.16984,-22.82173],[-43.174985,-22.819745],[-43.17651,-22.81543],[-43.174945,-22.81254],[-43.17728,-22.810645],[-43.17837,-22.802175],[-43.17521,-22.80118],[-43.16917,-22.793165],[-43.156275,-22.786225],[-43.15747,-22.778585],[-43.16627,-22.77724],[-43.169365,-22.781155],[-43.167985,-22.78242],[-43.17035,-22.78293],[-43.17319,-22.779265],[-43.17225,-22.77565],[-43.17574,-22.77717],[-43.179225,-22.783415],[-43.18193,-22.783445],[-43.182855,-22.78148],[-43.18567,-22.7847],[-43.1894,-22.783185],[-43.19162,-22.78776],[-43.188345,-22.78848],[-43.188585,-22.79457],[-43.19181,-22.796515],[-43.19175,-22.79458],[-43.19825,-22.79362],[-43.20769,-22.79499],[-43.217735,-22.785975],[-43.228505,-22.783635],[-43.23094,-22.78446],[-43.22878,-22.784395],[-43.22893,-22.78817],[-43.233885,-22.79157],[-43.244805,-22.79186],[-43.252205,-22.79732],[-43.256435,-22.797215],[-43.26561,-22.810665],[-43.260905,-22.81797],[-43.249995,-22.823715],[-43.25151,-22.82853],[-43.241825,-22.833885],[-43.23777,-22.83284],[-43.226445,-22.820505],[-43.2224,-22.819],[-43.22091,-22.820995],[-43.216815,-22.81718],[-43.210225,-22.815655],[-43.209745,-22.817165],[-43.2084,-22.81623],[-43.210695,-22.81806],[-43.20394,-22.82021],[-43.196445,-22.818855],[-43.19112,-22.82031],[-43.187715,-22.82662],[-43.18964,-22.82872],[-43.184565,-22.830055],[-43.18475,-22.833555]]]]}},{"type":"Feature","properties":{"codarea":"3304524","nome":"Rio das Ostras","nomeNormalizado":"RIO DAS OSTRAS"},"geometry":{"type":"Polygon","coordinates":[[[-42.063515,-22.42277],[-42.046625,-22.42397],[-42.0421,-22.42796],[-42.039275,-22.426445],[-42.03621,-22.427985],[-42.03079,-22.42419],[-42.02285,-22.424695],[-42.019725,-22.42782],[-42.014455,-22.425875],[-42.017855,-22.42838],[-42.020765,-22.43883],[-42.017435,-22.449385],[-42.02761,-22.455435],[-42.02695,-22.46843],[-42.018025,-22.476755],[-42.01892,-22.479765],[-42.003085,-22.4902],[-41.99131,-22.50216],[-41.99121,-22.510215],[-41.98674,-22.52165],[-41.990255,-22.52506],[-41.99013,-22.52999],[-41.981915,-22.56152],[-41.979155,-22.56246],[-41.96924,-22.54306],[-41.959875,-22.532945],[-41.94304,-22.528135],[-41.940925,-22.52979],[-41.941695,-22.531635],[-41.937075,-22.533415],[-41.937825,-22.536365],[-41.93252,-22.537535],[-41.92777,-22.53108],[-41.92463,-22.530715],[-41.92238,-22.526675],[-41.92011,-22.52643],[-41.92032,-22.52368],[-41.91398,-22.51289],[-41.893335,-22.488455],[-41.88756,-22.485775],[-41.882675,-22.488775],[-41.876875,-22.48792],[-41.87767,-22.485935],[-41.873065,-22.484415],[-41.87305,-22.481105],[-41.86656,-22.47753],[-41.864345,-22.47868],[-41.86339,-22.476245],[-41.86135,-22.477045],[-41.862425,-22.472915],[-41.85954,-22.47016],[-41.861875,-22.468195],[-41.858125,-22.45785],[-41.85428,-22.45429],[-41.85382,-22.448055],[-41.83464,-22.4287],[-41.81779,-22.41703],[-41.828065,-22.40827],[-41.83761,-22.411395],[-41.855155,-22.41084],[-41.856935,-22.41614],[-41.86027,-22.418625],[-41.879285,-22.417875],[-41.882205,-22.414865],[-41.888385,-22.4145],[-41.89333,-22.411835],[-41.89873,-22.406525],[-41.903435,-22.40513],[-41.90691,-22.400015],[-41.91996,-22.395445],[-41.9288,-22.39744],[-41.937885,-22.39464],[-41.94153,-22.39134],[-41.937015,-22.37675],[-41.940575,-22.37788],[-41.94146,-22.3827],[-41.94679,-22.389425],[-41.949535,-22.386845],[-41.952655,-22.38906],[-41.96362,-22.388065],[-41.97696,-22.391975],[-41.981025,-22.396255],[-41.98988,-22.398025],[-41.99262,-22.396405],[-41.99736,-22.400295],[-42.02379,-22.387945],[-42.031795,-22.393625],[-42.03822,-22.40137],[-42.045515,-22.40332],[-42.052485,-22.41261],[-42.06313,-22.419515],[-42.063515,-22.42277]]]}},{"type":"Feature","properties":{"codarea":"3304607","nome":"Santa Maria Madalena","nomeNormalizado":"SANTA MARIA MADALENA"},"geometry":{"type":"Polygon","coordinates":[[[-41.750455,-22.086395],[-41.754505,-22.08178],[-41.75323,-22.0775],[-41.75513,-22.06877],[-41.76238,-22.0635],[-41.7589,-22.05471],[-41.76211,-22.04952],[-41.76674,-22.0472],[-41.763625,-22.04416],[-41.764615,-22.0339],[-41.77632,-22.021945],[-41.78774,-22.020815],[-41.792745,-22.02485],[-41.78324,-22.014115],[-41.76411,-22.007715],[-41.76212,-22.019465],[-41.753625,-22.015385],[-41.747825,-22.00921],[-41.74574,-22.010685],[-41.74177,-22.008545],[-41.740065,-22.003775],[-41.73483,-22.004615],[-41.731385,-21.996335],[-41.7229,-21.992995],[-41.717815,-21.985505],[-41.71691,-21.98148],[-41.720615,-21.96808],[-41.7134,-21.96149],[-41.721025,-21.94489],[-41.71395,-21.92374],[-41.7161,-21.91139],[-41.71032,-21.904905],[-41.71229,-21.90121],[-41.709525,-21.90036],[-41.70959,-21.89454],[-41.702675,-21.891425],[-41.70328,-21.88981],[-41.712375,-21.890705],[-41.720465,-21.88656],[-41.72386,-21.89007],[-41.726595,-21.888025],[-41.730475,-21.889605],[-41.733115,-21.887425],[-41.740125,-21.89031],[-41.74072,-21.888765],[-41.752095,-21.88992],[-41.757705,-21.888635],[-41.77143,-21.89118],[-41.779675,-21.88921],[-41.78224,-21.886635],[-41.78484,-21.8889],[-41.788855,-21.88837],[-41.787815,-21.886965],[-41.789725,-21.887185],[-41.791035,-21.883885],[-41.787355,-21.88175],[-41.7965,-21.878965],[-41.796785,-21.876835],[-41.809155,-21.880865],[-41.814755,-21.8794],[-41.835645,-21.8872],[-41.84876,-21.887605],[-41.85533,-21.884945],[-41.866675,-21.885],[-41.886815,-21.88074],[-41.888335,-21.8776],[-41.88388,-21.872345],[-41.88927,-21.87163],[-41.89715,-21.878305],[-41.925565,-21.875965],[-41.92808,-21.87029],[-41.936525,-21.87231],[-41.949365,-21.85926],[-41.94991,-21.85605],[-41.952275,-21.855565],[-41.95517,-21.848025],[-41.953705,-21.843965],[-41.956285,-21.84133],[-41.95552,-21.835745],[-41.961485,-21.833935],[-41.965205,-21.827765],[-41.970985,-21.8115],[-41.97108,-21.803095],[-41.97393,-21.80389],[-41.97364,-21.807195],[-41.98659,-21.81777],[-41.98822,-21.82136],[-41.995125,-21.82529],[-42.00545,-21.8374],[-42.001465,-21.83949],[-42.00414,-21.84578],[-42.01193,-21.84869],[-42.01459,-21.853085],[-42.0187,-21.855235],[-42.0178,-21.858575],[-42.02443,-21.861675],[-42.026215,-21.86436],[-42.02103,-21.86358],[-42.021715,-21.867335],[-42.025715,-21.86708],[-42.03144,-21.87529],[-42.034175,-21.88636],[-42.042935,-21.890115],[-42.06226,-21.91855],[-42.06798,-21.91858],[-42.06876,-21.91568],[-42.0732,-21.91382],[-42.07648,-21.91484],[-42.07341,-21.918955],[-42.0751,-21.921375],[-42.07362,-21.925175],[-42.078185,-21.93198],[-42.075535,-21.936265],[-42.083785,-21.93631],[-42.088855,-21.93209],[-42.08876,-21.929495],[-42.09269,-21.92831],[-42.094165,-21.92425],[-42.10089,-21.92646],[-42.09816,-21.931785],[-42.09474,-21.932905],[-42.09665,-21.93589],[-42.089385,-21.935165],[-42.09394,-21.94296],[-42.089445,-21.94604],[-42.087245,-21.951325],[-42.081865,-21.94856],[-42.082115,-21.953005],[-42.08836,-21.960875],[-42.092145,-21.955295],[-42.101155,-21.955795],[-42.100245,-21.965125],[-42.103275,-21.96871],[-42.09933,-21.97015],[-42.097155,-21.97644],[-42.099395,-21.980235],[-42.105805,-21.979955],[-42.114555,-21.984485],[-42.117705,-21.9911],[-42.117245,-21.996455],[-42.121065,-22.001685],[-42.13187,-22.00674],[-42.133285,-22.00994],[-42.12999,-22.020035],[-42.136175,-22.0247],[-42.13953,-22.02911],[-42.13673,-22.033135],[-42.123225,-22.02984],[-42.099265,-22.030295],[-42.097775,-22.033125],[-42.10368,-22.04991],[-42.05281,-22.058565],[-41.988105,-22.05776],[-41.96176,-22.07787],[-41.959005,-22.07639],[-41.95516,-22.077305],[-41.947445,-22.071615],[-41.94169,-22.070385],[-41.940875,-22.064065],[-41.937155,-22.062195],[-41.93598,-22.05686],[-41.928355,-22.06197],[-41.92592,-22.06049],[-41.91683,-22.067285],[-41.90776,-22.067985],[-41.90456,-22.06575],[-41.903535,-22.057655],[-41.89553,-22.056385],[-41.88733,-22.048935],[-41.87619,-22.05494],[-41.873245,-22.05165],[-41.86704,-22.05226],[-41.86528,-22.057835],[-41.847965,-22.071355],[-41.83655,-22.07206],[-41.839105,-22.075125],[-41.83263,-22.0783],[-41.83107,-22.08538],[-41.828225,-22.08636],[-41.82941,-22.088225],[-41.826205,-22.088935],[-41.82496,-22.09352],[-41.821955,-22.09434],[-41.821255,-22.1001],[-41.81348,-22.100605],[-41.810625,-22.09868],[-41.799355,-22.09783],[-41.798505,-22.099245],[-41.78845,-22.099835],[-41.77905,-22.097335],[-41.76976,-22.08624],[-41.767515,-22.086585],[-41.76811,-22.084325],[-41.764655,-22.085615],[-41.76043,-22.083725],[-41.75304,-22.08538],[-41.753315,-22.08705],[-41.750455,-22.086395]]]}},{"type":"Feature","properties":{"codarea":"3304904","nome":"São Gonçalo","nomeNormalizado":"SAO GONCALO"},"geometry":{"type":"MultiPolygon","coordinates":[[[[-43.106405,-22.847875],[-43.104195,-22.847915],[-43.1037,-22.84585],[-43.106405,-22.847875]]],[[[-43.11554,-22.83356],[-43.10955,-22.840155],[-43.10604,-22.8399],[-43.10474,-22.834765],[-43.108385,-22.83119],[-43.111515,-22.830385],[-43.11554,-22.83356]]],[[[-43.10439,-22.829375],[-43.10196,-22.829695],[-43.096195,-22.82504],[-43.093265,-22.82225],[-43.09382,-22.81996],[-43.095935,-22.819325],[-43.10439,-22.829375]]],[[[-43.103445,-22.855885],[-43.096095,-22.860605],[-43.071745,-22.866485],[-43.067415,-22.869555],[-43.051515,-22.87325],[-43.048415,-22.87164],[-43.041495,-22.87255],[-43.034615,-22.877255],[-43.02857,-22.875685],[-43.00865,-22.891605],[-42.99072,-22.88819],[-42.98712,-22.89261],[-42.98569,-22.907355],[-42.983845,-22.909215],[-42.956815,-22.90081],[-42.954465,-22.90093],[-42.95597,-22.893805],[-42.93771,-22.888255],[-42.926855,-22.882145],[-42.90875,-22.878025],[-42.90557,-22.879375],[-42.900955,-22.87757],[-42.895075,-22.871125],[-42.88595,-22.867635],[-42.90613,-22.816895],[-42.91374,-22.816875],[-42.91583,-22.8197],[-42.92014,-22.81971],[-42.93869,-22.8026],[-42.94322,-22.794835],[-42.94032,-22.77667],[-42.944045,-22.769525],[-42.9502,-22.769395],[-42.961605,-22.75881],[-42.97721,-22.755605],[-42.991155,-22.749625],[-42.99239,-22.743155],[-42.99736,-22.741395],[-42.99306,-22.73736],[-42.997085,-22.734195],[-43.0008,-22.73477],[-43.00022,-22.73852],[-43.01028,-22.73633],[-43.01236,-22.741265],[-43.017655,-22.743715],[-43.022305,-22.73997],[-43.026625,-22.74309],[-43.02731,-22.745575],[-43.0294,-22.74762],[-43.039415,-22.75034],[-43.046635,-22.75717],[-43.06383,-22.764805],[-43.06877,-22.769895],[-43.06838,-22.77865],[-43.07864,-22.784885],[-43.08153,-22.789385],[-43.078945,-22.79913],[-43.06508,-22.80293],[-43.082085,-22.82005],[-43.089585,-22.82205],[-43.097125,-22.828115],[-43.097735,-22.833715],[-43.09541,-22.834325],[-43.095395,-22.837095],[-43.09815,-22.83814],[-43.096115,-22.83929],[-43.097485,-22.84274],[-43.102185,-22.844565],[-43.10419,-22.850615],[-43.10065,-22.8493],[-43.100455,-22.85059],[-43.103445,-22.855885]]]]}},{"type":"Feature","properties":{"codarea":"3305000","nome":"São João da Barra","nomeNormalizado":"SAO JOAO DA BARRA"},"geometry":{"type":"MultiPolygon","coordinates":[[[[-41.028505,-21.62072],[-41.02478,-21.622985],[-41.022,-21.621055],[-41.028505,-21.62072]]],[[[-41.13435,-21.67795],[-41.146035,-21.69498],[-41.168265,-21.70914],[-41.17873,-21.72167],[-41.194315,-21.72647],[-41.172045,-21.748725],[-41.17725,-21.776865],[-41.16169,-21.79504],[-41.149045,-21.81921],[-41.15402,-21.861095],[-41.15881,-21.864335],[-41.15967,-21.8688],[-41.15333,-21.882675],[-41.13444,-21.900265],[-41.127875,-21.911935],[-40.981825,-21.91106],[-40.991715,-21.87229],[-40.99397,-21.848705],[-40.999075,-21.841175],[-40.998465,-21.83572],[-41.0063,-21.811135],[-41.0239,-21.732605],[-41.022705,-21.685745],[-41.01231,-21.620985],[-41.01499,-21.61954],[-41.01568,-21.621825],[-41.020505,-21.62115],[-41.021905,-21.622495],[-41.0269,-21.623395],[-41.030635,-21.62043],[-41.03992,-21.62083],[-41.041345,-21.618595],[-41.04815,-21.6178],[-41.052905,-21.61798],[-41.068745,-21.626505],[-41.076295,-21.63215],[-41.083995,-21.644065],[-41.095195,-21.651295],[-41.09868,-21.66314],[-41.09796,-21.67056],[-41.101405,-21.67476],[-41.110185,-21.677255],[-41.128725,-21.6739],[-41.13435,-21.67795]]]]}},{"type":"Feature","properties":{"codarea":"3304805","nome":"São Fidélis","nomeNormalizado":"SAO FIDELIS"},"geometry":{"type":"Polygon","coordinates":[[[-41.88388,-21.872345],[-41.888475,-21.865175],[-41.88472,-21.85826],[-41.85817,-21.84462],[-41.850205,-21.837215],[-41.842505,-21.83625],[-41.83737,-21.83309],[-41.839185,-21.82687],[-41.83547,-21.82446],[-41.834495,-21.820815],[-41.8306,-21.817665],[-41.825865,-21.81747],[-41.816255,-21.80967],[-41.814955,-21.806395],[-41.81074,-21.804815],[-41.808665,-21.797665],[-41.795785,-21.7943],[-41.79588,-21.78384],[-41.788625,-21.781635],[-41.78694,-21.783665],[-41.77749,-21.78474],[-41.776595,-21.788295],[-41.774045,-21.7895],[-41.765795,-21.787445],[-41.756335,-21.789765],[-41.747185,-21.788795],[-41.746,-21.78758],[-41.749245,-21.786175],[-41.75168,-21.781155],[-41.747905,-21.77929],[-41.734305,-21.76282],[-41.732375,-21.764215],[-41.729535,-21.76317],[-41.72267,-21.756065],[-41.709225,-21.75164],[-41.70421,-21.747915],[-41.70221,-21.741745],[-41.69772,-21.73924],[-41.699775,-21.73631],[-41.698615,-21.73121],[-41.700465,-21.725745],[-41.695365,-21.718975],[-41.696015,-21.714415],[-41.69129,-21.71013],[-41.687955,-21.711135],[-41.683465,-21.70825],[-41.681635,-21.702685],[-41.677335,-21.703235],[-41.6698,-21.698575],[-41.66565,-21.698195],[-41.663045,-21.69438],[-41.655435,-21.693935],[-41.64907,-21.68751],[-41.64841,-21.681025],[-41.640965,-21.67136],[-41.63634,-21.669245],[-41.634075,-21.67143],[-41.630305,-21.67009],[-41.61687,-21.67095],[-41.612215,-21.664755],[-41.60425,-21.665285],[-41.59423,-21.66288],[-41.591205,-21.664145],[-41.58929,-21.65833],[-41.58426,-21.65704],[-41.58204,-21.653235],[-41.57805,-21.65302],[-41.575205,-21.64984],[-41.575965,-21.646515],[-41.56981,-21.64038],[-41.56355,-21.643235],[-41.559275,-21.638825],[-41.556005,-21.64059],[-41.553335,-21.63028],[-41.541355,-21.62702],[-41.538135,-21.621865],[-41.543795,-21.616475],[-41.541435,-21.560815],[-41.549615,-21.564615],[-41.560975,-21.565745],[-41.57985,-21.575795],[-41.585275,-21.57629],[-41.59006,-21.581475],[-41.60224,-21.58743],[-41.60609,-21.58637],[-41.60744,-21.588165],[-41.61292,-21.587925],[-41.62695,-21.595715],[-41.67947,-21.51626],[-41.742725,-21.464315],[-41.824985,-21.48227],[-41.815755,-21.491475],[-41.821095,-21.49796],[-41.819865,-21.501065],[-41.82579,-21.506445],[-41.82363,-21.512905],[-41.82981,-21.516545],[-41.832575,-21.516005],[-41.83293,-21.519755],[-41.837905,-21.522635],[-41.83956,-21.526815],[-41.870685,-21.55571],[-41.873425,-21.561525],[-41.870985,-21.572115],[-41.868565,-21.573715],[-41.878195,-21.579275],[-41.884685,-21.58004],[-41.895805,-21.57491],[-41.900985,-21.575615],[-41.91948,-21.58574],[-41.923625,-21.586115],[-41.93674,-21.596755],[-41.9371,-21.74122],[-41.929865,-21.74201],[-41.93334,-21.747835],[-41.93684,-21.748645],[-41.937945,-21.752215],[-41.934275,-21.76153],[-41.93439,-21.76707],[-41.94544,-21.77315],[-41.94988,-21.770055],[-41.9529,-21.77123],[-41.952045,-21.774555],[-41.95939,-21.79254],[-41.97108,-21.803095],[-41.970985,-21.8115],[-41.965205,-21.827765],[-41.961485,-21.833935],[-41.95552,-21.835745],[-41.956285,-21.84133],[-41.953705,-21.843965],[-41.95517,-21.848025],[-41.952275,-21.855565],[-41.94991,-21.85605],[-41.949365,-21.85926],[-41.936525,-21.87231],[-41.92808,-21.87029],[-41.925565,-21.875965],[-41.89715,-21.878305],[-41.88927,-21.87163],[-41.88388,-21.872345]]]}},{"type":"Feature","properties":{"codarea":"3304151","nome":"Quissamã","nomeNormalizado":"QUISSAMA"},"geometry":{"type":"Polygon","coordinates":[[[-41.54241,-22.23461],[-41.50032,-22.217575],[-41.451345,-22.20238],[-41.274665,-22.15661],[-41.240595,-22.14604],[-41.21146,-22.135715],[-41.167415,-22.11583],[-41.132945,-22.097095],[-41.13381,-22.095455],[-41.14265,-22.089635],[-41.14389,-22.092265],[-41.141345,-22.09451],[-41.145175,-22.099415],[-41.14826,-22.095275],[-41.148805,-22.098545],[-41.152015,-22.09915],[-41.151385,-22.09508],[-41.155685,-22.09668],[-41.15791,-22.093435],[-41.161175,-22.097745],[-41.159995,-22.10182],[-41.16668,-22.099555],[-41.16677,-22.097835],[-41.17503,-22.09748],[-41.176255,-22.09583],[-41.179115,-22.099865],[-41.18904,-22.098995],[-41.1891,-22.101685],[-41.192735,-22.097115],[-41.19337,-22.10007],[-41.191115,-22.103325],[-41.19481,-22.104315],[-41.19883,-22.10167],[-41.20129,-22.103625],[-41.203465,-22.096125],[-41.20668,-22.098075],[-41.207375,-22.09624],[-41.215,-22.09668],[-41.21739,-22.098625],[-41.219575,-22.096465],[-41.22378,-22.097695],[-41.2288,-22.095485],[-41.243395,-22.09927],[-41.25011,-22.09757],[-41.2573,-22.09896],[-41.27103,-22.07902],[-41.27767,-22.065325],[-41.43763,-21.986585],[-41.51799,-22.017175],[-41.523195,-22.02237],[-41.53955,-22.050015],[-41.546325,-22.054995],[-41.580745,-22.05142],[-41.59383,-22.047285],[-41.6057,-22.048205],[-41.61746,-22.04593],[-41.629635,-22.050055],[-41.64771,-22.05153],[-41.6597,-22.055825],[-41.66244,-22.061105],[-41.6625,-22.068485],[-41.673365,-22.06721],[-41.678315,-22.06957],[-41.682675,-22.068145],[-41.689825,-22.0732],[-41.7017,-22.076515],[-41.705655,-22.080425],[-41.715475,-22.081275],[-41.717675,-22.08353],[-41.71714,-22.087375],[-41.693685,-22.10831],[-41.587925,-22.133455],[-41.57373,-22.138595],[-41.568895,-22.14862],[-41.56372,-22.149585],[-41.55415,-22.158555],[-41.549995,-22.169765],[-41.551015,-22.175485],[-41.54747,-22.178765],[-41.54788,-22.18288],[-41.54215,-22.18912],[-41.53885,-22.189855],[-41.540105,-22.19799],[-41.553545,-22.20283],[-41.546345,-22.22533],[-41.541915,-22.22616],[-41.53914,-22.2292],[-41.543115,-22.23309],[-41.54241,-22.23461]]]}},{"type":"Feature","properties":{"codarea":"3304144","nome":"Queimados","nomeNormalizado":"QUEIMADOS"},"geometry":{"type":"Polygon","coordinates":[[[-43.63871,-22.72036],[-43.641635,-22.732695],[-43.64475,-22.736955],[-43.644795,-22.745455],[-43.642225,-22.756175],[-43.63701,-22.762625],[-43.63716,-22.76612],[-43.632345,-22.774865],[-43.6348,-22.78331],[-43.623785,-22.78247],[-43.62725,-22.7725],[-43.616985,-22.763435],[-43.61481,-22.750455],[-43.610675,-22.74761],[-43.601075,-22.748295],[-43.59848,-22.75249],[-43.59225,-22.75453],[-43.57573,-22.754975],[-43.569785,-22.752735],[-43.56601,-22.756105],[-43.55962,-22.757905],[-43.55566,-22.75498],[-43.548145,-22.754725],[-43.54753,-22.75887],[-43.544365,-22.75412],[-43.53542,-22.751755],[-43.53228,-22.738685],[-43.5422,-22.73613],[-43.541155,-22.730075],[-43.538305,-22.72744],[-43.54121,-22.722285],[-43.53791,-22.71762],[-43.54253,-22.71488],[-43.535595,-22.70899],[-43.536045,-22.703945],[-43.5248,-22.698405],[-43.52109,-22.69428],[-43.51423,-22.694145],[-43.512215,-22.69149],[-43.522485,-22.691725],[-43.533825,-22.68894],[-43.54303,-22.68016],[-43.54827,-22.68153],[-43.551025,-22.679455],[-43.55544,-22.67974],[-43.55601,-22.689385],[-43.559835,-22.690705],[-43.572355,-22.68932],[-43.576645,-22.69203],[-43.58587,-22.693075],[-43.596795,-22.685695],[-43.60368,-22.692775],[-43.61005,-22.69265],[-43.611895,-22.698485],[-43.61808,-22.704715],[-43.618465,-22.708775],[-43.628685,-22.71929],[-43.62842,-22.722575],[-43.63871,-22.72036]]]}},{"type":"Feature","properties":{"codarea":"3304201","nome":"Resende","nomeNormalizado":"RESENDE"},"geometry":{"type":"Polygon","coordinates":[[[-44.661855,-22.380485],[-44.66604,-22.372625],[-44.67039,-22.37482],[-44.676455,-22.372155],[-44.679295,-22.37425],[-44.68822,-22.372895],[-44.69029,-22.37016],[-44.69545,-22.37156],[-44.704715,-22.367855],[-44.707955,-22.36883],[-44.725445,-22.358925],[-44.73024,-22.36112],[-44.744695,-22.37559],[-44.756425,-22.37466],[-44.767665,-22.37827],[-44.776,-22.384295],[-44.78031,-22.382905],[-44.78759,-22.38809],[-44.793385,-22.38687],[-44.803665,-22.393815],[-44.804795,-22.400085],[-44.809085,-22.403385],[-44.80942,-22.406085],[-44.805385,-22.40385],[-44.79379,-22.409075],[-44.778485,-22.408895],[-44.771175,-22.415075],[-44.763235,-22.41698],[-44.755335,-22.41527],[-44.741445,-22.42483],[-44.733945,-22.432895],[-44.733855,-22.43603],[-44.730225,-22.439635],[-44.73151,-22.441435],[-44.72881,-22.448615],[-44.724215,-22.45083],[-44.72331,-22.46215],[-44.719245,-22.46342],[-44.719345,-22.46699],[-44.717695,-22.46736],[-44.71796,-22.47072],[-44.721365,-22.470725],[-44.722765,-22.47338],[-44.722485,-22.479335],[-44.72497,-22.483795],[-44.722015,-22.48508],[-44.720075,-22.49277],[-44.712265,-22.49282],[-44.711255,-22.49626],[-44.71024,-22.50111],[-44.71369,-22.50308],[-44.71279,-22.509365],[-44.717175,-22.510475],[-44.71622,-22.514235],[-44.698865,-22.511465],[-44.700145,-22.51317],[-44.696955,-22.51544],[-44.697465,-22.518035],[-44.68886,-22.519805],[-44.68654,-22.52402],[-44.68082,-22.52569],[-44.678755,-22.530615],[-44.671005,-22.536665],[-44.669925,-22.53927],[-44.674925,-22.542945],[-44.677125,-22.54753],[-44.678845,-22.5589],[-44.677425,-22.5615],[-44.661535,-22.550935],[-44.6594,-22.55424],[-44.650355,-22.557015],[-44.648085,-22.552495],[-44.64443,-22.5556],[-44.641625,-22.5602],[-44.64237,-22.577635],[-44.64712,-22.58464],[-44.64345,-22.600485],[-44.646115,-22.603385],[-44.641105,-22.607655],[-44.6331,-22.609325],[-44.622985,-22.605125],[-44.617295,-22.61326],[-44.610795,-22.617385],[-44.604605,-22.6137],[-44.602075,-22.60777],[-44.596955,-22.609995],[-44.596885,-22.61374],[-44.59289,-22.616915],[-44.59183,-22.62355],[-44.583655,-22.626215],[-44.583775,-22.622855],[-44.57972,-22.616435],[-44.579905,-22.611785],[-44.574055,-22.601735],[-44.572215,-22.60143],[-44.57161,-22.60575],[-44.564085,-22.611995],[-44.555085,-22.610255],[-44.55028,-22.60376],[-44.53754,-22.618195],[-44.532995,-22.615835],[-44.53065,-22.61912],[-44.526305,-22.61929],[-44.52849,-22.623665],[-44.534185,-22.626405],[-44.53781,-22.63304],[-44.535005,-22.638105],[-44.53123,-22.639495],[-44.534535,-22.63309],[-44.53227,-22.63073],[-44.526685,-22.62993],[-44.521465,-22.631795],[-44.5156,-22.630105],[-44.510725,-22.640135],[-44.50859,-22.640945],[-44.50037,-22.62869],[-44.49552,-22.62562],[-44.49594,-22.622875],[-44.491145,-22.620685],[-44.49299,-22.61801],[-44.485175,-22.61105],[-44.488915,-22.609175],[-44.48482,-22.60387],[-44.47847,-22.61285],[-44.464875,-22.61597],[-44.45461,-22.60947],[-44.446725,-22.61051],[-44.445275,-22.60633],[-44.4393,-22.60473],[-44.431475,-22.59865],[-44.41544,-22.602105],[-44.40662,-22.60885],[-44.401795,-22.606685],[-44.39817,-22.602855],[-44.401125,-22.603295],[-44.405945,-22.599],[-44.40493,-22.59143],[-44.40965,-22.58843],[-44.403525,-22.58803],[-44.40025,-22.58219],[-44.3957,-22.58156],[-44.39201,-22.572355],[-44.3896,-22.5742],[-44.3824,-22.573495],[-44.371215,-22.580405],[-44.363845,-22.577955],[-44.359915,-22.581025],[-44.364615,-22.586635],[-44.37042,-22.589745],[-44.365755,-22.59404],[-44.36225,-22.59184],[-44.35986,-22.593055],[-44.36279,-22.605405],[-44.360055,-22.608755],[-44.361395,-22.612475],[-44.35977,-22.613865],[-44.356025,-22.6149],[-44.35265,-22.610045],[-44.349195,-22.60903],[-44.348545,-22.60601],[-44.35183,-22.600235],[-44.35028,-22.595595],[-44.34524,-22.59664],[-44.347385,-22.590905],[-44.34499,-22.58785],[-44.34207,-22.589255],[-44.3466,-22.57361],[-44.337375,-22.57334],[-44.33509,-22.57139],[-44.32784,-22.57292],[-44.329525,-22.569],[-44.32676,-22.569145],[-44.327585,-22.56575],[-44.3248,-22.56517],[-44.323925,-22.56195],[-44.32716,-22.555985],[-44.32055,-22.55015],[-44.32148,-22.539085],[-44.32568,-22.5341],[-44.324275,-22.52494],[-44.328485,-22.520015],[-44.323975,-22.51867],[-44.32487,-22.51394],[-44.320315,-22.512025],[-44.31876,-22.5074],[-44.32319,-22.499475],[-44.332075,-22.493785],[-44.34215,-22.489785],[-44.35148,-22.491425],[-44.35794,-22.4837],[-44.358925,-22.478335],[-44.36423,-22.47427],[-44.362855,-22.470425],[-44.364655,-22.46703],[-44.36925,-22.46548],[-44.37017,-22.462],[-44.37336,-22.46102],[-44.36919,-22.452625],[-44.354265,-22.44343],[-44.350495,-22.43457],[-44.351455,-22.413825],[-44.32731,-22.41525],[-44.313675,-22.40212],[-44.31905,-22.402315],[-44.321295,-22.398165],[-44.329015,-22.396665],[-44.336,-22.38838],[-44.333065,-22.385005],[-44.342395,-22.378325],[-44.339475,-22.37615],[-44.34258,-22.36981],[-44.33935,-22.36758],[-44.341115,-22.360045],[-44.335655,-22.357425],[-44.332965,-22.35873],[-44.33133,-22.35596],[-44.3337,-22.351315],[-44.33061,-22.34734],[-44.333805,-22.343825],[-44.331695,-22.33561],[-44.328185,-22.33194],[-44.319845,-22.33572],[-44.308435,-22.329375],[-44.301075,-22.328185],[-44.29245,-22.319305],[-44.278775,-22.32121],[-44.272625,-22.320265],[-44.27241,-22.310855],[-44.263145,-22.30974],[-44.257665,-22.3042],[-44.25068,-22.313235],[-44.24578,-22.31432],[-44.243325,-22.31711],[-44.238585,-22.318285],[-44.23475,-22.315425],[-44.260135,-22.30124],[-44.257295,-22.298755],[-44.2564,-22.29168],[-44.259455,-22.283445],[-44.25755,-22.28175],[-44.259865,-22.268045],[-44.263505,-22.243435],[-44.267345,-22.24837],[-44.268805,-22.24482],[-44.27639,-22.24318],[-44.28452,-22.243565],[-44.28945,-22.247465],[-44.29151,-22.24306],[-44.29711,-22.2458],[-44.29583,-22.248875],[-44.3021,-22.25384],[-44.30773,-22.25198],[-44.312095,-22.25501],[-44.315315,-22.254345],[-44.317015,-22.259385],[-44.319605,-22.258745],[-44.32235,-22.261125],[-44.32502,-22.257165],[-44.323895,-22.25374],[-44.328305,-22.25692],[-44.33689,-22.25856],[-44.339255,-22.25796],[-44.340375,-22.253495],[-44.34613,-22.25352],[-44.35242,-22.257685],[-44.36202,-22.251975],[-44.364485,-22.25776],[-44.366245,-22.256595],[-44.37607,-22.261845],[-44.374705,-22.26498],[-44.376885,-22.2683],[-44.384075,-22.26753],[-44.38759,-22.272505],[-44.394795,-22.258905],[-44.41445,-22.254155],[-44.423895,-22.255665],[-44.43321,-22.25141],[-44.4372,-22.257775],[-44.440455,-22.254815],[-44.44508,-22.257165],[-44.44777,-22.25552],[-44.44978,-22.25787],[-44.456635,-22.25723],[-44.458935,-22.261095],[-44.45757,-22.261855],[-44.46027,-22.26253],[-44.462985,-22.26697],[-44.45874,-22.270465],[-44.463205,-22.274695],[-44.459915,-22.27999],[-44.468505,-22.280095],[-44.476525,-22.28607],[-44.4761,-22.289245],[-44.48048,-22.28892],[-44.48228,-22.294055],[-44.49017,-22.29648],[-44.496855,-22.30374],[-44.50278,-22.30699],[-44.506195,-22.30564],[-44.511675,-22.309435],[-44.513575,-22.30863],[-44.51715,-22.315925],[-44.53023,-22.32319],[-44.53258,-22.330705],[-44.538855,-22.329615],[-44.543745,-22.33233],[-44.541535,-22.33615],[-44.54401,-22.33807],[-44.548455,-22.337815],[-44.550575,-22.34412],[-44.54907,-22.35716],[-44.555895,-22.36511],[-44.5659,-22.36546],[-44.575815,-22.357365],[-44.5792,-22.36168],[-44.584705,-22.3604],[-44.58847,-22.36221],[-44.593715,-22.369335],[-44.60134,-22.372055],[-44.61143,-22.380985],[-44.616295,-22.376265],[-44.626335,-22.37276],[-44.607385,-22.39233],[-44.602865,-22.392785],[-44.59905,-22.39854],[-44.48698,-22.43597],[-44.487105,-22.443895],[-44.48056,-22.44866],[-44.478655,-22.45532],[-44.48009,-22.45805],[-44.48849,-22.46146],[-44.48789,-22.468765],[-44.49695,-22.468585],[-44.512855,-22.47301],[-44.51375,-22.484865],[-44.521005,-22.487795],[-44.52968,-22.486435],[-44.53641,-22.495775],[-44.545565,-22.4991],[-44.54974,-22.49624],[-44.558485,-22.50457],[-44.567455,-22.507745],[-44.577375,-22.51723],[-44.57815,-22.526035],[-44.576435,-22.52788],[-44.564615,-22.52915],[-44.563245,-22.53183],[-44.578225,-22.5406],[-44.58359,-22.547455],[-44.585995,-22.56049],[-44.595145,-22.565865],[-44.60451,-22.564485],[-44.61548,-22.55737],[-44.62661,-22.535385],[-44.624105,-22.516895],[-44.62074,-22.508885],[-44.64704,-22.49618],[-44.649415,-22.49113],[-44.652225,-22.491605],[-44.662205,-22.48362],[-44.65938,-22.48105],[-44.654235,-22.48071],[-44.651765,-22.471245],[-44.646595,-22.46896],[-44.650615,-22.452485],[-44.63996,-22.443605],[-44.6373,-22.43511],[-44.641915,-22.419925],[-44.64468,-22.419355],[-44.644615,-22.41498],[-44.64865,-22.40854],[-44.65142,-22.40943],[-44.65031,-22.40438],[-44.655565,-22.39919],[-44.662885,-22.399755],[-44.661855,-22.380485]]]}},{"type":"Feature","properties":{"codarea":"3304128","nome":"Quatis","nomeNormalizado":"QUATIS"},"geometry":{"type":"Polygon","coordinates":[[[-44.301025,-22.44941],[-44.293485,-22.45156],[-44.28581,-22.46147],[-44.272625,-22.470335],[-44.268305,-22.47029],[-44.264965,-22.47414],[-44.259595,-22.47435],[-44.259045,-22.479845],[-44.25549,-22.48076],[-44.252825,-22.485155],[-44.24219,-22.48636],[-44.239265,-22.483545],[-44.23422,-22.484135],[-44.233805,-22.479145],[-44.230945,-22.47697],[-44.221555,-22.479575],[-44.225245,-22.474425],[-44.221645,-22.4731],[-44.223635,-22.47158],[-44.218425,-22.46749],[-44.2176,-22.463355],[-44.222395,-22.463915],[-44.22308,-22.458685],[-44.22559,-22.458785],[-44.226095,-22.454875],[-44.22049,-22.454295],[-44.219615,-22.452205],[-44.222345,-22.4491],[-44.22111,-22.44613],[-44.22396,-22.443865],[-44.219895,-22.442065],[-44.222085,-22.434],[-44.21727,-22.431685],[-44.218755,-22.429525],[-44.215575,-22.42547],[-44.216615,-22.422675],[-44.21152,-22.419555],[-44.213715,-22.409615],[-44.211,-22.40954],[-44.21187,-22.403725],[-44.206775,-22.400605],[-44.208045,-22.3973],[-44.20473,-22.39352],[-44.206635,-22.3914],[-44.204645,-22.38877],[-44.208165,-22.38734],[-44.202745,-22.383775],[-44.18286,-22.380415],[-44.18105,-22.37775],[-44.17874,-22.378365],[-44.175175,-22.3756],[-44.170545,-22.37499],[-44.1664,-22.376805],[-44.16109,-22.37456],[-44.156295,-22.375495],[-44.155085,-22.37267],[-44.16095,-22.359675],[-44.16008,-22.356125],[-44.163365,-22.34355],[-44.16975,-22.328375],[-44.163825,-22.324735],[-44.162645,-22.3269],[-44.157515,-22.32623],[-44.15382,-22.330575],[-44.14808,-22.331385],[-44.14574,-22.3292],[-44.14812,-22.32004],[-44.153895,-22.31981],[-44.154385,-22.315385],[-44.158095,-22.313525],[-44.15756,-22.311535],[-44.148715,-22.306865],[-44.145825,-22.3024],[-44.14536,-22.2992],[-44.150935,-22.29342],[-44.149355,-22.290035],[-44.15078,-22.28816],[-44.146535,-22.282635],[-44.147065,-22.28035],[-44.15193,-22.279635],[-44.154005,-22.274755],[-44.161245,-22.271715],[-44.16719,-22.27279],[-44.16912,-22.26807],[-44.16317,-22.26538],[-44.15878,-22.25845],[-44.155785,-22.25712],[-44.156655,-22.251575],[-44.159865,-22.250145],[-44.164575,-22.251745],[-44.174095,-22.2418],[-44.17969,-22.243385],[-44.182945,-22.23882],[-44.186655,-22.241225],[-44.18917,-22.240385],[-44.19821,-22.245235],[-44.20124,-22.2512],[-44.20348,-22.248605],[-44.208305,-22.25094],[-44.209695,-22.24732],[-44.21311,-22.246055],[-44.215905,-22.24961],[-44.22437,-22.25329],[-44.221625,-22.255435],[-44.22402,-22.25636],[-44.22367,-22.25994],[-44.23274,-22.26271],[-44.23524,-22.266395],[-44.2392,-22.262765],[-44.242755,-22.267565],[-44.24714,-22.267455],[-44.246145,-22.26259],[-44.249835,-22.2604],[-44.259865,-22.268045],[-44.25755,-22.28175],[-44.259455,-22.283445],[-44.2564,-22.29168],[-44.257295,-22.298755],[-44.260135,-22.30124],[-44.23475,-22.315425],[-44.238585,-22.318285],[-44.243325,-22.31711],[-44.24578,-22.31432],[-44.25068,-22.313235],[-44.257665,-22.3042],[-44.263145,-22.30974],[-44.27241,-22.310855],[-44.272625,-22.320265],[-44.278775,-22.32121],[-44.29245,-22.319305],[-44.301075,-22.328185],[-44.308435,-22.329375],[-44.319845,-22.33572],[-44.328185,-22.33194],[-44.331695,-22.33561],[-44.333805,-22.343825],[-44.33061,-22.34734],[-44.3337,-22.351315],[-44.33133,-22.35596],[-44.332965,-22.35873],[-44.335655,-22.357425],[-44.341115,-22.360045],[-44.33935,-22.36758],[-44.34258,-22.36981],[-44.339475,-22.37615],[-44.342395,-22.378325],[-44.333065,-22.385005],[-44.336,-22.38838],[-44.329015,-22.396665],[-44.321295,-22.398165],[-44.31905,-22.402315],[-44.313675,-22.40212],[-44.31119,-22.3983],[-44.30779,-22.39755],[-44.276935,-22.40362],[-44.27404,-22.40594],[-44.278605,-22.4207],[-44.292345,-22.43269],[-44.300285,-22.444285],[-44.301025,-22.44941]]]}},{"type":"Feature","properties":{"codarea":"3304110","nome":"Porto Real","nomeNormalizado":"PORTO REAL"},"geometry":{"type":"Polygon","coordinates":[[[-44.313675,-22.40212],[-44.32731,-22.41525],[-44.351455,-22.413825],[-44.350495,-22.43457],[-44.354265,-22.44343],[-44.36919,-22.452625],[-44.37336,-22.46102],[-44.37017,-22.462],[-44.36925,-22.46548],[-44.364655,-22.46703],[-44.362855,-22.470425],[-44.36423,-22.47427],[-44.358925,-22.478335],[-44.35794,-22.4837],[-44.35148,-22.491425],[-44.34215,-22.489785],[-44.332075,-22.493785],[-44.32939,-22.48763],[-44.33465,-22.48033],[-44.33253,-22.476145],[-44.339325,-22.47257],[-44.33319,-22.46716],[-44.32314,-22.467285],[-44.319105,-22.46958],[-44.31358,-22.46279],[-44.310915,-22.452965],[-44.301025,-22.44941],[-44.300285,-22.444285],[-44.292345,-22.43269],[-44.278605,-22.4207],[-44.27404,-22.40594],[-44.276935,-22.40362],[-44.30779,-22.39755],[-44.31119,-22.3983],[-44.313675,-22.40212]]]}},{"type":"Feature","properties":{"codarea":"3304102","nome":"Porciúncula","nomeNormalizado":"PORCIUNCULA"},"geometry":{"type":"Polygon","coordinates":[[[-42.08481,-21.02299],[-42.0752,-21.02359],[-42.070545,-21.02878],[-42.062385,-21.021875],[-42.051635,-21.02368],[-42.04635,-21.019435],[-42.042885,-21.020145],[-42.02615,-21.01565],[-42.02193,-21.016805],[-42.01874,-21.013405],[-42.01338,-21.01572],[-42.00947,-21.011345],[-42.00597,-21.012355],[-42.00626,-21.009325],[-42.003305,-21.010195],[-42.0038,-21.013335],[-41.99979,-21.007765],[-42.001385,-21.00413],[-42.00011,-20.99584],[-42.00293,-20.991075],[-42.000275,-20.980625],[-42.001715,-20.973845],[-41.99851,-20.97033],[-41.998825,-20.96592],[-41.992465,-20.964335],[-41.991125,-20.96002],[-41.983415,-20.95716],[-41.97969,-20.95827],[-41.979465,-20.960205],[-41.952955,-20.95752],[-41.95052,-20.954515],[-41.95205,-20.95],[-41.948265,-20.93864],[-41.94263,-20.938955],[-41.935905,-20.945715],[-41.930855,-20.94349],[-41.93085,-20.938075],[-41.91182,-20.928905],[-41.9151,-20.919915],[-41.90151,-20.89718],[-41.90507,-20.889725],[-41.904735,-20.87855],[-41.896175,-20.874995],[-41.902825,-20.86189],[-41.906035,-20.860115],[-41.90494,-20.858495],[-41.899465,-20.855835],[-41.885705,-20.857385],[-41.885365,-20.85983],[-41.8796,-20.85716],[-41.877025,-20.8609],[-41.8717,-20.859845],[-41.86841,-20.862465],[-41.860955,-20.86377],[-41.85791,-20.855265],[-41.850995,-20.8564],[-41.84648,-20.851525],[-41.8401,-20.848565],[-41.837965,-20.84952],[-41.83299,-20.84478],[-41.82949,-20.844695],[-41.818255,-20.83298],[-41.815145,-20.833215],[-41.811275,-20.830265],[-41.799565,-20.815385],[-41.79057,-20.80959],[-41.78625,-20.810585],[-41.781825,-20.804845],[-41.77855,-20.805655],[-41.77866,-20.80258],[-41.775155,-20.79987],[-41.781685,-20.79761],[-41.785155,-20.79997],[-41.79388,-20.798015],[-41.79917,-20.80532],[-41.811625,-20.803285],[-41.813925,-20.805455],[-41.80579,-20.79752],[-41.8168,-20.801305],[-41.8227,-20.79718],[-41.8279,-20.797115],[-41.828825,-20.794345],[-41.824385,-20.788295],[-41.82844,-20.78685],[-41.832445,-20.781875],[-41.835755,-20.78027],[-41.836785,-20.782115],[-41.840365,-20.777705],[-41.84258,-20.779155],[-41.845225,-20.7747],[-41.84819,-20.77437],[-41.852865,-20.763385],[-41.856745,-20.763475],[-41.85748,-20.766915],[-41.860575,-20.763205],[-41.86402,-20.76534],[-41.86809,-20.76393],[-41.870715,-20.76614],[-41.87474,-20.765935],[-41.87338,-20.77088],[-41.87963,-20.773215],[-41.88032,-20.780595],[-41.88565,-20.786],[-41.890185,-20.78551],[-41.894075,-20.788795],[-41.896645,-20.788455],[-41.90199,-20.796625],[-41.90631,-20.79724],[-41.916085,-20.792525],[-41.92861,-20.794145],[-41.92608,-20.802005],[-41.92995,-20.808765],[-41.928885,-20.81159],[-41.93078,-20.813035],[-41.932475,-20.82571],[-41.93562,-20.827705],[-41.9296,-20.832195],[-41.926705,-20.83879],[-41.93603,-20.855245],[-41.95005,-20.858235],[-41.95036,-20.8618],[-41.954375,-20.86527],[-41.949755,-20.87297],[-41.95308,-20.87846],[-41.96047,-20.88332],[-41.959865,-20.89017],[-41.96389,-20.89253],[-41.96481,-20.897015],[-41.96731,-20.898575],[-41.963725,-20.90654],[-41.96669,-20.91695],[-41.96961,-20.918025],[-41.972975,-20.91654],[-41.9747,-20.92013],[-41.977755,-20.920305],[-41.97982,-20.922885],[-41.97722,-20.926195],[-41.97615,-20.93579],[-41.98652,-20.93255],[-41.989465,-20.92968],[-41.993305,-20.93047],[-41.998675,-20.926475],[-42.00394,-20.93189],[-42.00836,-20.92898],[-42.017245,-20.929065],[-42.02306,-20.92513],[-42.027965,-20.927905],[-42.037655,-20.926985],[-42.047785,-20.93473],[-42.052015,-20.934345],[-42.065865,-20.938995],[-42.07406,-20.93647],[-42.08707,-20.939585],[-42.093795,-20.935625],[-42.09797,-20.93768],[-42.10129,-20.943515],[-42.10609,-20.944805],[-42.11117,-20.950195],[-42.114315,-20.95025],[-42.1153,-20.95901],[-42.12108,-20.96047],[-42.126865,-20.956055],[-42.138035,-20.96005],[-42.146965,-20.9675],[-42.15126,-20.977595],[-42.14719,-20.9838],[-42.1402,-20.98774],[-42.141365,-20.99264],[-42.128925,-20.998915],[-42.126515,-21.003815],[-42.123175,-21.000525],[-42.117075,-21.001605],[-42.114025,-21.01215],[-42.107705,-21.014415],[-42.10203,-21.01406],[-42.093995,-21.020275],[-42.08481,-21.02299]]]}},{"type":"Feature","properties":{"codarea":"3304409","nome":"Rio Claro","nomeNormalizado":"RIO CLARO"},"geometry":{"type":"Polygon","coordinates":[[[-44.19259,-22.928915],[-44.182405,-22.925475],[-44.17812,-22.928065],[-44.1746,-22.92771],[-44.17241,-22.91915],[-44.174135,-22.91569],[-44.169845,-22.912675],[-44.165475,-22.90404],[-44.155125,-22.902165],[-44.152015,-22.89363],[-44.14422,-22.88705],[-44.1432,-22.88301],[-44.124705,-22.874995],[-44.118815,-22.867335],[-44.119135,-22.862735],[-44.111865,-22.859085],[-44.11194,-22.864595],[-44.104275,-22.868945],[-44.10237,-22.87268],[-44.08847,-22.883645],[-44.07921,-22.87937],[-44.071305,-22.878165],[-44.064185,-22.88061],[-44.051515,-22.877705],[-44.04526,-22.882985],[-44.04158,-22.883235],[-44.027715,-22.875905],[-44.026325,-22.87348],[-44.018265,-22.870675],[-44.01409,-22.864535],[-44.007115,-22.85934],[-44.003785,-22.85904],[-43.99909,-22.84508],[-43.99023,-22.84235],[-43.99106,-22.846775],[-43.98368,-22.84917],[-43.981025,-22.8479],[-43.97418,-22.854525],[-43.98041,-22.865955],[-43.97346,-22.87182],[-43.973955,-22.876185],[-43.96842,-22.881105],[-43.967165,-22.884925],[-43.95353,-22.88766],[-43.94227,-22.884675],[-43.93897,-22.88119],[-43.93956,-22.878705],[-43.929725,-22.87401],[-43.926395,-22.869675],[-43.92516,-22.863455],[-43.918,-22.85703],[-43.91704,-22.85263],[-43.912455,-22.84979],[-43.91019,-22.84475],[-43.912905,-22.836535],[-43.90576,-22.83024],[-43.89848,-22.833175],[-43.89445,-22.830995],[-43.8885,-22.824095],[-43.889,-22.82211],[-43.87888,-22.815855],[-43.880085,-22.811475],[-43.87378,-22.80913],[-43.873055,-22.805565],[-43.87644,-22.799365],[-43.882785,-22.797995],[-43.885125,-22.79455],[-43.88803,-22.79566],[-43.891705,-22.789575],[-43.89106,-22.78151],[-43.89495,-22.7808],[-43.89642,-22.7772],[-43.89565,-22.77554],[-43.88816,-22.77437],[-43.89041,-22.77282],[-43.892235,-22.766225],[-43.886365,-22.76323],[-43.88874,-22.758975],[-43.885,-22.75832],[-43.885295,-22.75688],[-43.889595,-22.75396],[-43.895035,-22.756765],[-43.90018,-22.752285],[-43.903545,-22.753545],[-43.90395,-22.75064],[-43.904075,-22.74842],[-43.901335,-22.747715],[-43.903205,-22.74431],[-43.90106,-22.74256],[-43.897785,-22.74388],[-43.898735,-22.732645],[-43.89433,-22.732765],[-43.892355,-22.73543],[-43.884925,-22.7313],[-43.884475,-22.72848],[-43.879905,-22.72741],[-43.88079,-22.71741],[-43.879225,-22.714225],[-43.884055,-22.709725],[-43.881685,-22.702285],[-43.891195,-22.70398],[-43.89432,-22.7095],[-43.898205,-22.71172],[-43.90333,-22.709015],[-43.912555,-22.713895],[-43.91494,-22.71072],[-43.9131,-22.706845],[-43.91595,-22.70612],[-43.919365,-22.69886],[-43.92355,-22.6988],[-43.92448,-22.70381],[-43.93151,-22.709215],[-43.937545,-22.7112],[-43.94414,-22.710605],[-43.947695,-22.702485],[-43.94294,-22.696455],[-43.95222,-22.685785],[-43.95822,-22.68527],[-43.95755,-22.680575],[-43.96153,-22.66556],[-43.960345,-22.66315],[-43.96415,-22.661665],[-43.967115,-22.6635],[-43.970205,-22.661355],[-43.97529,-22.666775],[-43.98079,-22.669325],[-43.98283,-22.669435],[-43.984375,-22.66677],[-43.98991,-22.66897],[-43.996395,-22.663685],[-43.99681,-22.659995],[-44.00322,-22.65846],[-44.0038,-22.651815],[-44.006675,-22.651605],[-44.00819,-22.648855],[-44.01305,-22.648655],[-44.01701,-22.640435],[-44.02147,-22.641035],[-44.023045,-22.644305],[-44.02701,-22.64011],[-44.033045,-22.63979],[-44.03593,-22.64169],[-44.04972,-22.640375],[-44.054915,-22.646515],[-44.064825,-22.650115],[-44.070905,-22.65547],[-44.07146,-22.65951],[-44.08054,-22.667055],[-44.078065,-22.669115],[-44.07998,-22.674665],[-44.07783,-22.676425],[-44.07898,-22.678635],[-44.07525,-22.67996],[-44.076965,-22.6839],[-44.084705,-22.67263],[-44.085595,-22.66607],[-44.082735,-22.660435],[-44.08516,-22.658685],[-44.085165,-22.65261],[-44.078245,-22.647485],[-44.0863,-22.64059],[-44.08535,-22.64666],[-44.088245,-22.648775],[-44.093995,-22.649265],[-44.1163,-22.643625],[-44.148285,-22.64879],[-44.14715,-22.65276],[-44.165615,-22.673445],[-44.161365,-22.67826],[-44.168085,-22.68309],[-44.167425,-22.68714],[-44.176815,-22.69262],[-44.17386,-22.70211],[-44.17606,-22.70566],[-44.18523,-22.71202],[-44.20106,-22.715145],[-44.203705,-22.717415],[-44.20261,-22.72557],[-44.19918,-22.727195],[-44.19896,-22.735285],[-44.20935,-22.737025],[-44.21833,-22.73237],[-44.227045,-22.73374],[-44.23511,-22.745145],[-44.2425,-22.74865],[-44.238775,-22.755725],[-44.24264,-22.75461],[-44.246165,-22.757445],[-44.250475,-22.757565],[-44.251975,-22.76469],[-44.25758,-22.76696],[-44.258575,-22.7707],[-44.254475,-22.77351],[-44.257105,-22.77803],[-44.253755,-22.780755],[-44.25637,-22.787725],[-44.25073,-22.788305],[-44.247865,-22.79087],[-44.24249,-22.788235],[-44.24003,-22.79199],[-44.24154,-22.79833],[-44.24599,-22.80371],[-44.25818,-22.80654],[-44.25934,-22.8043],[-44.26131,-22.80626],[-44.26371,-22.817795],[-44.269515,-22.82741],[-44.26768,-22.829245],[-44.283365,-22.836155],[-44.28647,-22.83207],[-44.285655,-22.828245],[-44.291165,-22.829335],[-44.29652,-22.827875],[-44.30818,-22.83255],[-44.31646,-22.839075],[-44.318055,-22.845095],[-44.315135,-22.84256],[-44.31153,-22.843775],[-44.30995,-22.84662],[-44.305535,-22.847495],[-44.304645,-22.85244],[-44.30205,-22.85411],[-44.296505,-22.844905],[-44.29176,-22.842465],[-44.28534,-22.843875],[-44.282035,-22.842015],[-44.279975,-22.84557],[-44.27209,-22.84564],[-44.26686,-22.848865],[-44.26089,-22.847595],[-44.248,-22.85717],[-44.244635,-22.86808],[-44.23767,-22.87203],[-44.23481,-22.87038],[-44.231525,-22.871415],[-44.23775,-22.886225],[-44.23686,-22.897235],[-44.241695,-22.902335],[-44.23703,-22.906765],[-44.24089,-22.91078],[-44.241195,-22.91477],[-44.231615,-22.920175],[-44.22344,-22.92887],[-44.214975,-22.931875],[-44.203745,-22.928935],[-44.19259,-22.928915]]]}},{"type":"Feature","properties":{"codarea":"3304508","nome":"Rio das Flores","nomeNormalizado":"RIO DAS FLORES"},"geometry":{"type":"Polygon","coordinates":[[[-43.5887,-22.2883],[-43.585145,-22.28545],[-43.578985,-22.285],[-43.577475,-22.27901],[-43.561385,-22.26466],[-43.555095,-22.26855],[-43.54578,-22.268705],[-43.53835,-22.272715],[-43.524585,-22.275995],[-43.51731,-22.2613],[-43.51694,-22.251155],[-43.51988,-22.244375],[-43.514745,-22.23646],[-43.496075,-22.24451],[-43.490275,-22.24439],[-43.484555,-22.249755],[-43.48107,-22.249835],[-43.476775,-22.243665],[-43.47717,-22.237045],[-43.47342,-22.236375],[-43.47112,-22.232005],[-43.47239,-22.21759],[-43.469535,-22.21551],[-43.45776,-22.216325],[-43.449055,-22.22467],[-43.442555,-22.2261],[-43.43461,-22.23079],[-43.432745,-22.234465],[-43.426495,-22.23605],[-43.418115,-22.22894],[-43.41932,-22.224065],[-43.402615,-22.21548],[-43.400415,-22.2163],[-43.436995,-22.05997],[-43.443325,-22.06148],[-43.44777,-22.06682],[-43.453225,-22.066865],[-43.462305,-22.072405],[-43.476155,-22.06921],[-43.483215,-22.07327],[-43.503825,-22.0752],[-43.50683,-22.07303],[-43.50434,-22.069685],[-43.50693,-22.06201],[-43.512815,-22.059275],[-43.51842,-22.06095],[-43.524825,-22.072405],[-43.5355,-22.075425],[-43.5413,-22.079275],[-43.54821,-22.07908],[-43.559605,-22.08381],[-43.560335,-22.08804],[-43.56454,-22.088615],[-43.568565,-22.07733],[-43.574305,-22.078325],[-43.58122,-22.07054],[-43.58403,-22.071125],[-43.58343,-22.0566],[-43.585985,-22.051565],[-43.587135,-22.054585],[-43.592315,-22.056255],[-43.594525,-22.06044],[-43.59934,-22.05915],[-43.598265,-22.064585],[-43.603265,-22.072575],[-43.607645,-22.07235],[-43.60948,-22.07015],[-43.611475,-22.0716],[-43.61289,-22.082295],[-43.620365,-22.08412],[-43.622755,-22.07817],[-43.62071,-22.07526],[-43.62759,-22.077465],[-43.636595,-22.07233],[-43.6358,-22.06952],[-43.637645,-22.067785],[-43.64643,-22.06485],[-43.652965,-22.066765],[-43.65697,-22.073625],[-43.665905,-22.07471],[-43.6654,-22.082995],[-43.66845,-22.08613],[-43.66139,-22.092185],[-43.662105,-22.099305],[-43.65909,-22.10446],[-43.661935,-22.10835],[-43.66025,-22.11331],[-43.66442,-22.147185],[-43.6611,-22.15474],[-43.666495,-22.15815],[-43.665535,-22.162355],[-43.67102,-22.16336],[-43.674375,-22.16683],[-43.670675,-22.171395],[-43.66626,-22.172235],[-43.66668,-22.175905],[-43.66299,-22.17887],[-43.663225,-22.18094],[-43.657315,-22.180735],[-43.65782,-22.18372],[-43.654985,-22.186165],[-43.656915,-22.193845],[-43.65932,-22.195885],[-43.653825,-22.19938],[-43.652075,-22.20373],[-43.634385,-22.207875],[-43.62528,-22.21777],[-43.62631,-22.21967],[-43.624185,-22.222675],[-43.61754,-22.22195],[-43.60873,-22.22466],[-43.607235,-22.23128],[-43.60958,-22.232695],[-43.61126,-22.24198],[-43.609895,-22.244075],[-43.605825,-22.24361],[-43.602865,-22.24688],[-43.61042,-22.253855],[-43.60801,-22.259025],[-43.599235,-22.25844],[-43.59751,-22.261485],[-43.592485,-22.2604],[-43.587615,-22.26401],[-43.58766,-22.26637],[-43.593845,-22.266],[-43.58843,-22.26834],[-43.58876,-22.27306],[-43.586455,-22.27604],[-43.59515,-22.285],[-43.5887,-22.2883]]]}},{"type":"Feature","properties":{"codarea":"3304300","nome":"Rio Bonito","nomeNormalizado":"RIO BONITO"},"geometry":{"type":"Polygon","coordinates":[[[-42.74722,-22.686535],[-42.708895,-22.723415],[-42.70524,-22.723235],[-42.70014,-22.72712],[-42.6982,-22.738045],[-42.69512,-22.742005],[-42.69439,-22.75252],[-42.686485,-22.758995],[-42.69034,-22.76174],[-42.68486,-22.76794],[-42.67575,-22.77057],[-42.675545,-22.77397],[-42.68226,-22.780125],[-42.685415,-22.78011],[-42.687955,-22.78438],[-42.68616,-22.78786],[-42.6881,-22.7929],[-42.679475,-22.79471],[-42.677955,-22.79778],[-42.67254,-22.79597],[-42.6593,-22.79899],[-42.658205,-22.80092],[-42.66675,-22.80222],[-42.663265,-22.80404],[-42.666665,-22.8102],[-42.66997,-22.81163],[-42.669735,-22.81541],[-42.665155,-22.81752],[-42.66826,-22.82198],[-42.663215,-22.8227],[-42.662645,-22.826195],[-42.657945,-22.82404],[-42.656155,-22.828425],[-42.668915,-22.84464],[-42.661835,-22.8466],[-42.66012,-22.849075],[-42.645715,-22.844725],[-42.643355,-22.85127],[-42.645125,-22.854895],[-42.637825,-22.853],[-42.632065,-22.84548],[-42.63557,-22.841825],[-42.634295,-22.83687],[-42.628625,-22.832875],[-42.616125,-22.828545],[-42.6088,-22.82147],[-42.60101,-22.820015],[-42.601765,-22.816645],[-42.59998,-22.81526],[-42.59511,-22.814425],[-42.58071,-22.80562],[-42.567475,-22.804195],[-42.562565,-22.807135],[-42.560455,-22.811425],[-42.556115,-22.81177],[-42.55316,-22.81506],[-42.53797,-22.81208],[-42.53195,-22.80877],[-42.52749,-22.818335],[-42.526445,-22.816355],[-42.515485,-22.8257],[-42.51112,-22.82423],[-42.50634,-22.8268],[-42.50359,-22.82575],[-42.498365,-22.830915],[-42.487195,-22.82756],[-42.48373,-22.82991],[-42.472,-22.820185],[-42.461735,-22.81909],[-42.459835,-22.820715],[-42.45426,-22.81901],[-42.446815,-22.82275],[-42.441785,-22.73031],[-42.45397,-22.725905],[-42.458725,-22.71864],[-42.47319,-22.72459],[-42.480495,-22.724935],[-42.489055,-22.722],[-42.498665,-22.725645],[-42.50492,-22.724375],[-42.50781,-22.720085],[-42.53078,-22.71707],[-42.526435,-22.70467],[-42.528,-22.63169],[-42.533535,-22.62604],[-42.544065,-22.623645],[-42.551395,-22.61958],[-42.564565,-22.620125],[-42.571505,-22.626115],[-42.575505,-22.623475],[-42.578785,-22.623795],[-42.59057,-22.628465],[-42.604855,-22.642015],[-42.612075,-22.645525],[-42.61353,-22.649935],[-42.61897,-22.651415],[-42.620025,-22.654085],[-42.625935,-22.657195],[-42.637405,-22.648465],[-42.63878,-22.64487],[-42.63742,-22.643415],[-42.640245,-22.64321],[-42.64136,-22.641025],[-42.645935,-22.644805],[-42.648435,-22.64206],[-42.65396,-22.643375],[-42.65647,-22.641775],[-42.662825,-22.64416],[-42.668005,-22.636735],[-42.67283,-22.63778],[-42.67506,-22.64081],[-42.686485,-22.64053],[-42.69311,-22.64259],[-42.69084,-22.654075],[-42.699025,-22.658705],[-42.700615,-22.660935],[-42.6989,-22.66336],[-42.703915,-22.663575],[-42.709255,-22.67036],[-42.714275,-22.67029],[-42.716715,-22.67502],[-42.735285,-22.67906],[-42.7378,-22.683165],[-42.74722,-22.686535]]]}},{"type":"Feature","properties":{"codarea":"3303708","nome":"Paraíba do Sul","nomeNormalizado":"PARAIBA DO SUL"},"geometry":{"type":"Polygon","coordinates":[[[-43.28867,-22.370735],[-43.27833,-22.35616],[-43.27696,-22.34969],[-43.272415,-22.34295],[-43.26853,-22.3412],[-43.268115,-22.333525],[-43.26132,-22.33366],[-43.26021,-22.32893],[-43.2645,-22.32456],[-43.26331,-22.32096],[-43.255,-22.31444],[-43.249685,-22.31364],[-43.24736,-22.307075],[-43.24198,-22.303135],[-43.23805,-22.30478],[-43.239155,-22.306475],[-43.23542,-22.31166],[-43.23118,-22.30886],[-43.226375,-22.309915],[-43.22482,-22.305135],[-43.216305,-22.30556],[-43.211725,-22.299865],[-43.207365,-22.298625],[-43.20072,-22.30376],[-43.18167,-22.301145],[-43.177155,-22.29908],[-43.17733,-22.297375],[-43.18272,-22.296125],[-43.17688,-22.277885],[-43.17514,-22.26582],[-43.17729,-22.264575],[-43.173425,-22.25652],[-43.17416,-22.250945],[-43.171615,-22.2449],[-43.173195,-22.24307],[-43.170115,-22.23915],[-43.169805,-22.232545],[-43.16529,-22.228175],[-43.163235,-22.22276],[-43.16594,-22.2219],[-43.16478,-22.219285],[-43.16736,-22.214675],[-43.1639,-22.21468],[-43.16189,-22.210865],[-43.15963,-22.19286],[-43.19839,-22.200745],[-43.200745,-22.17734],[-43.242825,-22.13156],[-43.25882,-22.10333],[-43.253855,-22.0562],[-43.26527,-22.06314],[-43.267775,-22.072425],[-43.27329,-22.07623],[-43.28182,-22.07322],[-43.28053,-22.070405],[-43.28334,-22.066805],[-43.286155,-22.06891],[-43.2935,-22.06854],[-43.29948,-22.06282],[-43.310975,-22.067095],[-43.312545,-22.06523],[-43.31721,-22.06497],[-43.32152,-22.05974],[-43.32768,-22.06021],[-43.332575,-22.057335],[-43.33556,-22.05208],[-43.339695,-22.049995],[-43.343875,-22.0515],[-43.34605,-22.056035],[-43.3467,-22.00376],[-43.349615,-22.002925],[-43.35037,-22.00803],[-43.35241,-22.00896],[-43.365015,-22.010465],[-43.368575,-22.020505],[-43.39329,-22.035125],[-43.39894,-22.0408],[-43.404685,-22.04239],[-43.410985,-22.048965],[-43.416725,-22.0498],[-43.418445,-22.0538],[-43.42817,-22.054755],[-43.436995,-22.05997],[-43.400415,-22.2163],[-43.39884,-22.221145],[-43.325395,-22.27872],[-43.28867,-22.370735]]]}},{"type":"Feature","properties":{"codarea":"3303500","nome":"Nova Iguaçu","nomeNormalizado":"NOVA IGUACU"},"geometry":{"type":"Polygon","coordinates":[[[-43.67348,-22.864045],[-43.66285,-22.8646],[-43.64413,-22.855735],[-43.62348,-22.862815],[-43.59656,-22.857755],[-43.592945,-22.8605],[-43.588465,-22.838695],[-43.559385,-22.828885],[-43.49006,-22.815515],[-43.49632,-22.81384],[-43.49197,-22.80158],[-43.50195,-22.79561],[-43.502395,-22.79335],[-43.471725,-22.78807],[-43.46865,-22.782475],[-43.462605,-22.783685],[-43.46194,-22.781835],[-43.44231,-22.773645],[-43.43226,-22.765975],[-43.42766,-22.767395],[-43.42294,-22.76434],[-43.418975,-22.76842],[-43.410745,-22.76807],[-43.415995,-22.76499],[-43.413915,-22.75563],[-43.422515,-22.74973],[-43.434085,-22.72454],[-43.427225,-22.7159],[-43.43156,-22.702605],[-43.42267,-22.703855],[-43.41706,-22.700075],[-43.410245,-22.699775],[-43.407975,-22.694385],[-43.40238,-22.69549],[-43.38692,-22.68996],[-43.38431,-22.69213],[-43.381365,-22.688925],[-43.37637,-22.69312],[-43.370305,-22.694255],[-43.36537,-22.685135],[-43.364475,-22.680665],[-43.370875,-22.673425],[-43.395445,-22.663895],[-43.40127,-22.6567],[-43.40149,-22.652145],[-43.381975,-22.630115],[-43.382035,-22.621065],[-43.38512,-22.62018],[-43.38918,-22.615005],[-43.401715,-22.609825],[-43.40447,-22.611825],[-43.411255,-22.61068],[-43.412555,-22.60357],[-43.415945,-22.59921],[-43.415285,-22.592935],[-43.407095,-22.58803],[-43.40317,-22.58771],[-43.397975,-22.58083],[-43.387575,-22.57544],[-43.386465,-22.57212],[-43.390415,-22.558515],[-43.398625,-22.551295],[-43.40997,-22.545325],[-43.40662,-22.542385],[-43.401305,-22.54197],[-43.40143,-22.533405],[-43.40564,-22.534605],[-43.409885,-22.5318],[-43.419505,-22.53805],[-43.423225,-22.536365],[-43.423835,-22.53378],[-43.431115,-22.533215],[-43.4352,-22.5298],[-43.44068,-22.530665],[-43.44579,-22.52601],[-43.457445,-22.531995],[-43.46247,-22.53822],[-43.469245,-22.53616],[-43.47421,-22.540935],[-43.484485,-22.54579],[-43.486575,-22.549065],[-43.49125,-22.548495],[-43.491935,-22.55176],[-43.49832,-22.554395],[-43.4978,-22.559185],[-43.5011,-22.561555],[-43.500745,-22.56384],[-43.506945,-22.56576],[-43.51005,-22.57183],[-43.5156,-22.56965],[-43.51824,-22.571115],[-43.521905,-22.56711],[-43.526315,-22.569145],[-43.530005,-22.565935],[-43.533585,-22.565685],[-43.536565,-22.569765],[-43.541495,-22.56517],[-43.54289,-22.569215],[-43.550535,-22.57344],[-43.55618,-22.56741],[-43.55998,-22.567145],[-43.560895,-22.5708],[-43.558795,-22.572775],[-43.560515,-22.57928],[-43.563405,-22.580265],[-43.564535,-22.57666],[-43.58058,-22.578975],[-43.585295,-22.58268],[-43.583725,-22.587155],[-43.58926,-22.59317],[-43.60218,-22.59953],[-43.603445,-22.604945],[-43.61182,-22.60768],[-43.62173,-22.6166],[-43.628825,-22.625725],[-43.62273,-22.64222],[-43.61845,-22.636915],[-43.610605,-22.634395],[-43.593445,-22.62003],[-43.578635,-22.616045],[-43.569075,-22.609415],[-43.56795,-22.623465],[-43.572375,-22.62602],[-43.572655,-22.633465],[-43.558155,-22.637],[-43.55228,-22.646985],[-43.55353,-22.65076],[-43.548845,-22.65261],[-43.547,-22.655775],[-43.539565,-22.653525],[-43.533985,-22.654835],[-43.54059,-22.661015],[-43.543625,-22.66905],[-43.549715,-22.67011],[-43.55446,-22.674575],[-43.554215,-22.676305],[-43.55687,-22.677415],[-43.55544,-22.67974],[-43.551025,-22.679455],[-43.54827,-22.68153],[-43.54303,-22.68016],[-43.533825,-22.68894],[-43.522485,-22.691725],[-43.512215,-22.69149],[-43.51423,-22.694145],[-43.52109,-22.69428],[-43.5248,-22.698405],[-43.536045,-22.703945],[-43.535595,-22.70899],[-43.54253,-22.71488],[-43.53791,-22.71762],[-43.54121,-22.722285],[-43.538305,-22.72744],[-43.541155,-22.730075],[-43.5422,-22.73613],[-43.53228,-22.738685],[-43.53542,-22.751755],[-43.544365,-22.75412],[-43.54753,-22.75887],[-43.548145,-22.754725],[-43.55566,-22.75498],[-43.55962,-22.757905],[-43.56601,-22.756105],[-43.569785,-22.752735],[-43.57573,-22.754975],[-43.59225,-22.75453],[-43.59848,-22.75249],[-43.601075,-22.748295],[-43.610675,-22.74761],[-43.61481,-22.750455],[-43.616985,-22.763435],[-43.62725,-22.7725],[-43.623785,-22.78247],[-43.6348,-22.78331],[-43.631175,-22.80121],[-43.62695,-22.80702],[-43.629175,-22.810705],[-43.622355,-22.820675],[-43.62266,-22.82603],[-43.648,-22.84483],[-43.65678,-22.849275],[-43.67026,-22.852385],[-43.67348,-22.864045]]]}},{"type":"Feature","properties":{"codarea":"3303609","nome":"Paracambi","nomeNormalizado":"PARACAMBI"},"geometry":{"type":"Polygon","coordinates":[[[-43.752965,-22.700105],[-43.748005,-22.685395],[-43.743015,-22.68221],[-43.737795,-22.67411],[-43.71116,-22.64784],[-43.71311,-22.641225],[-43.708895,-22.639935],[-43.698555,-22.64858],[-43.6897,-22.650325],[-43.678005,-22.64746],[-43.670785,-22.65291],[-43.66853,-22.632615],[-43.664665,-22.625935],[-43.665085,-22.622685],[-43.660575,-22.61965],[-43.61786,-22.588565],[-43.597445,-22.568075],[-43.62364,-22.539335],[-43.62977,-22.540615],[-43.632465,-22.53884],[-43.63718,-22.541985],[-43.63782,-22.539485],[-43.63932,-22.53983],[-43.64244,-22.543305],[-43.65118,-22.544715],[-43.65398,-22.54752],[-43.655145,-22.546095],[-43.65851,-22.54803],[-43.66201,-22.54679],[-43.668605,-22.54829],[-43.663965,-22.554835],[-43.664335,-22.557605],[-43.6673,-22.559135],[-43.66769,-22.56223],[-43.672295,-22.56397],[-43.67539,-22.56952],[-43.66879,-22.569095],[-43.663365,-22.57194],[-43.659075,-22.580405],[-43.667335,-22.58675],[-43.69169,-22.57579],[-43.687515,-22.56997],[-43.69003,-22.57025],[-43.691235,-22.566705],[-43.68838,-22.5624],[-43.682725,-22.55918],[-43.681755,-22.555365],[-43.685915,-22.55422],[-43.6873,-22.55155],[-43.690935,-22.55156],[-43.69525,-22.55847],[-43.707725,-22.564835],[-43.712315,-22.562675],[-43.70926,-22.556465],[-43.71151,-22.549535],[-43.724615,-22.55718],[-43.72346,-22.564375],[-43.728685,-22.563575],[-43.73532,-22.56883],[-43.73608,-22.571795],[-43.738845,-22.572255],[-43.740035,-22.57583],[-43.74416,-22.5767],[-43.74382,-22.5784],[-43.75421,-22.583905],[-43.76705,-22.59494],[-43.77147,-22.595525],[-43.772605,-22.59968],[-43.770235,-22.602205],[-43.77065,-22.60592],[-43.77217,-22.605945],[-43.772125,-22.60738],[-43.777335,-22.60826],[-43.77702,-22.611255],[-43.7875,-22.61165],[-43.792975,-22.61504],[-43.7948,-22.61682],[-43.794125,-22.62077],[-43.802645,-22.629295],[-43.805685,-22.629065],[-43.81157,-22.63398],[-43.81545,-22.63396],[-43.817835,-22.637265],[-43.82034,-22.63706],[-43.825405,-22.64189],[-43.84084,-22.648125],[-43.833965,-22.65621],[-43.826965,-22.655865],[-43.82678,-22.65771],[-43.82452,-22.65768],[-43.823635,-22.66267],[-43.817615,-22.666055],[-43.81669,-22.673655],[-43.81992,-22.679395],[-43.81432,-22.68187],[-43.815475,-22.68708],[-43.803385,-22.69122],[-43.795115,-22.689565],[-43.78509,-22.692685],[-43.77914,-22.694475],[-43.77202,-22.692995],[-43.763195,-22.699715],[-43.752965,-22.700105]]]}},{"type":"Feature","properties":{"codarea":"3303906","nome":"Petrópolis","nomeNormalizado":"PETROPOLIS"},"geometry":{"type":"Polygon","coordinates":[[[-43.22501,-22.563635],[-43.19815,-22.553135],[-43.18261,-22.55322],[-43.162045,-22.547155],[-43.14892,-22.539695],[-43.131275,-22.53379],[-43.12639,-22.534395],[-43.1228,-22.53101],[-43.117935,-22.530655],[-43.110705,-22.53485],[-43.108045,-22.533745],[-43.095985,-22.522895],[-43.08946,-22.52104],[-43.087045,-22.51715],[-43.076325,-22.51098],[-43.07063,-22.500535],[-43.074525,-22.492465],[-43.081095,-22.489565],[-43.079675,-22.48741],[-43.06227,-22.484625],[-43.05435,-22.480375],[-43.05788,-22.47433],[-43.054895,-22.470435],[-43.05531,-22.46776],[-43.05025,-22.465225],[-43.04731,-22.46021],[-43.040385,-22.456425],[-43.035015,-22.46249],[-43.028845,-22.46125],[-43.02547,-22.45499],[-43.026795,-22.44969],[-43.022185,-22.441115],[-43.026455,-22.43932],[-43.02782,-22.435005],[-43.03294,-22.43284],[-43.03492,-22.42321],[-43.031605,-22.42173],[-43.03176,-22.41984],[-43.03796,-22.415025],[-43.03743,-22.41041],[-43.03099,-22.40258],[-43.02843,-22.39526],[-43.028615,-22.39249],[-43.03468,-22.389675],[-43.028305,-22.378375],[-43.03538,-22.372355],[-43.031185,-22.36449],[-43.026405,-22.36355],[-43.021435,-22.355205],[-43.026835,-22.351825],[-43.027205,-22.346355],[-43.03115,-22.34464],[-43.0279,-22.3397],[-43.030465,-22.337335],[-43.030235,-22.3313],[-43.033905,-22.327265],[-43.03989,-22.32868],[-43.046255,-22.326415],[-43.046035,-22.32205],[-43.042855,-22.31503],[-43.036395,-22.308365],[-43.026695,-22.304425],[-43.023715,-22.306595],[-43.01915,-22.30287],[-43.01408,-22.301995],[-43.01182,-22.2961],[-43.016695,-22.29052],[-43.009965,-22.28653],[-43.002215,-22.286325],[-42.999375,-22.281865],[-42.98982,-22.278435],[-42.985515,-22.265695],[-42.983015,-22.263255],[-42.98061,-22.2647],[-42.97798,-22.25523],[-42.979925,-22.249365],[-42.99243,-22.23902],[-42.99655,-22.23248],[-42.996755,-22.226125],[-43.00859,-22.21934],[-43.01538,-22.22331],[-43.0183,-22.222805],[-43.01892,-22.21774],[-43.029035,-22.202595],[-43.03571,-22.206685],[-43.037945,-22.20688],[-43.039445,-22.20458],[-43.04285,-22.207725],[-43.047755,-22.208605],[-43.05047,-22.20751],[-43.05297,-22.214285],[-43.0554,-22.213855],[-43.05743,-22.21644],[-43.05977,-22.21586],[-43.07595,-22.22346],[-43.093955,-22.242325],[-43.090565,-22.25038],[-43.09277,-22.25345],[-43.0899,-22.26136],[-43.09432,-22.26566],[-43.10129,-22.265875],[-43.10284,-22.273495],[-43.10609,-22.275085],[-43.106345,-22.281545],[-43.11626,-22.283005],[-43.121265,-22.28011],[-43.122885,-22.27582],[-43.127005,-22.275875],[-43.13045,-22.28249],[-43.139845,-22.28473],[-43.13753,-22.28697],[-43.13915,-22.29072],[-43.137205,-22.294695],[-43.140405,-22.293835],[-43.14622,-22.298135],[-43.145525,-22.304005],[-43.15107,-22.30866],[-43.15432,-22.306465],[-43.161225,-22.310245],[-43.17387,-22.31017],[-43.18167,-22.301145],[-43.20072,-22.30376],[-43.207365,-22.298625],[-43.211725,-22.299865],[-43.216305,-22.30556],[-43.22482,-22.305135],[-43.226375,-22.309915],[-43.23118,-22.30886],[-43.23542,-22.31166],[-43.239155,-22.306475],[-43.23805,-22.30478],[-43.24198,-22.303135],[-43.24736,-22.307075],[-43.249685,-22.31364],[-43.255,-22.31444],[-43.26331,-22.32096],[-43.2645,-22.32456],[-43.26021,-22.32893],[-43.26132,-22.33366],[-43.268115,-22.333525],[-43.26853,-22.3412],[-43.272415,-22.34295],[-43.27696,-22.34969],[-43.27833,-22.35616],[-43.28867,-22.370735],[-43.296205,-22.37236],[-43.299625,-22.3699],[-43.301515,-22.37353],[-43.30481,-22.37457],[-43.305255,-22.377835],[-43.31605,-22.381315],[-43.319125,-22.39162],[-43.326895,-22.39543],[-43.32651,-22.401315],[-43.3289,-22.40325],[-43.336295,-22.40342],[-43.334495,-22.40836],[-43.33759,-22.40993],[-43.33799,-22.414745],[-43.34432,-22.41799],[-43.353275,-22.41715],[-43.36118,-22.419755],[-43.361365,-22.42569],[-43.365325,-22.426355],[-43.374175,-22.434455],[-43.37134,-22.44067],[-43.37376,-22.443245],[-43.3773,-22.442475],[-43.37609,-22.4451],[-43.371595,-22.44526],[-43.37027,-22.451715],[-43.365735,-22.4537],[-43.36416,-22.45043],[-43.352055,-22.448465],[-43.34902,-22.452565],[-43.345345,-22.45078],[-43.335945,-22.454505],[-43.33046,-22.45336],[-43.326005,-22.458125],[-43.320345,-22.459005],[-43.31321,-22.454515],[-43.30875,-22.45614],[-43.30622,-22.45507],[-43.305375,-22.456705],[-43.298665,-22.451105],[-43.297975,-22.45538],[-43.294735,-22.457745],[-43.289795,-22.457785],[-43.28849,-22.46019],[-43.288635,-22.462725],[-43.292895,-22.465525],[-43.297415,-22.464295],[-43.30019,-22.46913],[-43.30192,-22.47389],[-43.296375,-22.475715],[-43.23852,-22.511525],[-43.23672,-22.515555],[-43.23356,-22.516575],[-43.2316,-22.514385],[-43.2288,-22.51775],[-43.226595,-22.51624],[-43.2248,-22.52128],[-43.22239,-22.521565],[-43.226515,-22.5295],[-43.230875,-22.52761],[-43.231225,-22.52438],[-43.234255,-22.52275],[-43.246005,-22.52703],[-43.2607,-22.555355],[-43.25811,-22.55498],[-43.260795,-22.561265],[-43.255485,-22.573335],[-43.22501,-22.563635]]]}},{"type":"Feature","properties":{"codarea":"3304003","nome":"Piraí","nomeNormalizado":"PIRAI"},"geometry":{"type":"Polygon","coordinates":[[[-44.0863,-22.64059],[-44.078245,-22.647485],[-44.085165,-22.65261],[-44.08516,-22.658685],[-44.082735,-22.660435],[-44.085595,-22.66607],[-44.084705,-22.67263],[-44.076965,-22.6839],[-44.07525,-22.67996],[-44.07898,-22.678635],[-44.07783,-22.676425],[-44.07998,-22.674665],[-44.078065,-22.669115],[-44.08054,-22.667055],[-44.07146,-22.65951],[-44.070905,-22.65547],[-44.064825,-22.650115],[-44.054915,-22.646515],[-44.04972,-22.640375],[-44.03593,-22.64169],[-44.033045,-22.63979],[-44.02701,-22.64011],[-44.023045,-22.644305],[-44.02147,-22.641035],[-44.01701,-22.640435],[-44.01305,-22.648655],[-44.00819,-22.648855],[-44.006675,-22.651605],[-44.0038,-22.651815],[-44.00322,-22.65846],[-43.99681,-22.659995],[-43.996395,-22.663685],[-43.98991,-22.66897],[-43.984375,-22.66677],[-43.98283,-22.669435],[-43.98079,-22.669325],[-43.97529,-22.666775],[-43.970205,-22.661355],[-43.967115,-22.6635],[-43.96415,-22.661665],[-43.960345,-22.66315],[-43.96153,-22.66556],[-43.95755,-22.680575],[-43.95822,-22.68527],[-43.95222,-22.685785],[-43.94294,-22.696455],[-43.947695,-22.702485],[-43.94414,-22.710605],[-43.937545,-22.7112],[-43.93151,-22.709215],[-43.92448,-22.70381],[-43.92355,-22.6988],[-43.919365,-22.69886],[-43.91595,-22.70612],[-43.9131,-22.706845],[-43.91494,-22.71072],[-43.912555,-22.713895],[-43.90333,-22.709015],[-43.898205,-22.71172],[-43.89432,-22.7095],[-43.891195,-22.70398],[-43.881685,-22.702285],[-43.884055,-22.709725],[-43.879225,-22.714225],[-43.88079,-22.71741],[-43.879905,-22.72741],[-43.884475,-22.72848],[-43.884925,-22.7313],[-43.892355,-22.73543],[-43.89433,-22.732765],[-43.898735,-22.732645],[-43.897785,-22.74388],[-43.90106,-22.74256],[-43.903205,-22.74431],[-43.901335,-22.747715],[-43.904075,-22.74842],[-43.90395,-22.75064],[-43.903545,-22.753545],[-43.90018,-22.752285],[-43.895035,-22.756765],[-43.889595,-22.75396],[-43.885295,-22.75688],[-43.885,-22.75832],[-43.88874,-22.758975],[-43.886365,-22.76323],[-43.892235,-22.766225],[-43.89041,-22.77282],[-43.88816,-22.77437],[-43.89565,-22.77554],[-43.89642,-22.7772],[-43.89495,-22.7808],[-43.89106,-22.78151],[-43.891705,-22.789575],[-43.88803,-22.79566],[-43.885125,-22.79455],[-43.882785,-22.797995],[-43.87644,-22.799365],[-43.873055,-22.805565],[-43.87378,-22.80913],[-43.862205,-22.8058],[-43.85865,-22.802795],[-43.8381,-22.79802],[-43.83776,-22.79586],[-43.83248,-22.793195],[-43.830155,-22.7879],[-43.822375,-22.782235],[-43.82014,-22.77712],[-43.81245,-22.77178],[-43.81968,-22.76945],[-43.82218,-22.766395],[-43.829985,-22.767365],[-43.831815,-22.763135],[-43.83527,-22.76351],[-43.835085,-22.761065],[-43.83869,-22.75833],[-43.839835,-22.755905],[-43.83552,-22.75193],[-43.83594,-22.745335],[-43.831645,-22.74043],[-43.83362,-22.73567],[-43.83065,-22.731655],[-43.832605,-22.729835],[-43.817805,-22.717605],[-43.81253,-22.710525],[-43.8078,-22.710555],[-43.798495,-22.70132],[-43.78509,-22.692685],[-43.795115,-22.689565],[-43.803385,-22.69122],[-43.815475,-22.68708],[-43.81432,-22.68187],[-43.81992,-22.679395],[-43.81669,-22.673655],[-43.817615,-22.666055],[-43.823635,-22.66267],[-43.82452,-22.65768],[-43.82678,-22.65771],[-43.826965,-22.655865],[-43.833965,-22.65621],[-43.84084,-22.648125],[-43.825405,-22.64189],[-43.82034,-22.63706],[-43.817835,-22.637265],[-43.81545,-22.63396],[-43.81157,-22.63398],[-43.805685,-22.629065],[-43.802645,-22.629295],[-43.794125,-22.62077],[-43.7948,-22.61682],[-43.792975,-22.61504],[-43.7875,-22.61165],[-43.77702,-22.611255],[-43.777335,-22.60826],[-43.772125,-22.60738],[-43.77217,-22.605945],[-43.776295,-22.59697],[-43.77123,-22.588045],[-43.773965,-22.587275],[-43.77886,-22.580715],[-43.776855,-22.57523],[-43.779,-22.57268],[-43.776265,-22.566975],[-43.78292,-22.563935],[-43.788145,-22.550625],[-43.79025,-22.5522],[-43.79339,-22.54884],[-43.797625,-22.55188],[-43.80864,-22.55418],[-43.81192,-22.55146],[-43.811625,-22.548085],[-43.815555,-22.54973],[-43.81939,-22.546015],[-43.81935,-22.540525],[-43.81634,-22.53561],[-43.81987,-22.532795],[-43.81358,-22.52999],[-43.80546,-22.5228],[-43.80564,-22.51913],[-43.81138,-22.511495],[-43.822015,-22.51667],[-43.82141,-22.51788],[-43.82815,-22.516565],[-43.828695,-22.51453],[-43.83505,-22.51337],[-43.84018,-22.510015],[-43.844635,-22.50099],[-43.84451,-22.50366],[-43.84923,-22.507275],[-43.85506,-22.50716],[-43.85388,-22.51718],[-43.856805,-22.51774],[-43.85808,-22.521095],[-43.865375,-22.5252],[-43.864875,-22.527365],[-43.86864,-22.5286],[-43.91348,-22.52078],[-43.95472,-22.568485],[-43.984405,-22.55238],[-43.99273,-22.56307],[-43.982135,-22.57215],[-43.981665,-22.5785],[-43.98497,-22.57734],[-43.99872,-22.582875],[-44.014725,-22.58633],[-44.02286,-22.58092],[-44.03868,-22.58222],[-44.05541,-22.58584],[-44.068525,-22.59242],[-44.0863,-22.64059]]]}},{"type":"Feature","properties":{"codarea":"3303955","nome":"Pinheiral","nomeNormalizado":"PINHEIRAL"},"geometry":{"type":"Polygon","coordinates":[[[-44.068525,-22.59242],[-44.05541,-22.58584],[-44.03868,-22.58222],[-44.02286,-22.58092],[-44.014725,-22.58633],[-43.99872,-22.582875],[-43.98497,-22.57734],[-43.981665,-22.5785],[-43.982135,-22.57215],[-43.99273,-22.56307],[-43.984405,-22.55238],[-43.95472,-22.568485],[-43.91348,-22.52078],[-43.943675,-22.51511],[-43.94673,-22.518275],[-43.953935,-22.51963],[-43.962965,-22.516795],[-43.98141,-22.514975],[-43.992645,-22.517405],[-44.0014,-22.51192],[-44.0057,-22.498335],[-44.0202,-22.48435],[-44.028675,-22.4868],[-44.027815,-22.49381],[-44.0306,-22.49714],[-44.032705,-22.502335],[-44.027825,-22.506295],[-44.02892,-22.519665],[-44.03555,-22.531315],[-44.031875,-22.538195],[-44.03863,-22.54112],[-44.038275,-22.548955],[-44.041345,-22.55194],[-44.04716,-22.55355],[-44.05316,-22.55229],[-44.05415,-22.550335],[-44.068525,-22.59242]]]}},{"type":"Feature","properties":{"codarea":"3303807","nome":"Paraty","nomeNormalizado":"PARATY"},"geometry":{"type":"MultiPolygon","coordinates":[[[[-44.66621,-23.16092],[-44.66413,-23.163465],[-44.66144,-23.15917],[-44.66621,-23.16092]]],[[[-44.69545,-23.160855],[-44.69102,-23.166255],[-44.69232,-23.16946],[-44.689085,-23.168405],[-44.685055,-23.15826],[-44.681135,-23.157445],[-44.68331,-23.15091],[-44.686645,-23.15156],[-44.69027,-23.15563],[-44.69479,-23.155965],[-44.69545,-23.160855]]],[[[-44.67882,-23.172165],[-44.674375,-23.169475],[-44.67834,-23.16951],[-44.67882,-23.172165]]],[[[-44.5777,-23.18632],[-44.5774,-23.189435],[-44.574055,-23.18925],[-44.57281,-23.183735],[-44.57522,-23.18334],[-44.5777,-23.18632]]],[[[-44.684385,-23.17865],[-44.681545,-23.1781],[-44.683765,-23.176985],[-44.684385,-23.17865]]],[[[-44.6598,-23.185695],[-44.65914,-23.188085],[-44.656875,-23.188065],[-44.65606,-23.18364],[-44.657735,-23.18114],[-44.6598,-23.185695]]],[[[-44.63715,-23.19384],[-44.63542,-23.19424],[-44.634895,-23.192315],[-44.63715,-23.19384]]],[[[-44.720905,-23.35856],[-44.71924,-23.359485],[-44.718175,-23.35725],[-44.720905,-23.35856]]],[[[-44.67286,-23.35555],[-44.67176,-23.35666],[-44.670505,-23.355005],[-44.67286,-23.35555]]],[[[-44.57091,-23.351895],[-44.566535,-23.3479],[-44.56956,-23.348255],[-44.57091,-23.351895]]],[[[-44.631905,-23.273135],[-44.630405,-23.274425],[-44.62966,-23.273215],[-44.631905,-23.273135]]],[[[-44.557835,-23.222355],[-44.55673,-23.223785],[-44.55367,-23.220215],[-44.557835,-23.222355]]],[[[-44.69327,-23.215675],[-44.69114,-23.2181],[-44.68964,-23.214875],[-44.69327,-23.215675]]],[[[-44.651015,-23.231335],[-44.639585,-23.229165],[-44.633875,-23.2256],[-44.637235,-23.22398],[-44.63982,-23.22774],[-44.64711,-23.22698],[-44.651015,-23.231335]]],[[[-44.6213,-23.22296],[-44.618635,-23.224705],[-44.611725,-23.22458],[-44.602015,-23.222095],[-44.60091,-23.21714],[-44.593855,-23.216035],[-44.58601,-23.20925],[-44.58459,-23.203675],[-44.587795,-23.206795],[-44.59455,-23.20194],[-44.59986,-23.20559],[-44.60478,-23.21487],[-44.614345,-23.217625],[-44.6213,-23.22296]]],[[[-44.584595,-23.200175],[-44.58379,-23.202445],[-44.57951,-23.20307],[-44.578975,-23.19966],[-44.580785,-23.19815],[-44.584595,-23.200175]]],[[[-44.638675,-22.914155],[-44.655065,-22.923355],[-44.658995,-22.92793],[-44.67161,-22.922065],[-44.673835,-22.918045],[-44.678605,-22.926215],[-44.687225,-22.93252],[-44.687735,-22.93677],[-44.695715,-22.932055],[-44.70031,-22.93289],[-44.703545,-22.9361],[-44.706635,-22.931605],[-44.713435,-22.929875],[-44.71672,-22.93493],[-44.719475,-22.93492],[-44.727865,-22.94182],[-44.74382,-22.947205],[-44.745085,-22.95189],[-44.749125,-22.953725],[-44.74825,-22.95687],[-44.751765,-22.96264],[-44.74937,-22.969975],[-44.75679,-22.97432],[-44.75526,-22.98031],[-44.759345,-22.979095],[-44.76484,-22.983315],[-44.76991,-22.980885],[-44.773065,-22.981455],[-44.77674,-22.978055],[-44.78347,-22.978955],[-44.78756,-22.982545],[-44.7919,-22.981875],[-44.793645,-22.98633],[-44.7929,-22.993415],[-44.801255,-22.9965],[-44.802635,-22.99966],[-44.799635,-23.00648],[-44.79549,-23.00705],[-44.792815,-23.00984],[-44.798635,-23.02026],[-44.795865,-23.02531],[-44.80196,-23.031585],[-44.800585,-23.03529],[-44.803045,-23.04006],[-44.80221,-23.04878],[-44.811895,-23.054515],[-44.806995,-23.063055],[-44.814795,-23.067675],[-44.811405,-23.071365],[-44.814075,-23.08138],[-44.817925,-23.08572],[-44.818845,-23.09146],[-44.812535,-23.09169],[-44.81119,-23.096295],[-44.81288,-23.098225],[-44.808815,-23.099475],[-44.816435,-23.10783],[-44.81527,-23.112455],[-44.8106,-23.115535],[-44.814895,-23.1204],[-44.81442,-23.127465],[-44.819255,-23.131595],[-44.816055,-23.140315],[-44.82348,-23.1412],[-44.82548,-23.14374],[-44.821255,-23.153525],[-44.822725,-23.160075],[-44.825155,-23.16305],[-44.82845,-23.162015],[-44.83351,-23.166835],[-44.842905,-23.166685],[-44.84528,-23.16898],[-44.844855,-23.17239],[-44.852735,-23.1739],[-44.85308,-23.1766],[-44.85636,-23.176685],[-44.860455,-23.18098],[-44.87273,-23.1825],[-44.87683,-23.19449],[-44.8749,-23.196745],[-44.88372,-23.204805],[-44.88348,-23.21101],[-44.880115,-23.21331],[-44.88893,-23.224505],[-44.88595,-23.23579],[-44.88087,-23.23659],[-44.87831,-23.242875],[-44.871995,-23.248955],[-44.85212,-23.2489],[-44.84213,-23.25572],[-44.836055,-23.25617],[-44.839995,-23.26339],[-44.828485,-23.269555],[-44.82885,-23.276245],[-44.82376,-23.28069],[-44.82672,-23.29162],[-44.81885,-23.28974],[-44.80715,-23.283485],[-44.805365,-23.29005],[-44.78742,-23.299105],[-44.786785,-23.31009],[-44.77811,-23.3156],[-44.78161,-23.325895],[-44.776255,-23.33239],[-44.77775,-23.33775],[-44.759945,-23.341225],[-44.75643,-23.35021],[-44.74146,-23.358885],[-44.735755,-23.365635],[-44.72808,-23.36893],[-44.724245,-23.367555],[-44.731655,-23.36292],[-44.730545,-23.356365],[-44.72666,-23.353515],[-44.7214,-23.35757],[-44.719225,-23.35421],[-44.722425,-23.351915],[-44.72002,-23.34792],[-44.70908,-23.34294],[-44.704795,-23.343985],[-44.703345,-23.34051],[-44.70031,-23.340645],[-44.69848,-23.343865],[-44.690705,-23.34412],[-44.69059,-23.34755],[-44.68505,-23.34748],[-44.6862,-23.35202],[-44.68106,-23.34717],[-44.683575,-23.346255],[-44.683945,-23.342565],[-44.681565,-23.338765],[-44.67948,-23.33924],[-44.67525,-23.335895],[-44.672355,-23.34502],[-44.65979,-23.347445],[-44.658585,-23.34534],[-44.66316,-23.3441],[-44.661775,-23.342245],[-44.66374,-23.34205],[-44.66305,-23.33915],[-44.66041,-23.33893],[-44.655025,-23.342915],[-44.651115,-23.340975],[-44.64725,-23.334185],[-44.640085,-23.331],[-44.62887,-23.33741],[-44.628765,-23.34264],[-44.635635,-23.350735],[-44.63435,-23.35225],[-44.628625,-23.3497],[-44.624135,-23.33908],[-44.618575,-23.341455],[-44.61881,-23.3443],[-44.61613,-23.346575],[-44.618175,-23.351625],[-44.61325,-23.34735],[-44.61115,-23.349385],[-44.60681,-23.347925],[-44.608835,-23.35639],[-44.608235,-23.363955],[-44.605805,-23.366995],[-44.59936,-23.35917],[-44.59592,-23.358475],[-44.591405,-23.36227],[-44.585355,-23.35956],[-44.572615,-23.34614],[-44.561815,-23.32977],[-44.56226,-23.3263],[-44.566295,-23.322995],[-44.56021,-23.31578],[-44.562395,-23.311315],[-44.559395,-23.310795],[-44.555765,-23.303565],[-44.552325,-23.30353],[-44.55075,-23.307805],[-44.54423,-23.302195],[-44.54034,-23.304725],[-44.53969,-23.297445],[-44.53581,-23.292075],[-44.52968,-23.290215],[-44.52887,-23.286765],[-44.5253,-23.287585],[-44.52427,-23.290545],[-44.51395,-23.29166],[-44.51333,-23.29572],[-44.509775,-23.29539],[-44.50951,-23.301045],[-44.50267,-23.29524],[-44.505305,-23.29077],[-44.50931,-23.29228],[-44.513145,-23.291145],[-44.51521,-23.285785],[-44.520715,-23.28346],[-44.51852,-23.27953],[-44.52217,-23.27944],[-44.523025,-23.276795],[-44.526025,-23.276635],[-44.527195,-23.272755],[-44.535715,-23.26979],[-44.537995,-23.266735],[-44.54008,-23.26655],[-44.54381,-23.272175],[-44.547805,-23.27431],[-44.550405,-23.273655],[-44.551425,-23.27065],[-44.558925,-23.27352],[-44.56717,-23.270835],[-44.572385,-23.27165],[-44.575755,-23.268505],[-44.579965,-23.2709],[-44.583415,-23.26804],[-44.5849,-23.26375],[-44.58144,-23.261725],[-44.58145,-23.257605],[-44.575185,-23.251575],[-44.574955,-23.24804],[-44.57786,-23.24848],[-44.5785,-23.246675],[-44.56054,-23.23118],[-44.56026,-23.22638],[-44.565595,-23.23005],[-44.57049,-23.22994],[-44.574845,-23.23356],[-44.59087,-23.232515],[-44.599245,-23.23649],[-44.597045,-23.23807],[-44.59711,-23.24423],[-44.606845,-23.25108],[-44.61397,-23.25219],[-44.62095,-23.258285],[-44.62145,-23.264325],[-44.6267,-23.27061],[-44.6304,-23.28191],[-44.63821,-23.29014],[-44.642625,-23.28908],[-44.64203,-23.28667],[-44.64624,-23.28985],[-44.63686,-23.29909],[-44.6375,-23.301205],[-44.64803,-23.301905],[-44.64673,-23.29724],[-44.64989,-23.29819],[-44.649785,-23.29525],[-44.653925,-23.293615],[-44.655365,-23.29539],[-44.65727,-23.292165],[-44.654245,-23.28835],[-44.649775,-23.2873],[-44.64936,-23.283745],[-44.64198,-23.277445],[-44.640605,-23.270905],[-44.63596,-23.26735],[-44.634465,-23.25871],[-44.626205,-23.24971],[-44.626795,-23.24655],[-44.61969,-23.24235],[-44.61341,-23.23357],[-44.619405,-23.23416],[-44.623655,-23.237335],[-44.626925,-23.236495],[-44.631675,-23.240345],[-44.63669,-23.2384],[-44.638285,-23.23399],[-44.64468,-23.235975],[-44.651965,-23.23502],[-44.654515,-23.239095],[-44.65891,-23.23965],[-44.66392,-23.247935],[-44.667835,-23.247905],[-44.669245,-23.25027],[-44.67035,-23.24823],[-44.667605,-23.24549],[-44.669455,-23.24426],[-44.671485,-23.247235],[-44.674015,-23.246775],[-44.674755,-23.250395],[-44.678845,-23.250565],[-44.68034,-23.25267],[-44.69054,-23.253705],[-44.692325,-23.252135],[-44.68489,-23.25027],[-44.678965,-23.245925],[-44.68509,-23.24199],[-44.683225,-23.240455],[-44.676895,-23.242665],[-44.67211,-23.239795],[-44.67676,-23.240035],[-44.67835,-23.23821],[-44.67299,-23.230575],[-44.66929,-23.234895],[-44.666725,-23.23508],[-44.65475,-23.227085],[-44.656815,-23.223735],[-44.658845,-23.22705],[-44.66398,-23.228015],[-44.658925,-23.221395],[-44.66286,-23.214075],[-44.657125,-23.21469],[-44.65591,-23.21814],[-44.65274,-23.21704],[-44.65137,-23.222155],[-44.63697,-23.21058],[-44.640975,-23.219235],[-44.63822,-23.21662],[-44.633875,-23.21697],[-44.63249,-23.219375],[-44.63388,-23.221725],[-44.628515,-23.22391],[-44.624845,-23.22198],[-44.623715,-23.21566],[-44.627175,-23.21311],[-44.623435,-23.20724],[-44.615795,-23.206365],[-44.616025,-23.20382],[-44.62174,-23.204635],[-44.626405,-23.2027],[-44.62636,-23.196235],[-44.643715,-23.19642],[-44.6459,-23.191325],[-44.643705,-23.185235],[-44.654355,-23.190545],[-44.658085,-23.199235],[-44.65714,-23.20507],[-44.65905,-23.20808],[-44.6636,-23.206075],[-44.666455,-23.20997],[-44.667495,-23.204975],[-44.671025,-23.21133],[-44.677805,-23.21248],[-44.67288,-23.21471],[-44.67734,-23.21991],[-44.68151,-23.220725],[-44.683485,-23.22397],[-44.69043,-23.222065],[-44.694845,-23.232635],[-44.710315,-23.234975],[-44.715275,-23.230885],[-44.711725,-23.2261],[-44.714825,-23.221505],[-44.709835,-23.22116],[-44.709115,-23.21928],[-44.712135,-23.214115],[-44.710295,-23.21102],[-44.71526,-23.210885],[-44.721155,-23.201825],[-44.71983,-23.19457],[-44.71429,-23.194025],[-44.71503,-23.190465],[-44.71103,-23.190305],[-44.70651,-23.185515],[-44.712305,-23.18516],[-44.714445,-23.187905],[-44.717195,-23.18504],[-44.71641,-23.1827],[-44.71234,-23.182875],[-44.707735,-23.17411],[-44.70328,-23.176775],[-44.69831,-23.1745],[-44.698315,-23.169155],[-44.70381,-23.169385],[-44.70752,-23.163655],[-44.70566,-23.16235],[-44.705915,-23.15626],[-44.696655,-23.15412],[-44.69746,-23.151735],[-44.695165,-23.151175],[-44.695645,-23.14828],[-44.69302,-23.146425],[-44.698325,-23.142185],[-44.69728,-23.136655],[-44.69982,-23.13554],[-44.699085,-23.130665],[-44.692075,-23.13091],[-44.68827,-23.126445],[-44.692355,-23.122725],[-44.69733,-23.124285],[-44.6989,-23.121175],[-44.698105,-23.113915],[-44.69432,-23.10712],[-44.69518,-23.09901],[-44.691215,-23.090835],[-44.687435,-23.09099],[-44.69102,-23.082755],[-44.684775,-23.07933],[-44.68715,-23.078855],[-44.686845,-23.075255],[-44.6835,-23.071265],[-44.68186,-23.072615],[-44.676655,-23.071135],[-44.67763,-23.06861],[-44.67565,-23.06718],[-44.6786,-23.064105],[-44.66869,-23.054255],[-44.663925,-23.05349],[-44.661205,-23.0565],[-44.656365,-23.05221],[-44.65089,-23.056545],[-44.647345,-23.05331],[-44.648125,-23.049035],[-44.644925,-23.046715],[-44.637735,-23.048665],[-44.638065,-23.05253],[-44.618575,-23.044165],[-44.61346,-23.046135],[-44.61422,-23.051565],[-44.61154,-23.04777],[-44.608215,-23.049805],[-44.5962,-23.045065],[-44.58955,-23.050445],[-44.59396,-23.05745],[-44.600035,-23.06201],[-44.59717,-23.06414],[-44.59311,-23.059345],[-44.58343,-23.058035],[-44.585665,-23.056665],[-44.577975,-23.05399],[-44.577025,-23.04883],[-44.569385,-23.0472],[-44.556945,-23.037],[-44.551965,-23.038],[-44.544585,-23.03274],[-44.53054,-23.02713],[-44.52108,-23.02729],[-44.52793,-23.024605],[-44.5299,-23.02021],[-44.533105,-23.02094],[-44.53601,-23.025085],[-44.538435,-23.02303],[-44.54467,-23.02257],[-44.544125,-23.020975],[-44.546145,-23.02044],[-44.5446,-23.016135],[-44.54781,-23.01479],[-44.54478,-23.01371],[-44.546815,-23.01086],[-44.54338,-23.00836],[-44.54664,-23.008575],[-44.54817,-23.003925],[-44.544745,-23.00643],[-44.545955,-23.00325],[-44.54298,-23.0037],[-44.54514,-23.00045],[-44.54283,-23.002135],[-44.54144,-23.00045],[-44.54455,-22.99831],[-44.54137,-22.998645],[-44.54057,-22.995985],[-44.54386,-22.99641],[-44.541525,-22.99319],[-44.54596,-22.99229],[-44.543445,-22.98487],[-44.54564,-22.983535],[-44.54572,-22.978625],[-44.54932,-22.978015],[-44.55044,-22.97284],[-44.554415,-22.975735],[-44.555015,-22.972235],[-44.560565,-22.971805],[-44.55742,-22.963165],[-44.561765,-22.959225],[-44.561675,-22.954435],[-44.565085,-22.95497],[-44.574255,-22.95068],[-44.577025,-22.94641],[-44.58148,-22.947755],[-44.584875,-22.94566],[-44.586765,-22.94733],[-44.594535,-22.947665],[-44.60234,-22.94529],[-44.60777,-22.9427],[-44.6122,-22.93728],[-44.620265,-22.939615],[-44.63024,-22.917085],[-44.633545,-22.914375],[-44.638675,-22.914155]]],[[[-44.687505,-23.129945],[-44.68558,-23.13071],[-44.684145,-23.12854],[-44.687505,-23.129945]]],[[[-44.678205,-23.11423],[-44.67549,-23.114185],[-44.67322,-23.111375],[-44.6771,-23.1109],[-44.678205,-23.11423]]],[[[-44.59585,-23.088665],[-44.592875,-23.08587],[-44.59482,-23.085335],[-44.59585,-23.088665]]],[[[-44.645895,-23.07233],[-44.64446,-23.075045],[-44.641285,-23.0744],[-44.635195,-23.06765],[-44.63971,-23.069875],[-44.642025,-23.0681],[-44.645895,-23.07233]]],[[[-44.63304,-23.06938],[-44.631635,-23.07199],[-44.62955,-23.071025],[-44.63085,-23.067805],[-44.63304,-23.06938]]],[[[-44.62412,-23.058705],[-44.62328,-23.06017],[-44.618785,-23.05806],[-44.6229,-23.056795],[-44.62412,-23.058705]]],[[[-44.62938,-23.06183],[-44.62795,-23.06286],[-44.626045,-23.060835],[-44.62938,-23.06183]]],[[[-44.609045,-23.06154],[-44.608615,-23.06416],[-44.600455,-23.05595],[-44.609045,-23.06154]]],[[[-44.604565,-23.06789],[-44.60246,-23.068885],[-44.60195,-23.06719],[-44.604565,-23.06789]]],[[[-44.564575,-23.064595],[-44.56302,-23.066805],[-44.55892,-23.062725],[-44.557025,-23.06306],[-44.556465,-23.057985],[-44.551865,-23.056565],[-44.55663,-23.055345],[-44.564575,-23.064595]]]]}},{"type":"Feature","properties":{"codarea":"3303856","nome":"Paty do Alferes","nomeNormalizado":"PATY DO ALFERES"},"geometry":{"type":"Polygon","coordinates":[[[-43.491455,-22.42],[-43.43869,-22.445635],[-43.442475,-22.449575],[-43.434715,-22.46045],[-43.43663,-22.46405],[-43.43991,-22.464235],[-43.440785,-22.467395],[-43.436925,-22.474565],[-43.431145,-22.4747],[-43.430525,-22.47623],[-43.4287,-22.475085],[-43.429285,-22.471915],[-43.42008,-22.46879],[-43.404575,-22.4697],[-43.394805,-22.463455],[-43.383455,-22.460775],[-43.37636,-22.45426],[-43.37366,-22.454665],[-43.37424,-22.451715],[-43.37027,-22.451715],[-43.371595,-22.44526],[-43.37609,-22.4451],[-43.3773,-22.442475],[-43.37376,-22.443245],[-43.37134,-22.44067],[-43.374175,-22.434455],[-43.365325,-22.426355],[-43.361365,-22.42569],[-43.36118,-22.419755],[-43.353275,-22.41715],[-43.34432,-22.41799],[-43.33799,-22.414745],[-43.33759,-22.40993],[-43.334495,-22.40836],[-43.336295,-22.40342],[-43.3289,-22.40325],[-43.32651,-22.401315],[-43.326895,-22.39543],[-43.319125,-22.39162],[-43.31605,-22.381315],[-43.305255,-22.377835],[-43.30481,-22.37457],[-43.301515,-22.37353],[-43.299625,-22.3699],[-43.296205,-22.37236],[-43.28867,-22.370735],[-43.325395,-22.27872],[-43.50363,-22.31118],[-43.50723,-22.335345],[-43.503065,-22.343515],[-43.50381,-22.348475],[-43.49979,-22.352115],[-43.498355,-22.365585],[-43.496565,-22.36882],[-43.4877,-22.37356],[-43.48798,-22.37899],[-43.4941,-22.382065],[-43.4943,-22.38444],[-43.501195,-22.38972],[-43.50791,-22.401315],[-43.500935,-22.4089],[-43.49806,-22.41523],[-43.49554,-22.417875],[-43.493075,-22.41707],[-43.491455,-22.42]]]}},{"type":"Feature","properties":{"codarea":"3303203","nome":"Nilópolis","nomeNormalizado":"NILOPOLIS"},"geometry":{"type":"Polygon","coordinates":[[[-43.46922,-22.84041],[-43.45813,-22.849035],[-43.42699,-22.83688],[-43.42409,-22.832465],[-43.4218,-22.832465],[-43.41513,-22.82136],[-43.40763,-22.82114],[-43.390555,-22.81382],[-43.41071,-22.791675],[-43.42832,-22.801515],[-43.442395,-22.815235],[-43.448405,-22.82603],[-43.46922,-22.84041]]]}},{"type":"Feature","properties":{"codarea":"3303005","nome":"Miracema","nomeNormalizado":"MIRACEMA"},"geometry":{"type":"Polygon","coordinates":[[[-42.058065,-21.433805],[-42.05623,-21.4286],[-42.05303,-21.42645],[-42.052185,-21.41947],[-42.04579,-21.415765],[-42.040605,-21.400055],[-42.02997,-21.39072],[-42.032165,-21.38389],[-42.028615,-21.376505],[-42.0397,-21.366055],[-42.033655,-21.347915],[-42.034645,-21.34337],[-42.045145,-21.347545],[-42.04855,-21.353685],[-42.065535,-21.354955],[-42.070545,-21.352255],[-42.072915,-21.355875],[-42.09444,-21.34991],[-42.0966,-21.348105],[-42.093,-21.344785],[-42.098895,-21.33816],[-42.108795,-21.33905],[-42.115955,-21.33581],[-42.120355,-21.33171],[-42.12518,-21.319675],[-42.13211,-21.31788],[-42.129985,-21.311305],[-42.131385,-21.307725],[-42.13855,-21.312825],[-42.14298,-21.3091],[-42.143205,-21.30613],[-42.1479,-21.306185],[-42.150755,-21.310015],[-42.157485,-21.31246],[-42.15833,-21.31697],[-42.1625,-21.318525],[-42.16633,-21.31516],[-42.17357,-21.31371],[-42.175895,-21.3157],[-42.179315,-21.313505],[-42.197135,-21.3153],[-42.204575,-21.326425],[-42.221215,-21.333275],[-42.224235,-21.33781],[-42.233015,-21.34093],[-42.23683,-21.3452],[-42.23523,-21.34875],[-42.229365,-21.3515],[-42.232385,-21.35421],[-42.22976,-21.360215],[-42.23031,-21.367015],[-42.24224,-21.372695],[-42.240735,-21.37752],[-42.25194,-21.38686],[-42.249945,-21.39044],[-42.237275,-21.39282],[-42.23752,-21.40216],[-42.2415,-21.405725],[-42.260075,-21.40973],[-42.266405,-21.40014],[-42.270675,-21.40085],[-42.277965,-21.40912],[-42.275375,-21.42747],[-42.2023,-21.46862],[-42.13735,-21.4711],[-42.13558,-21.469335],[-42.12541,-21.473975],[-42.12097,-21.47234],[-42.112685,-21.463855],[-42.106895,-21.452685],[-42.10044,-21.45121],[-42.093645,-21.45339],[-42.086915,-21.44655],[-42.08229,-21.44808],[-42.08063,-21.45083],[-42.074095,-21.44712],[-42.064375,-21.43538],[-42.058065,-21.433805]]]}},{"type":"Feature","properties":{"codarea":"3303104","nome":"Natividade","nomeNormalizado":"NATIVIDADE"},"geometry":{"type":"Polygon","coordinates":[[[-42.08007,-21.03022],[-42.076755,-21.03356],[-42.067285,-21.033255],[-42.06375,-21.036195],[-42.05618,-21.035585],[-42.053595,-21.03886],[-42.047355,-21.03822],[-42.04805,-21.04319],[-42.04594,-21.04556],[-42.04729,-21.04776],[-42.04276,-21.05658],[-42.042935,-21.06224],[-42.03815,-21.067075],[-42.039755,-21.07504],[-42.02278,-21.073085],[-42.0209,-21.078805],[-42.016205,-21.081835],[-42.019035,-21.083075],[-42.023925,-21.093705],[-42.02398,-21.1012],[-42.029255,-21.102785],[-42.036055,-21.11305],[-42.033055,-21.12476],[-42.027145,-21.13385],[-42.02313,-21.13647],[-42.01542,-21.133175],[-42.01609,-21.12639],[-42.009915,-21.1224],[-41.99672,-21.125635],[-41.978155,-21.12106],[-41.97487,-21.13028],[-41.976645,-21.133715],[-41.964575,-21.13433],[-41.962705,-21.13834],[-41.9566,-21.14162],[-41.95638,-21.1448],[-41.94984,-21.14698],[-41.94361,-21.15195],[-41.929785,-21.156245],[-41.930205,-21.154115],[-41.924755,-21.15143],[-41.926035,-21.146765],[-41.92098,-21.13696],[-41.91335,-21.13663],[-41.919205,-21.13071],[-41.916855,-21.129955],[-41.90932,-21.135105],[-41.907495,-21.134025],[-41.904615,-21.137445],[-41.89967,-21.13552],[-41.896655,-21.125985],[-41.897655,-21.120105],[-41.894295,-21.11703],[-41.877355,-21.11621],[-41.87162,-21.10177],[-41.862855,-21.099765],[-41.86032,-21.09546],[-41.85661,-21.09515],[-41.85318,-21.09171],[-41.846875,-21.09087],[-41.83914,-21.08162],[-41.839165,-21.074765],[-41.842645,-21.073455],[-41.842215,-21.07015],[-41.846485,-21.07073],[-41.84603,-21.067215],[-41.850545,-21.06194],[-41.849165,-21.059505],[-41.837705,-21.05568],[-41.8357,-21.044055],[-41.8299,-21.03542],[-41.82197,-21.029765],[-41.81296,-21.0136],[-41.807315,-21.010505],[-41.80945,-21.00646],[-41.80829,-20.998675],[-41.805585,-20.994925],[-41.80198,-20.994785],[-41.803195,-20.99238],[-41.801035,-20.98711],[-41.81761,-20.97484],[-41.81515,-20.971465],[-41.816315,-20.967005],[-41.811785,-20.968405],[-41.811065,-20.964925],[-41.817285,-20.96283],[-41.823035,-20.952795],[-41.829925,-20.953875],[-41.83136,-20.95139],[-41.83742,-20.957055],[-41.841945,-20.953975],[-41.85052,-20.953705],[-41.854485,-20.95119],[-41.85835,-20.95568],[-41.85719,-20.96173],[-41.860495,-20.970215],[-41.86696,-20.97285],[-41.89441,-20.97329],[-41.89629,-20.96715],[-41.907355,-20.965385],[-41.909945,-20.959455],[-41.91435,-20.95691],[-41.91548,-20.9499],[-41.91813,-20.948245],[-41.91736,-20.94289],[-41.91398,-20.941555],[-41.91107,-20.933775],[-41.91182,-20.928905],[-41.93085,-20.938075],[-41.930855,-20.94349],[-41.935905,-20.945715],[-41.94263,-20.938955],[-41.948265,-20.93864],[-41.95205,-20.95],[-41.95052,-20.954515],[-41.952955,-20.95752],[-41.979465,-20.960205],[-41.97969,-20.95827],[-41.983415,-20.95716],[-41.991125,-20.96002],[-41.992465,-20.964335],[-41.998825,-20.96592],[-41.99851,-20.97033],[-42.001715,-20.973845],[-42.000275,-20.980625],[-42.00293,-20.991075],[-42.00011,-20.99584],[-42.001385,-21.00413],[-41.99979,-21.007765],[-42.0038,-21.013335],[-42.003305,-21.010195],[-42.00626,-21.009325],[-42.00597,-21.012355],[-42.00947,-21.011345],[-42.01338,-21.01572],[-42.01874,-21.013405],[-42.02193,-21.016805],[-42.02615,-21.01565],[-42.042885,-21.020145],[-42.04635,-21.019435],[-42.051635,-21.02368],[-42.062385,-21.021875],[-42.070545,-21.02878],[-42.0752,-21.02359],[-42.08481,-21.02299],[-42.0843,-21.028975],[-42.08007,-21.03022]]]}},{"type":"Feature","properties":{"codarea":"3303401","nome":"Nova Friburgo","nomeNormalizado":"NOVA FRIBURGO"},"geometry":{"type":"Polygon","coordinates":[[[-42.72759,-22.355575],[-42.716075,-22.35706],[-42.715625,-22.359905],[-42.710525,-22.36155],[-42.70827,-22.36534],[-42.711175,-22.371275],[-42.710925,-22.37764],[-42.708445,-22.376495],[-42.707015,-22.37955],[-42.702665,-22.378735],[-42.699745,-22.38098],[-42.699645,-22.38439],[-42.697355,-22.38408],[-42.69355,-22.38909],[-42.68787,-22.38983],[-42.684155,-22.393415],[-42.67466,-22.38894],[-42.66844,-22.38951],[-42.66207,-22.385415],[-42.65905,-22.38583],[-42.65446,-22.387495],[-42.656065,-22.39261],[-42.653435,-22.39262],[-42.65357,-22.395095],[-42.65078,-22.396135],[-42.642025,-22.39476],[-42.641195,-22.392435],[-42.63185,-22.3929],[-42.61616,-22.385445],[-42.61176,-22.38201],[-42.609335,-22.373905],[-42.59495,-22.36775],[-42.587955,-22.356935],[-42.584605,-22.35529],[-42.57305,-22.35949],[-42.564365,-22.359425],[-42.56139,-22.36132],[-42.56278,-22.363865],[-42.55627,-22.369055],[-42.55481,-22.3735],[-42.557705,-22.37771],[-42.552275,-22.378205],[-42.554325,-22.381465],[-42.551075,-22.38653],[-42.558255,-22.40158],[-42.5554,-22.40501],[-42.558895,-22.41176],[-42.554975,-22.413995],[-42.55697,-22.41628],[-42.55623,-22.42397],[-42.55986,-22.427545],[-42.56262,-22.427685],[-42.565045,-22.4337],[-42.57568,-22.4405],[-42.572195,-22.4412],[-42.5712,-22.44896],[-42.561325,-22.44711],[-42.552335,-22.45188],[-42.55057,-22.455755],[-42.536555,-22.457695],[-42.529975,-22.45052],[-42.523555,-22.44691],[-42.51515,-22.43595],[-42.511905,-22.43485],[-42.508035,-22.43675],[-42.499965,-22.43474],[-42.493125,-22.435545],[-42.49031,-22.43888],[-42.481745,-22.441245],[-42.47885,-22.44703],[-42.471235,-22.44925],[-42.46479,-22.446735],[-42.464175,-22.44438],[-42.45559,-22.442535],[-42.45097,-22.43388],[-42.434695,-22.43327],[-42.427375,-22.428545],[-42.417045,-22.426945],[-42.40352,-22.429115],[-42.398295,-22.42398],[-42.390885,-22.42398],[-42.38957,-22.42027],[-42.37118,-22.42537],[-42.36704,-22.418665],[-42.35485,-22.42917],[-42.344725,-22.424575],[-42.34246,-22.42758],[-42.33793,-22.428965],[-42.328635,-22.428475],[-42.32393,-22.42088],[-42.323075,-22.422645],[-42.31751,-22.42239],[-42.31491,-22.42457],[-42.310605,-22.42002],[-42.298515,-22.415495],[-42.297965,-22.41292],[-42.292155,-22.412895],[-42.28953,-22.4076],[-42.277555,-22.401735],[-42.288685,-22.40468],[-42.294175,-22.3923],[-42.280505,-22.38548],[-42.27636,-22.3792],[-42.26815,-22.37524],[-42.26544,-22.37628],[-42.26312,-22.372545],[-42.25947,-22.37227],[-42.257155,-22.366475],[-42.25455,-22.365595],[-42.25106,-22.36754],[-42.249855,-22.36471],[-42.24558,-22.365145],[-42.24027,-22.36148],[-42.222485,-22.35875],[-42.22593,-22.351945],[-42.21845,-22.354565],[-42.217225,-22.360065],[-42.210885,-22.36177],[-42.205325,-22.36913],[-42.208265,-22.360815],[-42.212485,-22.35625],[-42.211605,-22.35064],[-42.21493,-22.346695],[-42.215735,-22.34145],[-42.221705,-22.33925],[-42.22404,-22.33629],[-42.22867,-22.33707],[-42.23055,-22.33377],[-42.233095,-22.333905],[-42.237445,-22.33023],[-42.241845,-22.32959],[-42.24698,-22.325415],[-42.25021,-22.326355],[-42.25583,-22.3215],[-42.261725,-22.320125],[-42.264175,-22.31555],[-42.25819,-22.31111],[-42.25189,-22.30947],[-42.250885,-22.306105],[-42.25683,-22.30298],[-42.26567,-22.307025],[-42.26985,-22.301715],[-42.27378,-22.30173],[-42.276675,-22.29304],[-42.281865,-22.29401],[-42.28754,-22.292165],[-42.295275,-22.295935],[-42.304825,-22.293035],[-42.31869,-22.298595],[-42.334725,-22.299215],[-42.34365,-22.30424],[-42.35196,-22.29935],[-42.35864,-22.301685],[-42.47454,-22.224005],[-42.475055,-22.22208],[-42.471875,-22.220475],[-42.471955,-22.21113],[-42.478945,-22.203825],[-42.48549,-22.200175],[-42.485675,-22.193775],[-42.522115,-22.15995],[-42.52839,-22.15851],[-42.52875,-22.15627],[-42.53649,-22.15748],[-42.54394,-22.154495],[-42.54576,-22.157495],[-42.55013,-22.15737],[-42.557495,-22.16365],[-42.55537,-22.17316],[-42.557615,-22.170955],[-42.56133,-22.17096],[-42.564325,-22.17371],[-42.56369,-22.177935],[-42.566065,-22.17949],[-42.571095,-22.176945],[-42.573855,-22.18121],[-42.58348,-22.17659],[-42.59346,-22.17801],[-42.59395,-22.18187],[-42.59937,-22.182085],[-42.60066,-22.18628],[-42.60399,-22.185335],[-42.605815,-22.193055],[-42.61145,-22.1964],[-42.618775,-22.19211],[-42.62393,-22.19164],[-42.62639,-22.18742],[-42.632465,-22.185445],[-42.63709,-22.187775],[-42.64177,-22.187255],[-42.64183,-22.197115],[-42.63845,-22.201125],[-42.646145,-22.205505],[-42.64273,-22.210045],[-42.650545,-22.21377],[-42.656205,-22.208705],[-42.659395,-22.209885],[-42.660365,-22.212625],[-42.658355,-22.215675],[-42.670965,-22.223085],[-42.67012,-22.225335],[-42.674385,-22.231635],[-42.677585,-22.2426],[-42.68507,-22.245415],[-42.68567,-22.249125],[-42.690145,-22.25352],[-42.69581,-22.253655],[-42.701295,-22.25651],[-42.710015,-22.266505],[-42.71399,-22.26614],[-42.7167,-22.26987],[-42.71799,-22.278575],[-42.71101,-22.28728],[-42.72303,-22.309935],[-42.72221,-22.311775],[-42.726145,-22.31622],[-42.71774,-22.32801],[-42.719175,-22.332135],[-42.725125,-22.33661],[-42.726655,-22.335855],[-42.722395,-22.352325],[-42.72759,-22.355575]]]}},{"type":"Feature","properties":{"codarea":"3303302","nome":"Niterói","nomeNormalizado":"NITEROI"},"geometry":{"type":"MultiPolygon","coordinates":[[[[-43.08887,-22.98802],[-43.085685,-22.98966],[-43.0808,-22.985925],[-43.08887,-22.98802]]],[[[-43.06853,-22.98559],[-43.06287,-22.98412],[-43.062655,-22.98113],[-43.06766,-22.98287],[-43.06853,-22.98559]]],[[[-43.055195,-22.980705],[-43.053295,-22.98014],[-43.053135,-22.977195],[-43.055195,-22.980705]]],[[[-43.105685,-22.95708],[-43.1023,-22.95699],[-43.102095,-22.955315],[-43.105685,-22.95708]]],[[[-43.103445,-22.855885],[-43.107675,-22.860335],[-43.10768,-22.863555],[-43.110235,-22.86243],[-43.109585,-22.86584],[-43.112145,-22.866115],[-43.11171,-22.87751],[-43.113175,-22.87786],[-43.112195,-22.868945],[-43.114575,-22.866985],[-43.11384,-22.86454],[-43.1252,-22.872325],[-43.11642,-22.8753],[-43.11518,-22.877225],[-43.117905,-22.87671],[-43.114445,-22.88131],[-43.1201,-22.883055],[-43.118875,-22.88133],[-43.120885,-22.882025],[-43.11938,-22.880365],[-43.121795,-22.8777],[-43.13178,-22.87746],[-43.13499,-22.88334],[-43.134065,-22.884925],[-43.13122,-22.884405],[-43.128965,-22.89174],[-43.125435,-22.891555],[-43.12457,-22.89457],[-43.13568,-22.89772],[-43.137575,-22.90331],[-43.13042,-22.90852],[-43.13097,-22.91131],[-43.129735,-22.908445],[-43.1255,-22.90808],[-43.124565,-22.90538],[-43.11589,-22.90479],[-43.11041,-22.91108],[-43.11102,-22.91533],[-43.09982,-22.91378],[-43.09578,-22.915545],[-43.09571,-22.925265],[-43.10214,-22.934505],[-43.10841,-22.93557],[-43.10948,-22.933915],[-43.111775,-22.935375],[-43.11421,-22.932005],[-43.11187,-22.929435],[-43.11431,-22.92826],[-43.11671,-22.931055],[-43.11968,-22.92264],[-43.123875,-22.922885],[-43.12273,-22.929685],[-43.127125,-22.9321],[-43.125955,-22.9343],[-43.135235,-22.938185],[-43.129,-22.939155],[-43.117445,-22.936735],[-43.1156,-22.94124],[-43.120455,-22.94342],[-43.120375,-22.94545],[-43.113385,-22.945045],[-43.111135,-22.950075],[-43.11432,-22.95149],[-43.11087,-22.951665],[-43.11043,-22.95365],[-43.10365,-22.954445],[-43.100935,-22.95258],[-43.09824,-22.9536],[-43.09848,-22.955605],[-43.092855,-22.954165],[-43.0773,-22.955955],[-43.0703,-22.95792],[-43.069855,-22.959965],[-43.051945,-22.96363],[-43.045745,-22.972485],[-43.05173,-22.977565],[-43.051715,-22.98182],[-43.045915,-22.98004],[-43.039655,-22.974495],[-43.0381,-22.975965],[-43.030185,-22.9756],[-43.030245,-22.979045],[-43.027845,-22.98089],[-43.024175,-22.9803],[-43.02428,-22.975105],[-43.013755,-22.97678],[-43.02345,-22.971235],[-43.02458,-22.96749],[-43.022025,-22.96484],[-43.02192,-22.960525],[-43.0129,-22.95672],[-43.0124,-22.95144],[-43.00675,-22.949915],[-43.00308,-22.94527],[-42.991875,-22.94038],[-42.990545,-22.93677],[-42.981375,-22.93076],[-42.98296,-22.92689],[-42.97602,-22.92204],[-42.974775,-22.918825],[-42.954515,-22.908865],[-42.952985,-22.90374],[-42.956815,-22.90081],[-42.983845,-22.909215],[-42.98569,-22.907355],[-42.98712,-22.89261],[-42.99072,-22.88819],[-43.00865,-22.891605],[-43.02857,-22.875685],[-43.034615,-22.877255],[-43.041495,-22.87255],[-43.048415,-22.87164],[-43.051515,-22.87325],[-43.067415,-22.869555],[-43.071745,-22.866485],[-43.096095,-22.860605],[-43.103445,-22.855885]]],[[[-43.12506,-22.8746],[-43.12004,-22.87726],[-43.11811,-22.87588],[-43.12506,-22.8746]]],[[[-43.138635,-22.87496],[-43.13736,-22.87608],[-43.1315,-22.87368],[-43.131895,-22.871095],[-43.13439,-22.870795],[-43.132625,-22.86816],[-43.13818,-22.86908],[-43.136635,-22.873855],[-43.138635,-22.87496]]],[[[-43.131385,-22.86589],[-43.12896,-22.866245],[-43.12638,-22.862585],[-43.12855,-22.86174],[-43.131385,-22.86589]]],[[[-43.126625,-22.861755],[-43.11895,-22.86368],[-43.11678,-22.85848],[-43.122955,-22.858725],[-43.126625,-22.861755]]]]}},{"type":"Feature","properties":{"codarea":"3302601","nome":"Mangaratiba","nomeNormalizado":"MANGARATIBA"},"geometry":{"type":"MultiPolygon","coordinates":[[[[-43.96745,-22.943715],[-43.967165,-22.94558],[-43.965565,-22.943515],[-43.96745,-22.943715]]],[[[-43.921065,-22.94217],[-43.920065,-22.94491],[-43.915135,-22.94161],[-43.915205,-22.939435],[-43.921065,-22.94217]]],[[[-43.88246,-22.924845],[-43.88687,-22.931735],[-43.888175,-22.928985],[-43.89267,-22.928245],[-43.893535,-22.93409],[-43.902,-22.930365],[-43.9081,-22.9354],[-43.912325,-22.935115],[-43.910925,-22.941385],[-43.9131,-22.94309],[-43.9088,-22.94447],[-43.905535,-22.948285],[-43.91,-22.95612],[-43.90645,-22.958855],[-43.89689,-22.95861],[-43.892595,-22.956355],[-43.886255,-22.94819],[-43.882225,-22.94874],[-43.88246,-22.924845]]],[[[-43.915385,-22.98095],[-43.913165,-22.983905],[-43.90727,-22.98148],[-43.909095,-22.97946],[-43.915385,-22.98095]]],[[[-43.91225,-22.961055],[-43.91133,-22.962325],[-43.91094,-22.960315],[-43.91225,-22.961055]]],[[[-44.13957,-23.04294],[-44.13614,-23.04365],[-44.136665,-23.040445],[-44.13957,-23.04294]]],[[[-44.162075,-23.04006],[-44.158285,-23.041245],[-44.159025,-23.03679],[-44.162075,-23.04006]]],[[[-44.131005,-23.039065],[-44.12931,-23.0422],[-44.123215,-23.039745],[-44.12904,-23.03599],[-44.131005,-23.039065]]],[[[-43.79314,-23.061455],[-43.817535,-23.06004],[-43.8421,-23.05439],[-43.90069,-23.029625],[-43.91292,-23.020875],[-43.9088,-23.026195],[-43.894385,-23.032995],[-43.88102,-23.042105],[-43.876815,-23.05661],[-43.87836,-23.062615],[-43.882325,-23.066995],[-43.89243,-23.06945],[-43.899465,-23.068795],[-43.9161,-23.059275],[-43.93339,-23.057165],[-43.939555,-23.052445],[-43.94748,-23.05044],[-43.954435,-23.040925],[-43.97372,-23.045505],[-43.98246,-23.05818],[-43.98691,-23.05996],[-43.9887,-23.05726],[-43.99172,-23.05763],[-43.9922,-23.06584],[-44.00196,-23.07383],[-44.00672,-23.072055],[-44.012045,-23.07974],[-44.00756,-23.082965],[-44.009145,-23.08581],[-44.00798,-23.093985],[-44.005305,-23.09498],[-44.006465,-23.096475],[-43.99845,-23.09638],[-43.996155,-23.10117],[-43.987995,-23.1024],[-43.973215,-23.093825],[-43.97099,-23.094355],[-43.969555,-23.09116],[-43.954295,-23.086955],[-43.882095,-23.074745],[-43.847055,-23.071775],[-43.792995,-23.06394],[-43.79314,-23.061455]]],[[[-43.95492,-23.02345],[-43.95368,-23.025855],[-43.95099,-23.025525],[-43.95326,-23.02245],[-43.95492,-23.02345]]],[[[-43.94809,-23.023965],[-43.944955,-23.024225],[-43.94403,-23.02008],[-43.94809,-23.023965]]],[[[-43.954815,-23.002385],[-43.95335,-23.00374],[-43.951995,-23.00094],[-43.954815,-23.002385]]],[[[-43.955055,-23.005895],[-43.953405,-23.00594],[-43.95255,-23.0099],[-43.94913,-23.00601],[-43.952855,-23.00461],[-43.955055,-23.005895]]],[[[-44.053265,-23.006535],[-44.047155,-23.01151],[-44.04165,-23.006385],[-44.041805,-23.010455],[-44.037785,-23.01157],[-44.029695,-23.00734],[-44.02968,-22.996025],[-44.030375,-23.00007],[-44.03366,-22.999825],[-44.0346,-22.996245],[-44.03979,-23.00018],[-44.04695,-23.00217],[-44.05017,-23.001095],[-44.053265,-23.006535]]],[[[-43.937995,-23.00357],[-43.937625,-23.00741],[-43.933625,-23.01021],[-43.934595,-23.015235],[-43.93041,-23.011715],[-43.931235,-23.00765],[-43.92676,-23.00444],[-43.92499,-22.99982],[-43.917185,-22.99452],[-43.917495,-22.988625],[-43.923035,-22.991495],[-43.927995,-22.98914],[-43.93195,-22.9969],[-43.9374,-22.99868],[-43.937995,-23.00357]]],[[[-44.044905,-22.988605],[-44.041295,-22.99076],[-44.04016,-22.98907],[-44.042505,-22.986515],[-44.044905,-22.988605]]],[[[-43.91356,-22.99506],[-43.91007,-22.995015],[-43.90786,-22.98991],[-43.91356,-22.99506]]],[[[-43.923285,-22.987555],[-43.91865,-22.985955],[-43.92188,-22.985385],[-43.923285,-22.987555]]],[[[-44.16566,-23.033935],[-44.160225,-23.031785],[-44.15474,-23.03547],[-44.15738,-23.034915],[-44.154355,-23.03617],[-44.152605,-23.04102],[-44.15034,-23.036035],[-44.1298,-23.032485],[-44.1244,-23.026305],[-44.113345,-23.023205],[-44.107725,-23.015425],[-44.104745,-23.014605],[-44.10393,-23.01043],[-44.099525,-23.0092],[-44.09594,-23.00486],[-44.0961,-22.99561],[-44.08798,-22.99256],[-44.08258,-22.99299],[-44.08123,-22.984575],[-44.077625,-22.978805],[-44.078545,-22.9763],[-44.07565,-22.97298],[-44.076045,-22.9691],[-44.079435,-22.96892],[-44.081575,-22.965125],[-44.07932,-22.9567],[-44.07427,-22.95205],[-44.062505,-22.949565],[-44.06105,-22.946155],[-44.054335,-22.944635],[-44.053775,-22.942295],[-44.047315,-22.94198],[-44.03983,-22.95079],[-44.04591,-22.95658],[-44.041985,-22.96337],[-44.047515,-22.97082],[-44.052685,-22.973065],[-44.05592,-22.98083],[-44.04294,-22.98453],[-44.03263,-22.98106],[-44.03278,-22.971135],[-44.030525,-22.96427],[-44.021335,-22.96265],[-44.02092,-22.96113],[-44.023475,-22.96041],[-44.022825,-22.956295],[-44.018005,-22.95211],[-44.01299,-22.95137],[-44.010885,-22.94807],[-44.012285,-22.945925],[-44.005855,-22.942135],[-43.99091,-22.94027],[-43.988905,-22.935575],[-43.977,-22.93142],[-43.96489,-22.93444],[-43.950915,-22.926955],[-43.939985,-22.93045],[-43.93241,-22.92891],[-43.91027,-22.93101],[-43.894345,-22.922655],[-43.88302,-22.921505],[-43.88064,-22.915775],[-43.885645,-22.885585],[-43.88732,-22.88413],[-43.89302,-22.88181],[-43.90584,-22.88619],[-43.913255,-22.88454],[-43.92247,-22.890435],[-43.92197,-22.89414],[-43.92793,-22.89447],[-43.936055,-22.89218],[-43.93897,-22.88119],[-43.94227,-22.884675],[-43.95353,-22.88766],[-43.967165,-22.884925],[-43.96842,-22.881105],[-43.973955,-22.876185],[-43.97346,-22.87182],[-43.98041,-22.865955],[-43.97418,-22.854525],[-43.981025,-22.8479],[-43.98368,-22.84917],[-43.99106,-22.846775],[-43.99023,-22.84235],[-43.99909,-22.84508],[-44.003785,-22.85904],[-44.007115,-22.85934],[-44.01409,-22.864535],[-44.018265,-22.870675],[-44.026325,-22.87348],[-44.027715,-22.875905],[-44.04158,-22.883235],[-44.04526,-22.882985],[-44.051515,-22.877705],[-44.064185,-22.88061],[-44.071305,-22.878165],[-44.07921,-22.87937],[-44.08847,-22.883645],[-44.10237,-22.87268],[-44.104275,-22.868945],[-44.11194,-22.864595],[-44.111865,-22.859085],[-44.119135,-22.862735],[-44.118815,-22.867335],[-44.124705,-22.874995],[-44.1432,-22.88301],[-44.14422,-22.88705],[-44.152015,-22.89363],[-44.155125,-22.902165],[-44.165475,-22.90404],[-44.169845,-22.912675],[-44.174135,-22.91569],[-44.17241,-22.91915],[-44.1746,-22.92771],[-44.17812,-22.928065],[-44.182405,-22.925475],[-44.19259,-22.928915],[-44.18743,-22.94068],[-44.187655,-22.95183],[-44.178195,-22.973005],[-44.17886,-22.9805],[-44.172425,-22.984165],[-44.1677,-23.003355],[-44.16324,-23.00828],[-44.163215,-23.011905],[-44.16618,-23.01525],[-44.16566,-23.033935]]]]}},{"type":"Feature","properties":{"codarea":"3302700","nome":"Maricá","nomeNormalizado":"MARICA"},"geometry":{"type":"MultiPolygon","coordinates":[[[[-42.92407,-23.018445],[-42.91957,-23.01665],[-42.91321,-23.007745],[-42.920905,-23.012875],[-42.92407,-23.018445]]],[[[-43.013755,-22.97678],[-43.01332,-22.971445],[-43.004685,-22.96972],[-42.966835,-22.970005],[-42.915665,-22.97487],[-42.87071,-22.96565],[-42.727455,-22.95618],[-42.70021,-22.95693],[-42.68996,-22.962105],[-42.682655,-22.957565],[-42.6825,-22.949385],[-42.68048,-22.94616],[-42.6694,-22.94234],[-42.64121,-22.93754],[-42.63419,-22.919735],[-42.63807,-22.91787],[-42.646585,-22.907865],[-42.655215,-22.90385],[-42.670235,-22.91103],[-42.67963,-22.908795],[-42.673885,-22.90365],[-42.678955,-22.896135],[-42.67639,-22.88803],[-42.67719,-22.877725],[-42.66187,-22.863455],[-42.65994,-22.85901],[-42.677715,-22.854275],[-42.696405,-22.85726],[-42.69972,-22.854155],[-42.70028,-22.85015],[-42.71625,-22.85368],[-42.72436,-22.847905],[-42.72945,-22.84081],[-42.733565,-22.840775],[-42.735625,-22.84477],[-42.744275,-22.84711],[-42.748895,-22.85209],[-42.75648,-22.85038],[-42.761165,-22.844255],[-42.76729,-22.84267],[-42.781265,-22.848825],[-42.794625,-22.849005],[-42.800195,-22.853715],[-42.81527,-22.858925],[-42.8243,-22.85902],[-42.829325,-22.863045],[-42.829855,-22.86807],[-42.835805,-22.870615],[-42.84712,-22.87279],[-42.853555,-22.871255],[-42.857395,-22.877105],[-42.861445,-22.87663],[-42.86403,-22.872205],[-42.868305,-22.87206],[-42.87133,-22.86875],[-42.87864,-22.87036],[-42.88595,-22.867635],[-42.895075,-22.871125],[-42.900955,-22.87757],[-42.90557,-22.879375],[-42.90875,-22.878025],[-42.926855,-22.882145],[-42.93771,-22.888255],[-42.95597,-22.893805],[-42.954465,-22.90093],[-42.956815,-22.90081],[-42.952985,-22.90374],[-42.954515,-22.908865],[-42.974775,-22.918825],[-42.97602,-22.92204],[-42.98296,-22.92689],[-42.981375,-22.93076],[-42.990545,-22.93677],[-42.991875,-22.94038],[-43.00308,-22.94527],[-43.00675,-22.949915],[-43.0124,-22.95144],[-43.0129,-22.95672],[-43.02192,-22.960525],[-43.022025,-22.96484],[-43.02458,-22.96749],[-43.02345,-22.971235],[-43.013755,-22.97678]]]]}},{"type":"Feature","properties":{"codarea":"3302502","nome":"Magé","nomeNormalizado":"MAGE"},"geometry":{"type":"Polygon","coordinates":[[[-43.214565,-22.727745],[-43.211305,-22.72603],[-43.20368,-22.72676],[-43.19474,-22.72204],[-43.184715,-22.72169],[-43.166705,-22.71411],[-43.164925,-22.711355],[-43.15487,-22.70843],[-43.142475,-22.708385],[-43.1363,-22.710945],[-43.133935,-22.71504],[-43.127735,-22.71502],[-43.11735,-22.706855],[-43.11761,-22.698685],[-43.11574,-22.696375],[-43.11104,-22.69341],[-43.106835,-22.695365],[-43.10592,-22.688935],[-43.100415,-22.68596],[-43.0927,-22.686295],[-43.09311,-22.68457],[-43.084565,-22.67966],[-43.086005,-22.678125],[-43.08464,-22.67696],[-43.06843,-22.68481],[-43.066355,-22.686755],[-43.06706,-22.68882],[-43.05469,-22.68471],[-43.05548,-22.68773],[-43.053095,-22.68619],[-43.053845,-22.689475],[-43.05135,-22.692735],[-43.03891,-22.692615],[-43.036505,-22.679485],[-43.030015,-22.672095],[-43.02765,-22.66582],[-43.02253,-22.66529],[-43.02077,-22.64985],[-43.01207,-22.635095],[-43.009645,-22.636055],[-43.015335,-22.560105],[-43.01594,-22.552055],[-43.017865,-22.52631],[-43.02186,-22.527685],[-43.023755,-22.5229],[-43.021705,-22.516915],[-43.0286,-22.51248],[-43.02718,-22.500435],[-43.035685,-22.49318],[-43.04467,-22.49159],[-43.046755,-22.48856],[-43.05298,-22.48749],[-43.05533,-22.489265],[-43.06227,-22.484625],[-43.079675,-22.48741],[-43.081095,-22.489565],[-43.074525,-22.492465],[-43.07063,-22.500535],[-43.076325,-22.51098],[-43.087045,-22.51715],[-43.08946,-22.52104],[-43.095985,-22.522895],[-43.108045,-22.533745],[-43.110705,-22.53485],[-43.117935,-22.530655],[-43.1228,-22.53101],[-43.12639,-22.534395],[-43.131275,-22.53379],[-43.14892,-22.539695],[-43.162045,-22.547155],[-43.18261,-22.55322],[-43.19815,-22.553135],[-43.22501,-22.563635],[-43.198445,-22.614995],[-43.198125,-22.620035],[-43.194195,-22.62346],[-43.19477,-22.62961],[-43.210635,-22.642625],[-43.217445,-22.652525],[-43.219225,-22.66785],[-43.224845,-22.67483],[-43.21857,-22.681655],[-43.21802,-22.688865],[-43.215345,-22.69087],[-43.21778,-22.695915],[-43.21486,-22.703005],[-43.221665,-22.712625],[-43.221625,-22.724455],[-43.214565,-22.727745]]]}},{"type":"Feature","properties":{"codarea":"3302908","nome":"Miguel Pereira","nomeNormalizado":"MIGUEL PEREIRA"},"geometry":{"type":"Polygon","coordinates":[[[-43.660575,-22.61965],[-43.62273,-22.64222],[-43.628825,-22.625725],[-43.62173,-22.6166],[-43.61182,-22.60768],[-43.603445,-22.604945],[-43.60218,-22.59953],[-43.58926,-22.59317],[-43.583725,-22.587155],[-43.585295,-22.58268],[-43.58058,-22.578975],[-43.564535,-22.57666],[-43.563405,-22.580265],[-43.560515,-22.57928],[-43.558795,-22.572775],[-43.560895,-22.5708],[-43.55998,-22.567145],[-43.55618,-22.56741],[-43.550535,-22.57344],[-43.54289,-22.569215],[-43.541495,-22.56517],[-43.536565,-22.569765],[-43.533585,-22.565685],[-43.530005,-22.565935],[-43.526315,-22.569145],[-43.521905,-22.56711],[-43.51824,-22.571115],[-43.5156,-22.56965],[-43.51005,-22.57183],[-43.506945,-22.56576],[-43.500745,-22.56384],[-43.5011,-22.561555],[-43.4978,-22.559185],[-43.49832,-22.554395],[-43.491935,-22.55176],[-43.49125,-22.548495],[-43.486575,-22.549065],[-43.484485,-22.54579],[-43.47421,-22.540935],[-43.469245,-22.53616],[-43.46247,-22.53822],[-43.457445,-22.531995],[-43.44579,-22.52601],[-43.44068,-22.530665],[-43.4352,-22.5298],[-43.431115,-22.533215],[-43.423835,-22.53378],[-43.423225,-22.536365],[-43.419505,-22.53805],[-43.409885,-22.5318],[-43.40564,-22.534605],[-43.40143,-22.533405],[-43.395875,-22.53114],[-43.38913,-22.5323],[-43.384665,-22.530475],[-43.374965,-22.520635],[-43.367385,-22.52683],[-43.360405,-22.52584],[-43.356275,-22.52218],[-43.331965,-22.51922],[-43.33013,-22.516745],[-43.332185,-22.51252],[-43.32816,-22.510915],[-43.31716,-22.497045],[-43.31263,-22.49534],[-43.30049,-22.483565],[-43.296375,-22.475715],[-43.30192,-22.47389],[-43.30019,-22.46913],[-43.297415,-22.464295],[-43.292895,-22.465525],[-43.288635,-22.462725],[-43.28849,-22.46019],[-43.289795,-22.457785],[-43.294735,-22.457745],[-43.297975,-22.45538],[-43.298665,-22.451105],[-43.305375,-22.456705],[-43.30622,-22.45507],[-43.30875,-22.45614],[-43.31321,-22.454515],[-43.320345,-22.459005],[-43.326005,-22.458125],[-43.33046,-22.45336],[-43.335945,-22.454505],[-43.345345,-22.45078],[-43.34902,-22.452565],[-43.352055,-22.448465],[-43.36416,-22.45043],[-43.365735,-22.4537],[-43.37027,-22.451715],[-43.37424,-22.451715],[-43.37366,-22.454665],[-43.37636,-22.45426],[-43.383455,-22.460775],[-43.394805,-22.463455],[-43.404575,-22.4697],[-43.42008,-22.46879],[-43.429285,-22.471915],[-43.4287,-22.475085],[-43.430525,-22.47623],[-43.431145,-22.4747],[-43.436925,-22.474565],[-43.440785,-22.467395],[-43.43991,-22.464235],[-43.43663,-22.46405],[-43.434715,-22.46045],[-43.442475,-22.449575],[-43.43869,-22.445635],[-43.491455,-22.42],[-43.508325,-22.426615],[-43.507855,-22.43008],[-43.50331,-22.431655],[-43.517155,-22.447365],[-43.52376,-22.44288],[-43.53149,-22.442405],[-43.53214,-22.446775],[-43.5397,-22.451075],[-43.55481,-22.52648],[-43.56182,-22.50006],[-43.597445,-22.568075],[-43.61786,-22.588565],[-43.660575,-22.61965]]]}},{"type":"Feature","properties":{"codarea":"3302858","nome":"Mesquita","nomeNormalizado":"MESQUITA"},"geometry":{"type":"Polygon","coordinates":[[[-43.46922,-22.84041],[-43.448405,-22.82603],[-43.442395,-22.815235],[-43.42832,-22.801515],[-43.41071,-22.791675],[-43.39714,-22.777595],[-43.410745,-22.76807],[-43.418975,-22.76842],[-43.42294,-22.76434],[-43.42766,-22.767395],[-43.43226,-22.765975],[-43.44231,-22.773645],[-43.46194,-22.781835],[-43.462605,-22.783685],[-43.46865,-22.782475],[-43.471725,-22.78807],[-43.502395,-22.79335],[-43.50195,-22.79561],[-43.49197,-22.80158],[-43.49632,-22.81384],[-43.49006,-22.815515],[-43.48242,-22.83043],[-43.46922,-22.84041]]]}},{"type":"Feature","properties":{"codarea":"3302809","nome":"Mendes","nomeNormalizado":"MENDES"},"geometry":{"type":"Polygon","coordinates":[[[-43.71151,-22.549535],[-43.703955,-22.546255],[-43.701785,-22.542985],[-43.7025,-22.53866],[-43.700165,-22.537295],[-43.688435,-22.463045],[-43.694935,-22.45964],[-43.69837,-22.46067],[-43.700045,-22.459315],[-43.70375,-22.46],[-43.706985,-22.46343],[-43.71513,-22.455035],[-43.72926,-22.477735],[-43.736855,-22.483855],[-43.74107,-22.482385],[-43.74532,-22.47332],[-43.749545,-22.471485],[-43.751695,-22.46589],[-43.749035,-22.463285],[-43.754765,-22.459905],[-43.765775,-22.458795],[-43.76992,-22.51796],[-43.77773,-22.53119],[-43.789045,-22.53444],[-43.797625,-22.55188],[-43.79339,-22.54884],[-43.79025,-22.5522],[-43.788145,-22.550625],[-43.78292,-22.563935],[-43.776265,-22.566975],[-43.779,-22.57268],[-43.776855,-22.57523],[-43.77886,-22.580715],[-43.773965,-22.587275],[-43.77123,-22.588045],[-43.776295,-22.59697],[-43.77217,-22.605945],[-43.77065,-22.60592],[-43.770235,-22.602205],[-43.772605,-22.59968],[-43.77147,-22.595525],[-43.76705,-22.59494],[-43.75421,-22.583905],[-43.74382,-22.5784],[-43.74416,-22.5767],[-43.740035,-22.57583],[-43.738845,-22.572255],[-43.73608,-22.571795],[-43.73532,-22.56883],[-43.728685,-22.563575],[-43.72346,-22.564375],[-43.724615,-22.55718],[-43.71151,-22.549535]]]}},{"type":"Feature","properties":{"codarea":"3302106","nome":"Itaocara","nomeNormalizado":"ITAOCARA"},"geometry":{"type":"Polygon","coordinates":[[[-42.16725,-21.858695],[-42.16144,-21.859175],[-42.16165,-21.86053],[-42.158315,-21.858825],[-42.15917,-21.86035],[-42.15221,-21.858995],[-42.150505,-21.86101],[-42.14907,-21.8592],[-42.146505,-21.860695],[-42.145015,-21.856085],[-42.14222,-21.85872],[-42.13789,-21.85266],[-42.14218,-21.85126],[-42.141555,-21.849705],[-42.144305,-21.84781],[-42.14283,-21.84552],[-42.14586,-21.842025],[-42.14229,-21.842895],[-42.14161,-21.83986],[-42.138675,-21.839745],[-42.13727,-21.836735],[-42.132525,-21.839445],[-42.13233,-21.844335],[-42.128055,-21.842515],[-42.125225,-21.84626],[-42.123605,-21.84552],[-42.122865,-21.84992],[-42.120415,-21.850325],[-42.12026,-21.84781],[-42.11704,-21.84646],[-42.119075,-21.84194],[-42.118445,-21.838015],[-42.11633,-21.837145],[-42.12069,-21.836375],[-42.123045,-21.829845],[-42.12695,-21.829865],[-42.125415,-21.823915],[-42.120175,-21.822545],[-42.118925,-21.827235],[-42.117995,-21.824555],[-42.11327,-21.82546],[-42.110785,-21.822575],[-42.111515,-21.820615],[-42.106735,-21.817425],[-42.10742,-21.81436],[-42.103315,-21.814],[-42.104955,-21.811945],[-42.1031,-21.80948],[-42.09857,-21.809435],[-42.0996,-21.811015],[-42.096325,-21.81389],[-42.09219,-21.8133],[-42.09202,-21.809655],[-42.087715,-21.806805],[-42.090685,-21.804425],[-42.08938,-21.80137],[-42.08753,-21.80381],[-42.085455,-21.801445],[-42.076395,-21.801175],[-42.071485,-21.79653],[-42.06854,-21.79763],[-42.069855,-21.79939],[-42.068475,-21.80066],[-42.066525,-21.79897],[-42.06303,-21.802145],[-42.058315,-21.801045],[-42.061475,-21.799105],[-42.063235,-21.790545],[-42.06039,-21.791665],[-42.06091,-21.789445],[-42.055775,-21.785785],[-42.05566,-21.78181],[-42.05106,-21.778595],[-42.047525,-21.778645],[-42.044895,-21.78393],[-42.04255,-21.783955],[-42.044085,-21.7825],[-42.043185,-21.779205],[-42.03795,-21.775825],[-42.04,-21.77529],[-42.040055,-21.77292],[-42.03148,-21.765875],[-42.03091,-21.76765],[-42.02843,-21.76641],[-42.029,-21.76879],[-42.02481,-21.7662],[-42.02091,-21.77024],[-42.01365,-21.772155],[-42.013615,-21.76565],[-42.01967,-21.762785],[-42.022755,-21.75563],[-42.021405,-21.751905],[-42.013785,-21.750515],[-42.011605,-21.74488],[-42.004695,-21.746915],[-42.00434,-21.74259],[-42.00239,-21.741205],[-42.000115,-21.74239],[-42.00141,-21.739775],[-41.99955,-21.740865],[-41.99978,-21.739065],[-41.995715,-21.737515],[-41.99202,-21.739105],[-41.99181,-21.736805],[-41.987655,-21.73628],[-41.98499,-21.732885],[-41.98141,-21.733245],[-41.980785,-21.73839],[-41.977495,-21.739485],[-41.97537,-21.73788],[-41.97616,-21.73427],[-41.9711,-21.73427],[-41.96891,-21.73216],[-41.963365,-21.73369],[-41.961375,-21.731085],[-41.95529,-21.731315],[-41.952975,-21.728495],[-41.94863,-21.73046],[-41.942235,-21.739465],[-41.939795,-21.738995],[-41.939825,-21.74141],[-41.9371,-21.74122],[-41.93674,-21.596755],[-41.96132,-21.613375],[-41.972815,-21.618735],[-41.98189,-21.62679],[-42.009325,-21.639905],[-42.015275,-21.63742],[-42.01739,-21.630795],[-42.02206,-21.628555],[-42.05685,-21.63682],[-42.062625,-21.6409],[-42.063465,-21.64563],[-42.07086,-21.65134],[-42.06689,-21.6533],[-42.068775,-21.65531],[-42.107925,-21.68124],[-42.11661,-21.689735],[-42.11817,-21.69758],[-42.13197,-21.70429],[-42.137955,-21.70479],[-42.150605,-21.69158],[-42.157895,-21.692625],[-42.165475,-21.69093],[-42.169045,-21.68715],[-42.175135,-21.68788],[-42.17831,-21.68639],[-42.17906,-21.682715],[-42.18442,-21.681475],[-42.19083,-21.68464],[-42.1992,-21.685275],[-42.207145,-21.69013],[-42.21582,-21.689775],[-42.226905,-21.69643],[-42.23708,-21.69721],[-42.2069,-21.783775],[-42.16725,-21.858695]]]}},{"type":"Feature","properties":{"codarea":"3302205","nome":"Itaperuna","nomeNormalizado":"ITAPERUNA"},"geometry":{"type":"Polygon","coordinates":[[[-41.781185,-21.4005],[-41.77817,-21.398675],[-41.778885,-21.400385],[-41.776705,-21.40158],[-41.77332,-21.39837],[-41.769115,-21.39902],[-41.76685,-21.395325],[-41.762425,-21.39421],[-41.76074,-21.389925],[-41.754435,-21.38809],[-41.75073,-21.38378],[-41.74842,-21.38459],[-41.737415,-21.379465],[-41.7324,-21.372065],[-41.72134,-21.367175],[-41.7126,-21.371815],[-41.708165,-21.3708],[-41.703675,-21.373455],[-41.703145,-21.367615],[-41.699825,-21.361795],[-41.69304,-21.360365],[-41.690655,-21.355505],[-41.674115,-21.34657],[-41.66797,-21.34581],[-41.650285,-21.358195],[-41.647245,-21.356825],[-41.65046,-21.35265],[-41.64802,-21.346545],[-41.642565,-21.351065],[-41.637305,-21.35271],[-41.633965,-21.350575],[-41.62925,-21.35604],[-41.621365,-21.357875],[-41.622395,-21.355075],[-41.61953,-21.34987],[-41.61996,-21.34607],[-41.62353,-21.341065],[-41.617045,-21.340085],[-41.615655,-21.336405],[-41.610565,-21.335755],[-41.60993,-21.331875],[-41.606775,-21.33003],[-41.60314,-21.330505],[-41.58903,-21.3261],[-41.58507,-21.317385],[-41.5909,-21.310605],[-41.58813,-21.30341],[-41.60136,-21.296975],[-41.600885,-21.294515],[-41.605745,-21.292445],[-41.605515,-21.28862],[-41.60929,-21.284065],[-41.606675,-21.28083],[-41.60855,-21.277475],[-41.61534,-21.275315],[-41.619445,-21.27626],[-41.61991,-21.26887],[-41.624205,-21.26484],[-41.63793,-21.26112],[-41.629575,-21.25462],[-41.63569,-21.251395],[-41.63949,-21.24547],[-41.645545,-21.247235],[-41.65495,-21.243815],[-41.660895,-21.245095],[-41.6736,-21.249915],[-41.682125,-21.257175],[-41.68822,-21.24546],[-41.69914,-21.23801],[-41.701195,-21.22575],[-41.70352,-21.22504],[-41.705595,-21.219725],[-41.714595,-21.22031],[-41.720285,-21.22454],[-41.72247,-21.222025],[-41.72767,-21.221185],[-41.72512,-21.212625],[-41.718665,-21.204255],[-41.717295,-21.19614],[-41.72155,-21.18809],[-41.719915,-21.18297],[-41.727435,-21.18056],[-41.725795,-21.17831],[-41.728345,-21.175065],[-41.726145,-21.170715],[-41.73149,-21.1681],[-41.74628,-21.169385],[-41.756035,-21.17659],[-41.763935,-21.17621],[-41.76385,-21.170685],[-41.76629,-21.16777],[-41.764685,-21.16471],[-41.76692,-21.16166],[-41.7636,-21.154855],[-41.76705,-21.150575],[-41.775055,-21.14784],[-41.786855,-21.148615],[-41.794875,-21.14415],[-41.804245,-21.14278],[-41.802435,-21.1407],[-41.803515,-21.13685],[-41.79967,-21.13271],[-41.798805,-21.12127],[-41.805915,-21.11765],[-41.818645,-21.124385],[-41.82035,-21.1223],[-41.829865,-21.1219],[-41.829155,-21.11827],[-41.825065,-21.11654],[-41.823475,-21.11083],[-41.817935,-21.1085],[-41.81611,-21.103865],[-41.82512,-21.10084],[-41.829605,-21.094235],[-41.830995,-21.08801],[-41.83914,-21.08162],[-41.846875,-21.09087],[-41.85318,-21.09171],[-41.85661,-21.09515],[-41.86032,-21.09546],[-41.862855,-21.099765],[-41.87162,-21.10177],[-41.877355,-21.11621],[-41.894295,-21.11703],[-41.897655,-21.120105],[-41.896655,-21.125985],[-41.89967,-21.13552],[-41.904615,-21.137445],[-41.907495,-21.134025],[-41.90932,-21.135105],[-41.916855,-21.129955],[-41.919205,-21.13071],[-41.91335,-21.13663],[-41.92098,-21.13696],[-41.926035,-21.146765],[-41.924755,-21.15143],[-41.930205,-21.154115],[-41.929785,-21.156245],[-41.94361,-21.15195],[-41.94984,-21.14698],[-41.95638,-21.1448],[-41.9566,-21.14162],[-41.962705,-21.13834],[-41.964575,-21.13433],[-41.976645,-21.133715],[-41.97487,-21.13028],[-41.978155,-21.12106],[-41.99672,-21.125635],[-42.009915,-21.1224],[-42.01609,-21.12639],[-42.01542,-21.133175],[-42.02313,-21.13647],[-42.027145,-21.13385],[-42.033055,-21.12476],[-42.036055,-21.11305],[-42.029255,-21.102785],[-42.02398,-21.1012],[-42.023925,-21.093705],[-42.019035,-21.083075],[-42.016205,-21.081835],[-42.0209,-21.078805],[-42.02278,-21.073085],[-42.039755,-21.07504],[-42.03815,-21.067075],[-42.042935,-21.06224],[-42.04276,-21.05658],[-42.04729,-21.04776],[-42.04594,-21.04556],[-42.04805,-21.04319],[-42.047355,-21.03822],[-42.053595,-21.03886],[-42.05618,-21.035585],[-42.06375,-21.036195],[-42.067285,-21.033255],[-42.076755,-21.03356],[-42.08007,-21.03022],[-42.080375,-21.03592],[-42.091975,-21.03508],[-42.09333,-21.0395],[-42.101065,-21.034175],[-42.09856,-21.03975],[-42.1036,-21.0454],[-42.101505,-21.048715],[-42.10468,-21.055095],[-42.110955,-21.059015],[-42.11425,-21.06471],[-42.120175,-21.06795],[-42.11847,-21.0736],[-42.1201,-21.077215],[-42.13331,-21.080705],[-42.1314,-21.087085],[-42.135345,-21.091015],[-42.140215,-21.10347],[-42.151305,-21.1041],[-42.160545,-21.100195],[-42.164025,-21.10106],[-42.17066,-21.11461],[-42.168925,-21.116855],[-42.17092,-21.119495],[-42.170195,-21.122125],[-42.17282,-21.12413],[-42.17065,-21.128645],[-42.1778,-21.133675],[-42.181825,-21.1434],[-42.19157,-21.14712],[-42.19532,-21.16026],[-42.19276,-21.15808],[-42.18727,-21.161895],[-42.191125,-21.16533],[-42.185865,-21.171],[-42.186,-21.175225],[-42.175395,-21.178515],[-42.17201,-21.175695],[-42.173325,-21.165325],[-42.16998,-21.159165],[-42.162115,-21.15816],[-42.159595,-21.15975],[-42.165135,-21.160565],[-42.16729,-21.166325],[-42.16295,-21.167615],[-42.16543,-21.17461],[-42.14946,-21.160735],[-42.135975,-21.166555],[-42.130645,-21.164075],[-42.12225,-21.167445],[-42.12252,-21.172305],[-42.12588,-21.16988],[-42.13034,-21.17037],[-42.128465,-21.174885],[-42.13287,-21.17715],[-42.133675,-21.181395],[-42.120265,-21.195515],[-42.11968,-21.19908],[-42.12612,-21.199205],[-42.125,-21.203675],[-42.112015,-21.21435],[-42.107275,-21.21353],[-42.105495,-21.210115],[-42.11129,-21.206945],[-42.111235,-21.203575],[-42.10938,-21.199535],[-42.105035,-21.19936],[-42.101935,-21.18377],[-42.09637,-21.187035],[-42.093065,-21.192115],[-42.08949,-21.192335],[-42.086835,-21.19506],[-42.080245,-21.177305],[-42.07549,-21.177465],[-42.07305,-21.17963],[-42.05087,-21.17926],[-42.047235,-21.18098],[-42.05311,-21.192615],[-42.05082,-21.195945],[-42.042425,-21.192685],[-42.042135,-21.19802],[-42.038105,-21.20016],[-42.03685,-21.209375],[-42.03249,-21.21154],[-42.031995,-21.21427],[-42.03721,-21.217575],[-42.044555,-21.21855],[-42.04533,-21.22281],[-42.054165,-21.226455],[-42.054645,-21.234195],[-42.05185,-21.23612],[-42.035185,-21.238305],[-42.02973,-21.24168],[-42.02989,-21.245425],[-42.04824,-21.25489],[-42.055975,-21.25358],[-42.056705,-21.25989],[-42.061345,-21.26721],[-42.07031,-21.265915],[-42.08021,-21.27438],[-42.076255,-21.279455],[-42.07653,-21.28615],[-42.0796,-21.292435],[-42.07912,-21.299875],[-42.08668,-21.303525],[-42.08883,-21.30717],[-42.08684,-21.308985],[-42.079935,-21.30919],[-42.07447,-21.31507],[-42.076195,-21.31856],[-42.074865,-21.31967],[-42.076835,-21.325315],[-42.08277,-21.323495],[-42.086445,-21.32758],[-42.08354,-21.331465],[-42.08522,-21.337295],[-42.0885,-21.337105],[-42.089675,-21.34384],[-42.093,-21.344785],[-42.0966,-21.348105],[-42.09444,-21.34991],[-42.072915,-21.355875],[-42.070545,-21.352255],[-42.065535,-21.354955],[-42.04855,-21.353685],[-42.045145,-21.347545],[-42.034645,-21.34337],[-42.02848,-21.3332],[-42.020995,-21.32868],[-42.00776,-21.330755],[-42.003575,-21.32765],[-41.99861,-21.328455],[-41.9933,-21.322035],[-41.9879,-21.32285],[-41.98609,-21.32008],[-41.987995,-21.314765],[-41.98503,-21.31291],[-41.978645,-21.315365],[-41.974405,-21.31049],[-41.963805,-21.310665],[-41.9614,-21.308155],[-41.95986,-21.31292],[-41.956395,-21.31424],[-41.94075,-21.30921],[-41.932275,-21.312655],[-41.917735,-21.295175],[-41.90896,-21.29826],[-41.905935,-21.29745],[-41.90333,-21.30294],[-41.90002,-21.30372],[-41.896545,-21.303265],[-41.89106,-21.297165],[-41.88607,-21.29519],[-41.88361,-21.299295],[-41.878815,-21.300865],[-41.875995,-21.298725],[-41.870785,-21.298915],[-41.87049,-21.304965],[-41.86563,-21.30026],[-41.86195,-21.30286],[-41.85634,-21.30273],[-41.84551,-21.296725],[-41.839355,-21.28832],[-41.816015,-21.32752],[-41.778705,-21.390135],[-41.78132,-21.39493],[-41.788195,-21.39784],[-41.7855,-21.401175],[-41.781185,-21.4005]]]}},{"type":"Feature","properties":{"codarea":"3302007","nome":"Itaguaí","nomeNormalizado":"ITAGUAI"},"geometry":{"type":"MultiPolygon","coordinates":[[[[-43.79314,-23.061455],[-43.792995,-23.06394],[-43.667795,-23.05306],[-43.66664,-23.042575],[-43.69574,-23.050645],[-43.72488,-23.055875],[-43.753995,-23.059755],[-43.79314,-23.061455]]],[[[-43.86388,-22.949175],[-43.860865,-22.95055],[-43.86241,-22.952135],[-43.860815,-22.954425],[-43.863485,-22.95553],[-43.857535,-22.954865],[-43.85578,-22.950455],[-43.860165,-22.94998],[-43.85889,-22.94525],[-43.862735,-22.94647],[-43.86388,-22.949175]]],[[[-43.813195,-22.924605],[-43.81068,-22.925655],[-43.80928,-22.922805],[-43.813195,-22.924605]]],[[[-43.88246,-22.924845],[-43.882225,-22.94874],[-43.87902,-22.950685],[-43.873095,-22.948025],[-43.87358,-22.94574],[-43.87696,-22.946235],[-43.877265,-22.94355],[-43.87524,-22.9426],[-43.8781,-22.939725],[-43.86896,-22.93016],[-43.867875,-22.926405],[-43.86995,-22.9243],[-43.88246,-22.924845]]],[[[-43.88064,-22.915775],[-43.879855,-22.911645],[-43.86749,-22.903905],[-43.85677,-22.90187],[-43.851175,-22.904345],[-43.841855,-22.90173],[-43.837375,-22.903955],[-43.84113,-22.90756],[-43.83821,-22.90934],[-43.83891,-22.91164],[-43.845675,-22.917165],[-43.854345,-22.918755],[-43.85047,-22.920505],[-43.853035,-22.927015],[-43.84922,-22.92639],[-43.849355,-22.931635],[-43.8438,-22.929485],[-43.84228,-22.932165],[-43.832035,-22.93119],[-43.81022,-22.91757],[-43.806665,-22.918765],[-43.80762,-22.92341],[-43.801435,-22.92451],[-43.80103,-22.91692],[-43.79603,-22.91707],[-43.790745,-22.91433],[-43.79225,-22.908315],[-43.795355,-22.90673],[-43.794805,-22.90353],[-43.78982,-22.90356],[-43.78835,-22.90061],[-43.784685,-22.903975],[-43.78432,-22.900085],[-43.78168,-22.899295],[-43.78021,-22.8947],[-43.775155,-22.8958],[-43.773045,-22.8925],[-43.766725,-22.89527],[-43.75162,-22.888735],[-43.752195,-22.88058],[-43.748225,-22.877935],[-43.734345,-22.878325],[-43.72689,-22.87304],[-43.7176,-22.872485],[-43.71153,-22.866775],[-43.706525,-22.868615],[-43.69723,-22.864715],[-43.68972,-22.86524],[-43.681055,-22.862675],[-43.676985,-22.865505],[-43.67348,-22.864045],[-43.7548,-22.81877],[-43.75493,-22.814595],[-43.764065,-22.81131],[-43.767855,-22.81242],[-43.773965,-22.809255],[-43.783485,-22.80184],[-43.78495,-22.79703],[-43.78819,-22.79665],[-43.79351,-22.79105],[-43.788645,-22.780245],[-43.79124,-22.77799],[-43.788835,-22.77187],[-43.782025,-22.76898],[-43.773325,-22.76913],[-43.77495,-22.76217],[-43.77332,-22.758715],[-43.76616,-22.75701],[-43.76637,-22.754755],[-43.77012,-22.753345],[-43.77371,-22.754335],[-43.773125,-22.749855],[-43.76852,-22.7444],[-43.77221,-22.74287],[-43.765895,-22.73394],[-43.765275,-22.729435],[-43.755625,-22.72925],[-43.752715,-22.731],[-43.745655,-22.723615],[-43.742055,-22.715745],[-43.742675,-22.71291],[-43.73883,-22.711075],[-43.73753,-22.70773],[-43.73934,-22.70581],[-43.752965,-22.700105],[-43.763195,-22.699715],[-43.77202,-22.692995],[-43.77914,-22.694475],[-43.78509,-22.692685],[-43.798495,-22.70132],[-43.8078,-22.710555],[-43.81253,-22.710525],[-43.817805,-22.717605],[-43.832605,-22.729835],[-43.83065,-22.731655],[-43.83362,-22.73567],[-43.831645,-22.74043],[-43.83594,-22.745335],[-43.83552,-22.75193],[-43.839835,-22.755905],[-43.83869,-22.75833],[-43.835085,-22.761065],[-43.83527,-22.76351],[-43.831815,-22.763135],[-43.829985,-22.767365],[-43.82218,-22.766395],[-43.81968,-22.76945],[-43.81245,-22.77178],[-43.82014,-22.77712],[-43.822375,-22.782235],[-43.830155,-22.7879],[-43.83248,-22.793195],[-43.83776,-22.79586],[-43.8381,-22.79802],[-43.85865,-22.802795],[-43.862205,-22.8058],[-43.87378,-22.80913],[-43.880085,-22.811475],[-43.87888,-22.815855],[-43.889,-22.82211],[-43.8885,-22.824095],[-43.89445,-22.830995],[-43.89848,-22.833175],[-43.90576,-22.83024],[-43.912905,-22.836535],[-43.91019,-22.84475],[-43.912455,-22.84979],[-43.91704,-22.85263],[-43.918,-22.85703],[-43.92516,-22.863455],[-43.926395,-22.869675],[-43.929725,-22.87401],[-43.93956,-22.878705],[-43.93897,-22.88119],[-43.936055,-22.89218],[-43.92793,-22.89447],[-43.92197,-22.89414],[-43.92247,-22.890435],[-43.913255,-22.88454],[-43.90584,-22.88619],[-43.89302,-22.88181],[-43.88732,-22.88413],[-43.885645,-22.885585],[-43.88064,-22.915775]]]]}},{"type":"Feature","properties":{"codarea":"3302056","nome":"Italva","nomeNormalizado":"ITALVA"},"geometry":{"type":"Polygon","coordinates":[[[-41.62695,-21.595715],[-41.65702,-21.479145],[-41.61887,-21.472045],[-41.600275,-21.48158],[-41.599605,-21.476805],[-41.593325,-21.4688],[-41.57935,-21.459145],[-41.57953,-21.45575],[-41.57454,-21.449625],[-41.574665,-21.446835],[-41.565875,-21.44347],[-41.551055,-21.42905],[-41.58507,-21.317385],[-41.58903,-21.3261],[-41.60314,-21.330505],[-41.606775,-21.33003],[-41.60993,-21.331875],[-41.610565,-21.335755],[-41.615655,-21.336405],[-41.617045,-21.340085],[-41.62353,-21.341065],[-41.61996,-21.34607],[-41.61953,-21.34987],[-41.622395,-21.355075],[-41.621365,-21.357875],[-41.62925,-21.35604],[-41.633965,-21.350575],[-41.637305,-21.35271],[-41.642565,-21.351065],[-41.64802,-21.346545],[-41.65046,-21.35265],[-41.647245,-21.356825],[-41.650285,-21.358195],[-41.66797,-21.34581],[-41.674115,-21.34657],[-41.690655,-21.355505],[-41.69304,-21.360365],[-41.699825,-21.361795],[-41.703145,-21.367615],[-41.703675,-21.373455],[-41.708165,-21.3708],[-41.7126,-21.371815],[-41.72134,-21.367175],[-41.7324,-21.372065],[-41.737415,-21.379465],[-41.74842,-21.38459],[-41.75073,-21.38378],[-41.754435,-21.38809],[-41.76074,-21.389925],[-41.762425,-21.39421],[-41.76685,-21.395325],[-41.769115,-21.39902],[-41.77332,-21.39837],[-41.776705,-21.40158],[-41.778885,-21.400385],[-41.77817,-21.398675],[-41.781185,-21.4005],[-41.70996,-21.456305],[-41.742725,-21.464315],[-41.67947,-21.51626],[-41.62695,-21.595715]]]}},{"type":"Feature","properties":{"codarea":"3302403","nome":"Macaé","nomeNormalizado":"MACAE"},"geometry":{"type":"MultiPolygon","coordinates":[[[[-41.760015,-22.383125],[-41.758635,-22.38453],[-41.758445,-22.382835],[-41.760015,-22.383125]]],[[[-41.71738,-22.417185],[-41.713035,-22.421995],[-41.71226,-22.419465],[-41.71738,-22.417185]]],[[[-41.71109,-22.413565],[-41.708835,-22.41774],[-41.70197,-22.42078],[-41.6999,-22.41884],[-41.702995,-22.413165],[-41.69799,-22.411125],[-41.70291,-22.40474],[-41.70776,-22.409905],[-41.71049,-22.40978],[-41.71109,-22.413565]]],[[[-41.69763,-22.400025],[-41.69501,-22.401335],[-41.697425,-22.402705],[-41.695325,-22.40532],[-41.69188,-22.40463],[-41.690355,-22.40151],[-41.69201,-22.40125],[-41.690085,-22.400285],[-41.69423,-22.399065],[-41.692275,-22.39694],[-41.69763,-22.400025]]],[[[-42.205325,-22.36913],[-42.20411,-22.37084],[-42.206065,-22.37203],[-42.21585,-22.37393],[-42.21586,-22.38329],[-42.210355,-22.381145],[-42.20705,-22.387195],[-42.209215,-22.390605],[-42.21409,-22.39181],[-42.210185,-22.39689],[-42.21442,-22.39844],[-42.2193,-22.40591],[-42.21692,-22.40873],[-42.211225,-22.40766],[-42.21144,-22.41153],[-42.204205,-22.41401],[-42.207755,-22.42136],[-42.206545,-22.425505],[-42.20113,-22.43048],[-42.195225,-22.43075],[-42.191495,-22.43326],[-42.182275,-22.432645],[-42.170605,-22.42154],[-42.161295,-22.428565],[-42.161445,-22.42273],[-42.15874,-22.424455],[-42.15188,-22.42071],[-42.14967,-22.426635],[-42.144465,-22.428035],[-42.143145,-22.424645],[-42.14015,-22.42446],[-42.13794,-22.419395],[-42.139315,-22.41711],[-42.136015,-22.416055],[-42.138135,-22.414215],[-42.1372,-22.41265],[-42.125615,-22.412685],[-42.12381,-22.405585],[-42.11786,-22.404585],[-42.11706,-22.40216],[-42.107445,-22.404105],[-42.10443,-22.406615],[-42.098795,-22.40425],[-42.099005,-22.40794],[-42.09653,-22.408195],[-42.100605,-22.41328],[-42.09842,-22.41669],[-42.10016,-22.42748],[-42.105795,-22.43667],[-42.08626,-22.43914],[-42.074155,-22.43043],[-42.06873,-22.43533],[-42.063875,-22.434625],[-42.065135,-22.425995],[-42.063515,-22.42277],[-42.06313,-22.419515],[-42.052485,-22.41261],[-42.045515,-22.40332],[-42.03822,-22.40137],[-42.031795,-22.393625],[-42.02379,-22.387945],[-41.99736,-22.400295],[-41.99262,-22.396405],[-41.98988,-22.398025],[-41.981025,-22.396255],[-41.97696,-22.391975],[-41.96362,-22.388065],[-41.952655,-22.38906],[-41.949535,-22.386845],[-41.94679,-22.389425],[-41.94146,-22.3827],[-41.940575,-22.37788],[-41.937015,-22.37675],[-41.94153,-22.39134],[-41.937885,-22.39464],[-41.9288,-22.39744],[-41.91996,-22.395445],[-41.90691,-22.400015],[-41.903435,-22.40513],[-41.89873,-22.406525],[-41.89333,-22.411835],[-41.888385,-22.4145],[-41.882205,-22.414865],[-41.879285,-22.417875],[-41.86027,-22.418625],[-41.856935,-22.41614],[-41.855155,-22.41084],[-41.83761,-22.411395],[-41.828065,-22.40827],[-41.81779,-22.41703],[-41.794835,-22.405565],[-41.79033,-22.40004],[-41.77444,-22.391065],[-41.769205,-22.38921],[-41.767935,-22.39086],[-41.76618,-22.38434],[-41.769985,-22.38637],[-41.771165,-22.384245],[-41.765555,-22.376985],[-41.7679,-22.375005],[-41.77006,-22.37692],[-41.773565,-22.373855],[-41.77528,-22.374915],[-41.777135,-22.372095],[-41.775985,-22.370185],[-41.775015,-22.373805],[-41.77421,-22.36582],[-41.77066,-22.35999],[-41.75929,-22.34958],[-41.73924,-22.339065],[-41.712595,-22.31664],[-41.689115,-22.30003],[-41.690705,-22.293885],[-41.69855,-22.28367],[-41.69794,-22.28188],[-41.7043,-22.278495],[-41.705195,-22.27153],[-41.708205,-22.267515],[-41.70432,-22.25221],[-41.77112,-22.18088],[-41.824715,-22.14601],[-41.819455,-22.186395],[-41.8293,-22.19025],[-41.839995,-22.19878],[-41.84047,-22.209185],[-41.846015,-22.215765],[-41.84824,-22.23614],[-41.8598,-22.26468],[-41.85961,-22.26977],[-41.86256,-22.271165],[-41.863795,-22.27454],[-41.870795,-22.27258],[-41.878335,-22.274885],[-41.88643,-22.26855],[-41.886115,-22.259495],[-41.892855,-22.25703],[-41.893695,-22.249595],[-41.89672,-22.245285],[-41.90669,-22.24254],[-41.89947,-22.237795],[-41.901465,-22.23232],[-41.90779,-22.23051],[-41.910705,-22.231965],[-41.91666,-22.22919],[-41.917525,-22.211755],[-41.90614,-22.2057],[-41.90118,-22.19017],[-41.9034,-22.185215],[-41.912085,-22.186195],[-41.907975,-22.17875],[-41.908845,-22.174815],[-41.91298,-22.169795],[-41.91944,-22.17134],[-41.91958,-22.16267],[-41.93369,-22.16412],[-41.93855,-22.16235],[-41.93955,-22.158995],[-41.946345,-22.15972],[-41.9515,-22.152385],[-41.95626,-22.154505],[-41.958985,-22.15204],[-41.9633,-22.153895],[-41.96705,-22.152915],[-41.974595,-22.165355],[-41.971245,-22.149075],[-41.9723,-22.139455],[-41.970545,-22.136585],[-41.9738,-22.13361],[-41.97829,-22.12629],[-41.99707,-22.135295],[-42.00546,-22.14335],[-42.0113,-22.143145],[-42.01941,-22.14709],[-42.0272,-22.157955],[-42.03792,-22.16034],[-42.03942,-22.15666],[-42.045045,-22.163005],[-42.05267,-22.16247],[-42.05482,-22.159555],[-42.065635,-22.16443],[-42.07512,-22.163905],[-42.08778,-22.170465],[-42.089185,-22.176735],[-42.0968,-22.18315],[-42.09279,-22.189465],[-42.097935,-22.194075],[-42.092515,-22.196755],[-42.093345,-22.202665],[-42.098365,-22.20189],[-42.10019,-22.20447],[-42.10506,-22.20558],[-42.10768,-22.20974],[-42.11173,-22.20953],[-42.112795,-22.206795],[-42.11772,-22.20799],[-42.122025,-22.21198],[-42.124905,-22.21114],[-42.128125,-22.213865],[-42.13804,-22.210455],[-42.142295,-22.212495],[-42.148205,-22.211065],[-42.15898,-22.21507],[-42.15998,-22.21864],[-42.17127,-22.225315],[-42.172945,-22.229135],[-42.17805,-22.23291],[-42.18336,-22.24451],[-42.19291,-22.24424],[-42.19762,-22.246645],[-42.201915,-22.24999],[-42.20334,-22.25468],[-42.21055,-22.25959],[-42.21536,-22.2672],[-42.227095,-22.274015],[-42.23295,-22.28812],[-42.23855,-22.28618],[-42.244605,-22.29035],[-42.24901,-22.295245],[-42.247895,-22.299625],[-42.250885,-22.306105],[-42.25189,-22.30947],[-42.25819,-22.31111],[-42.264175,-22.31555],[-42.261725,-22.320125],[-42.25583,-22.3215],[-42.25021,-22.326355],[-42.24698,-22.325415],[-42.241845,-22.32959],[-42.237445,-22.33023],[-42.233095,-22.333905],[-42.23055,-22.33377],[-42.22867,-22.33707],[-42.22404,-22.33629],[-42.221705,-22.33925],[-42.215735,-22.34145],[-42.21493,-22.346695],[-42.211605,-22.35064],[-42.212485,-22.35625],[-42.208265,-22.360815],[-42.205325,-22.36913]]]]}},{"type":"Feature","properties":{"codarea":"3302452","nome":"Macuco","nomeNormalizado":"MACUCO"},"geometry":{"type":"Polygon","coordinates":[[[-42.317985,-21.996805],[-42.3129,-22.03163],[-42.304925,-22.0277],[-42.297245,-22.02977],[-42.2963,-22.040285],[-42.300655,-22.044305],[-42.30104,-22.04901],[-42.31143,-22.05732],[-42.31019,-22.06144],[-42.31196,-22.06912],[-42.30966,-22.073995],[-42.3063,-22.07531],[-42.302925,-22.08048],[-42.29444,-22.08236],[-42.28535,-22.088075],[-42.282785,-22.087085],[-42.277575,-22.09219],[-42.269355,-22.08923],[-42.26539,-22.08188],[-42.267225,-22.075525],[-42.27052,-22.072855],[-42.27006,-22.068705],[-42.265865,-22.06696],[-42.265385,-22.06323],[-42.26108,-22.064795],[-42.25932,-22.052685],[-42.262865,-22.05019],[-42.259475,-22.04513],[-42.248145,-22.04385],[-42.239935,-22.03414],[-42.240785,-22.032275],[-42.251145,-22.028645],[-42.241115,-22.0237],[-42.23302,-22.0294],[-42.233855,-22.026635],[-42.230255,-22.020595],[-42.22334,-22.011755],[-42.21947,-22.009925],[-42.22447,-22.00463],[-42.220285,-21.995775],[-42.22239,-21.990575],[-42.227155,-21.98833],[-42.22529,-21.98191],[-42.23257,-21.973125],[-42.240355,-21.974905],[-42.243005,-21.97279],[-42.244015,-21.97601],[-42.250565,-21.976805],[-42.257345,-21.98991],[-42.26974,-21.984125],[-42.27832,-21.98639],[-42.289255,-21.978695],[-42.29135,-21.98108],[-42.300265,-21.97428],[-42.30005,-21.98229],[-42.301865,-21.982005],[-42.300505,-21.97924],[-42.30201,-21.978085],[-42.30559,-21.98115],[-42.30924,-21.98129],[-42.308245,-21.988445],[-42.31501,-21.999535],[-42.3172,-21.995375],[-42.317985,-21.996805]]]}},{"type":"Feature","properties":{"codarea":"3302270","nome":"Japeri","nomeNormalizado":"JAPERI"},"geometry":{"type":"Polygon","coordinates":[[[-43.63871,-22.72036],[-43.62842,-22.722575],[-43.628685,-22.71929],[-43.618465,-22.708775],[-43.61808,-22.704715],[-43.611895,-22.698485],[-43.61005,-22.69265],[-43.60368,-22.692775],[-43.596795,-22.685695],[-43.58587,-22.693075],[-43.576645,-22.69203],[-43.572355,-22.68932],[-43.559835,-22.690705],[-43.55601,-22.689385],[-43.55544,-22.67974],[-43.55687,-22.677415],[-43.554215,-22.676305],[-43.55446,-22.674575],[-43.549715,-22.67011],[-43.543625,-22.66905],[-43.54059,-22.661015],[-43.533985,-22.654835],[-43.539565,-22.653525],[-43.547,-22.655775],[-43.548845,-22.65261],[-43.55353,-22.65076],[-43.55228,-22.646985],[-43.558155,-22.637],[-43.572655,-22.633465],[-43.572375,-22.62602],[-43.56795,-22.623465],[-43.569075,-22.609415],[-43.578635,-22.616045],[-43.593445,-22.62003],[-43.610605,-22.634395],[-43.61845,-22.636915],[-43.62273,-22.64222],[-43.660575,-22.61965],[-43.665085,-22.622685],[-43.664665,-22.625935],[-43.66853,-22.632615],[-43.670785,-22.65291],[-43.65996,-22.66003],[-43.654275,-22.657815],[-43.650665,-22.65344],[-43.64103,-22.650585],[-43.63385,-22.659205],[-43.63334,-22.663455],[-43.636285,-22.66994],[-43.646105,-22.671115],[-43.65245,-22.680475],[-43.64544,-22.69436],[-43.64351,-22.705795],[-43.63694,-22.71614],[-43.63871,-22.72036]]]}},{"type":"Feature","properties":{"codarea":"3302254","nome":"Itatiaia","nomeNormalizado":"ITATIAIA"},"geometry":{"type":"Polygon","coordinates":[[[-44.661855,-22.380485],[-44.662885,-22.399755],[-44.655565,-22.39919],[-44.65031,-22.40438],[-44.65142,-22.40943],[-44.64865,-22.40854],[-44.644615,-22.41498],[-44.64468,-22.419355],[-44.641915,-22.419925],[-44.6373,-22.43511],[-44.63996,-22.443605],[-44.650615,-22.452485],[-44.646595,-22.46896],[-44.651765,-22.471245],[-44.654235,-22.48071],[-44.65938,-22.48105],[-44.662205,-22.48362],[-44.652225,-22.491605],[-44.649415,-22.49113],[-44.64704,-22.49618],[-44.62074,-22.508885],[-44.624105,-22.516895],[-44.62661,-22.535385],[-44.61548,-22.55737],[-44.60451,-22.564485],[-44.595145,-22.565865],[-44.585995,-22.56049],[-44.58359,-22.547455],[-44.578225,-22.5406],[-44.563245,-22.53183],[-44.564615,-22.52915],[-44.576435,-22.52788],[-44.57815,-22.526035],[-44.577375,-22.51723],[-44.567455,-22.507745],[-44.558485,-22.50457],[-44.54974,-22.49624],[-44.545565,-22.4991],[-44.53641,-22.495775],[-44.52968,-22.486435],[-44.521005,-22.487795],[-44.51375,-22.484865],[-44.512855,-22.47301],[-44.49695,-22.468585],[-44.48789,-22.468765],[-44.48849,-22.46146],[-44.48009,-22.45805],[-44.478655,-22.45532],[-44.48056,-22.44866],[-44.487105,-22.443895],[-44.48698,-22.43597],[-44.59905,-22.39854],[-44.602865,-22.392785],[-44.607385,-22.39233],[-44.626335,-22.37276],[-44.616295,-22.376265],[-44.61143,-22.380985],[-44.60134,-22.372055],[-44.593715,-22.369335],[-44.58847,-22.36221],[-44.584705,-22.3604],[-44.5792,-22.36168],[-44.575815,-22.357365],[-44.5659,-22.36546],[-44.555895,-22.36511],[-44.54907,-22.35716],[-44.550575,-22.34412],[-44.548455,-22.337815],[-44.54401,-22.33807],[-44.541535,-22.33615],[-44.543745,-22.33233],[-44.54573,-22.33201],[-44.543165,-22.32835],[-44.545415,-22.32719],[-44.54574,-22.32362],[-44.55014,-22.32538],[-44.54969,-22.328515],[-44.552195,-22.327415],[-44.55521,-22.330695],[-44.556645,-22.328845],[-44.55794,-22.33077],[-44.563385,-22.331525],[-44.56362,-22.333175],[-44.56568,-22.327965],[-44.570075,-22.327715],[-44.57088,-22.32425],[-44.581265,-22.32854],[-44.582075,-22.32405],[-44.585815,-22.326155],[-44.588595,-22.323585],[-44.58721,-22.32035],[-44.60042,-22.326075],[-44.610035,-22.32656],[-44.615925,-22.33202],[-44.61994,-22.33114],[-44.62614,-22.335385],[-44.627445,-22.345945],[-44.642865,-22.35312],[-44.641955,-22.356155],[-44.645945,-22.365165],[-44.659255,-22.374375],[-44.659615,-22.37964],[-44.661855,-22.380485]]]}},{"type":"Feature","properties":{"codarea":"3302304","nome":"Laje do Muriaé","nomeNormalizado":"LAJE DO MURIAE"},"geometry":{"type":"Polygon","coordinates":[[[-42.224235,-21.33781],[-42.221215,-21.333275],[-42.204575,-21.326425],[-42.197135,-21.3153],[-42.179315,-21.313505],[-42.175895,-21.3157],[-42.17357,-21.31371],[-42.16633,-21.31516],[-42.1625,-21.318525],[-42.15833,-21.31697],[-42.157485,-21.31246],[-42.150755,-21.310015],[-42.1479,-21.306185],[-42.143205,-21.30613],[-42.14298,-21.3091],[-42.13855,-21.312825],[-42.131385,-21.307725],[-42.129985,-21.311305],[-42.13211,-21.31788],[-42.12518,-21.319675],[-42.120355,-21.33171],[-42.115955,-21.33581],[-42.108795,-21.33905],[-42.098895,-21.33816],[-42.093,-21.344785],[-42.089675,-21.34384],[-42.0885,-21.337105],[-42.08522,-21.337295],[-42.08354,-21.331465],[-42.086445,-21.32758],[-42.08277,-21.323495],[-42.076835,-21.325315],[-42.074865,-21.31967],[-42.076195,-21.31856],[-42.07447,-21.31507],[-42.079935,-21.30919],[-42.08684,-21.308985],[-42.08883,-21.30717],[-42.08668,-21.303525],[-42.07912,-21.299875],[-42.0796,-21.292435],[-42.07653,-21.28615],[-42.076255,-21.279455],[-42.08021,-21.27438],[-42.07031,-21.265915],[-42.061345,-21.26721],[-42.056705,-21.25989],[-42.055975,-21.25358],[-42.04824,-21.25489],[-42.02989,-21.245425],[-42.02973,-21.24168],[-42.035185,-21.238305],[-42.05185,-21.23612],[-42.054645,-21.234195],[-42.054165,-21.226455],[-42.04533,-21.22281],[-42.044555,-21.21855],[-42.03721,-21.217575],[-42.031995,-21.21427],[-42.03249,-21.21154],[-42.03685,-21.209375],[-42.038105,-21.20016],[-42.042135,-21.19802],[-42.042425,-21.192685],[-42.05082,-21.195945],[-42.05311,-21.192615],[-42.047235,-21.18098],[-42.05087,-21.17926],[-42.07305,-21.17963],[-42.07549,-21.177465],[-42.080245,-21.177305],[-42.086835,-21.19506],[-42.08949,-21.192335],[-42.093065,-21.192115],[-42.09637,-21.187035],[-42.101935,-21.18377],[-42.105035,-21.19936],[-42.10938,-21.199535],[-42.111235,-21.203575],[-42.11129,-21.206945],[-42.105495,-21.210115],[-42.107275,-21.21353],[-42.112015,-21.21435],[-42.125,-21.203675],[-42.12612,-21.199205],[-42.11968,-21.19908],[-42.120265,-21.195515],[-42.133675,-21.181395],[-42.13287,-21.17715],[-42.128465,-21.174885],[-42.13034,-21.17037],[-42.12588,-21.16988],[-42.12252,-21.172305],[-42.12225,-21.167445],[-42.130645,-21.164075],[-42.135975,-21.166555],[-42.14946,-21.160735],[-42.16543,-21.17461],[-42.16295,-21.167615],[-42.16729,-21.166325],[-42.165135,-21.160565],[-42.159595,-21.15975],[-42.162115,-21.15816],[-42.16998,-21.159165],[-42.173325,-21.165325],[-42.17201,-21.175695],[-42.175395,-21.178515],[-42.186,-21.175225],[-42.185865,-21.171],[-42.191125,-21.16533],[-42.18727,-21.161895],[-42.19276,-21.15808],[-42.19532,-21.16026],[-42.19399,-21.16423],[-42.200025,-21.16791],[-42.20036,-21.17331],[-42.208335,-21.179015],[-42.206,-21.18716],[-42.203525,-21.18785],[-42.20272,-21.19198],[-42.194435,-21.201735],[-42.20132,-21.20626],[-42.2032,-21.21329],[-42.200875,-21.21604],[-42.202935,-21.220445],[-42.1986,-21.225835],[-42.19447,-21.22293],[-42.19151,-21.22361],[-42.188095,-21.23039],[-42.195035,-21.239125],[-42.189725,-21.250505],[-42.19977,-21.25638],[-42.212,-21.272025],[-42.219685,-21.272205],[-42.228485,-21.281645],[-42.2293,-21.3082],[-42.23797,-21.31945],[-42.236985,-21.3245],[-42.229045,-21.328355],[-42.224235,-21.33781]]]}},{"type":"Feature","properties":{"codarea":"3301603","nome":"Duas Barras","nomeNormalizado":"DUAS BARRAS"},"geometry":{"type":"Polygon","coordinates":[[[-42.34813,-22.10788],[-42.34562,-22.10599],[-42.398465,-22.059915],[-42.41467,-22.0376],[-42.50902,-21.90748],[-42.511415,-21.9084],[-42.51169,-21.912085],[-42.518645,-21.912565],[-42.524265,-21.91028],[-42.527375,-21.906365],[-42.53138,-21.910325],[-42.535155,-21.91021],[-42.53481,-21.913205],[-42.53861,-21.91656],[-42.53679,-21.922615],[-42.540055,-21.929585],[-42.546215,-21.929505],[-42.545695,-21.943185],[-42.54888,-21.94643],[-42.548555,-21.951145],[-42.55116,-21.953175],[-42.55589,-21.951595],[-42.558535,-21.95742],[-42.555625,-21.96044],[-42.55695,-21.965645],[-42.552685,-21.968805],[-42.552955,-21.9748],[-42.549445,-21.977665],[-42.54681,-21.984485],[-42.551025,-21.99141],[-42.54616,-21.9921],[-42.548925,-21.994855],[-42.5479,-21.999635],[-42.55392,-22.000905],[-42.56058,-21.998535],[-42.56052,-22.003575],[-42.56443,-22.00303],[-42.56681,-22.00808],[-42.57168,-22.01018],[-42.57244,-22.018385],[-42.5751,-22.0198],[-42.576295,-22.02581],[-42.575575,-22.02725],[-42.5699,-22.025625],[-42.56306,-22.02939],[-42.566,-22.043235],[-42.57219,-22.04553],[-42.573,-22.0484],[-42.57906,-22.04756],[-42.57758,-22.05445],[-42.57428,-22.057505],[-42.575805,-22.060585],[-42.573855,-22.064265],[-42.587015,-22.07371],[-42.58733,-22.07596],[-42.598875,-22.07807],[-42.60054,-22.08333],[-42.603465,-22.083685],[-42.606795,-22.091445],[-42.604045,-22.097285],[-42.597615,-22.09672],[-42.5914,-22.1059],[-42.594775,-22.111175],[-42.603325,-22.11067],[-42.606045,-22.118325],[-42.61001,-22.12067],[-42.607045,-22.12705],[-42.61082,-22.13102],[-42.6178,-22.13335],[-42.609155,-22.14056],[-42.60362,-22.14057],[-42.60017,-22.13796],[-42.5937,-22.14177],[-42.587215,-22.139815],[-42.577605,-22.140465],[-42.57342,-22.163495],[-42.56278,-22.159915],[-42.557495,-22.16365],[-42.55013,-22.15737],[-42.54576,-22.157495],[-42.54394,-22.154495],[-42.53649,-22.15748],[-42.52875,-22.15627],[-42.52839,-22.15851],[-42.522115,-22.15995],[-42.465345,-22.13065],[-42.463495,-22.128275],[-42.4689,-22.12436],[-42.47188,-22.116405],[-42.471235,-22.11327],[-42.467345,-22.111305],[-42.4555,-22.11529],[-42.454255,-22.11745],[-42.445645,-22.117125],[-42.43959,-22.122625],[-42.427545,-22.114195],[-42.4235,-22.11468],[-42.423085,-22.11905],[-42.42083,-22.116435],[-42.412315,-22.11636],[-42.40736,-22.120135],[-42.403845,-22.11844],[-42.39661,-22.11969],[-42.391855,-22.12322],[-42.393775,-22.12826],[-42.387865,-22.13014],[-42.37813,-22.12414],[-42.375485,-22.11718],[-42.367975,-22.11431],[-42.365935,-22.11607],[-42.362195,-22.1153],[-42.34813,-22.10788]]]}},{"type":"Feature","properties":{"codarea":"3301702","nome":"Duque de Caxias","nomeNormalizado":"DUQUE DE CAXIAS"},"geometry":{"type":"Polygon","coordinates":[[[-43.27283,-22.80983],[-43.273645,-22.79939],[-43.271245,-22.80084],[-43.270925,-22.79613],[-43.27251,-22.79341],[-43.276135,-22.792645],[-43.272105,-22.791695],[-43.27578,-22.78909],[-43.2768,-22.79061],[-43.275415,-22.785665],[-43.27863,-22.780485],[-43.269775,-22.767515],[-43.267265,-22.76727],[-43.268135,-22.765635],[-43.26535,-22.76543],[-43.26694,-22.76237],[-43.26344,-22.763695],[-43.26464,-22.759955],[-43.26194,-22.761615],[-43.26218,-22.759285],[-43.259235,-22.760515],[-43.25788,-22.756415],[-43.24463,-22.75111],[-43.242695,-22.749345],[-43.24447,-22.74688],[-43.24056,-22.74592],[-43.238185,-22.7428],[-43.23123,-22.739825],[-43.225495,-22.74117],[-43.217735,-22.73795],[-43.21175,-22.731385],[-43.214565,-22.727745],[-43.221625,-22.724455],[-43.221665,-22.712625],[-43.21486,-22.703005],[-43.21778,-22.695915],[-43.215345,-22.69087],[-43.21802,-22.688865],[-43.21857,-22.681655],[-43.224845,-22.67483],[-43.219225,-22.66785],[-43.217445,-22.652525],[-43.210635,-22.642625],[-43.19477,-22.62961],[-43.194195,-22.62346],[-43.198125,-22.620035],[-43.198445,-22.614995],[-43.22501,-22.563635],[-43.255485,-22.573335],[-43.260795,-22.561265],[-43.25811,-22.55498],[-43.2607,-22.555355],[-43.246005,-22.52703],[-43.234255,-22.52275],[-43.231225,-22.52438],[-43.230875,-22.52761],[-43.226515,-22.5295],[-43.22239,-22.521565],[-43.2248,-22.52128],[-43.226595,-22.51624],[-43.2288,-22.51775],[-43.2316,-22.514385],[-43.23356,-22.516575],[-43.23672,-22.515555],[-43.23852,-22.511525],[-43.296375,-22.475715],[-43.30049,-22.483565],[-43.31263,-22.49534],[-43.31716,-22.497045],[-43.32816,-22.510915],[-43.332185,-22.51252],[-43.33013,-22.516745],[-43.331965,-22.51922],[-43.356275,-22.52218],[-43.360405,-22.52584],[-43.367385,-22.52683],[-43.374965,-22.520635],[-43.384665,-22.530475],[-43.38913,-22.5323],[-43.395875,-22.53114],[-43.40143,-22.533405],[-43.401305,-22.54197],[-43.40662,-22.542385],[-43.40997,-22.545325],[-43.398625,-22.551295],[-43.390415,-22.558515],[-43.386465,-22.57212],[-43.387575,-22.57544],[-43.397975,-22.58083],[-43.40317,-22.58771],[-43.407095,-22.58803],[-43.415285,-22.592935],[-43.415945,-22.59921],[-43.412555,-22.60357],[-43.411255,-22.61068],[-43.40447,-22.611825],[-43.401715,-22.609825],[-43.38918,-22.615005],[-43.38512,-22.62018],[-43.382035,-22.621065],[-43.381975,-22.630115],[-43.40149,-22.652145],[-43.40127,-22.6567],[-43.395445,-22.663895],[-43.370875,-22.673425],[-43.364475,-22.680665],[-43.36537,-22.685135],[-43.34816,-22.698515],[-43.340675,-22.694435],[-43.3352,-22.69651],[-43.32857,-22.695025],[-43.326235,-22.69853],[-43.327095,-22.705625],[-43.319785,-22.7094],[-43.327955,-22.727425],[-43.32929,-22.755905],[-43.330915,-22.802665],[-43.307025,-22.8],[-43.29921,-22.80658],[-43.29573,-22.806375],[-43.290175,-22.81041],[-43.288475,-22.810375],[-43.289045,-22.80791],[-43.27867,-22.807375],[-43.27283,-22.80983]]]}},{"type":"Feature","properties":{"codarea":"3301504","nome":"Cordeiro","nomeNormalizado":"CORDEIRO"},"geometry":{"type":"Polygon","coordinates":[[[-42.269355,-22.08923],[-42.277575,-22.09219],[-42.282785,-22.087085],[-42.28535,-22.088075],[-42.29444,-22.08236],[-42.302925,-22.08048],[-42.3063,-22.07531],[-42.30966,-22.073995],[-42.31196,-22.06912],[-42.31019,-22.06144],[-42.31143,-22.05732],[-42.30104,-22.04901],[-42.300655,-22.044305],[-42.2963,-22.040285],[-42.297245,-22.02977],[-42.304925,-22.0277],[-42.3129,-22.03163],[-42.317985,-21.996805],[-42.35618,-22.00874],[-42.384195,-21.999205],[-42.3844,-22.00471],[-42.389565,-22.00568],[-42.39297,-22.015735],[-42.397205,-22.015765],[-42.401955,-22.019515],[-42.398945,-22.026365],[-42.406175,-22.0313],[-42.411635,-22.03198],[-42.41467,-22.0376],[-42.398465,-22.059915],[-42.34562,-22.10599],[-42.34813,-22.10788],[-42.34334,-22.112905],[-42.34274,-22.124315],[-42.3371,-22.123535],[-42.3342,-22.125375],[-42.33074,-22.121525],[-42.32425,-22.119985],[-42.32434,-22.1147],[-42.31595,-22.109515],[-42.31076,-22.111125],[-42.30904,-22.1172],[-42.304845,-22.11795],[-42.300565,-22.121965],[-42.298355,-22.117125],[-42.294045,-22.11454],[-42.28568,-22.113485],[-42.26959,-22.12138],[-42.26408,-22.121385],[-42.26266,-22.1183],[-42.265395,-22.115055],[-42.266445,-22.10568],[-42.27155,-22.104345],[-42.27216,-22.10713],[-42.27589,-22.108125],[-42.27364,-22.1053],[-42.276755,-22.10069],[-42.275365,-22.09743],[-42.27883,-22.09577],[-42.269355,-22.08923]]]}},{"type":"Feature","properties":{"codarea":"3301876","nome":"Iguaba Grande","nomeNormalizado":"IGUABA GRANDE"},"geometry":{"type":"Polygon","coordinates":[[[-42.21167,-22.87773],[-42.17666,-22.82759],[-42.19243,-22.82158],[-42.19282,-22.81357],[-42.19735,-22.80354],[-42.194395,-22.8002],[-42.20033,-22.7952],[-42.192725,-22.789245],[-42.204005,-22.78021],[-42.20911,-22.785235],[-42.253885,-22.791985],[-42.239495,-22.84019],[-42.249255,-22.84839],[-42.23703,-22.86353],[-42.230655,-22.872805],[-42.21167,-22.87773]]]}},{"type":"Feature","properties":{"codarea":"3301850","nome":"Guapimirim","nomeNormalizado":"GUAPIMIRIM"},"geometry":{"type":"Polygon","coordinates":[[[-43.03891,-22.692615],[-43.03257,-22.69376],[-43.037205,-22.700775],[-43.030075,-22.7048],[-43.034195,-22.707045],[-43.03545,-22.71222],[-43.03369,-22.717865],[-43.03128,-22.718275],[-43.025925,-22.7261],[-43.01475,-22.72549],[-43.01411,-22.718915],[-43.00618,-22.71459],[-42.998585,-22.718835],[-42.99499,-22.726555],[-42.991,-22.728445],[-42.977995,-22.72664],[-42.97461,-22.731645],[-42.96947,-22.72868],[-42.96734,-22.72176],[-42.962605,-22.72546],[-42.962765,-22.72137],[-42.95894,-22.718595],[-42.959825,-22.71511],[-42.946755,-22.71116],[-42.939355,-22.69949],[-42.93375,-22.69838],[-42.93598,-22.694335],[-42.934765,-22.69244],[-42.91887,-22.681705],[-42.917445,-22.67577],[-42.912,-22.672345],[-42.91172,-22.655565],[-42.90687,-22.65527],[-42.899285,-22.638515],[-42.90318,-22.625485],[-42.9107,-22.6193],[-42.907135,-22.601195],[-42.887595,-22.59218],[-42.883335,-22.582315],[-42.865585,-22.571625],[-42.865475,-22.568235],[-42.8759,-22.55384],[-42.88582,-22.548025],[-42.88723,-22.541185],[-42.89125,-22.53776],[-42.892015,-22.525415],[-42.89873,-22.519875],[-42.898545,-22.518075],[-42.89556,-22.51823],[-42.888125,-22.512155],[-42.88945,-22.50486],[-42.891275,-22.50262],[-42.893915,-22.504125],[-42.89507,-22.50172],[-42.902115,-22.50089],[-42.906155,-22.498205],[-42.91556,-22.48127],[-42.9215,-22.475985],[-42.92298,-22.469495],[-42.91819,-22.451005],[-42.924905,-22.453975],[-42.92991,-22.448095],[-42.933805,-22.449335],[-42.94077,-22.45717],[-42.945385,-22.45519],[-42.955145,-22.45774],[-42.95584,-22.465745],[-42.96378,-22.464155],[-42.970585,-22.47117],[-42.976685,-22.470935],[-42.984795,-22.46266],[-42.99982,-22.459675],[-43.01649,-22.4671],[-43.020275,-22.462375],[-43.02439,-22.46281],[-43.02557,-22.460315],[-43.028845,-22.46125],[-43.035015,-22.46249],[-43.040385,-22.456425],[-43.04731,-22.46021],[-43.05025,-22.465225],[-43.05531,-22.46776],[-43.054895,-22.470435],[-43.05788,-22.47433],[-43.05435,-22.480375],[-43.06227,-22.484625],[-43.05533,-22.489265],[-43.05298,-22.48749],[-43.046755,-22.48856],[-43.04467,-22.49159],[-43.035685,-22.49318],[-43.02718,-22.500435],[-43.0286,-22.51248],[-43.021705,-22.516915],[-43.023755,-22.5229],[-43.02186,-22.527685],[-43.017865,-22.52631],[-43.01594,-22.552055],[-43.015335,-22.560105],[-43.009645,-22.636055],[-43.01207,-22.635095],[-43.02077,-22.64985],[-43.02253,-22.66529],[-43.02765,-22.66582],[-43.030015,-22.672095],[-43.036505,-22.679485],[-43.03891,-22.692615]]]}},{"type":"Feature","properties":{"codarea":"3301900","nome":"Itaboraí","nomeNormalizado":"ITABORAI"},"geometry":{"type":"MultiPolygon","coordinates":[[[[-42.733565,-22.840775],[-42.733485,-22.836655],[-42.736295,-22.83573],[-42.73673,-22.83192],[-42.743435,-22.82781],[-42.742925,-22.822675],[-42.74683,-22.82423],[-42.74863,-22.82255],[-42.741925,-22.814365],[-42.73775,-22.81259],[-42.736305,-22.80664],[-42.75028,-22.80239],[-42.752465,-22.798555],[-42.757645,-22.79666],[-42.760175,-22.79878],[-42.7759,-22.80051],[-42.780335,-22.80326],[-42.78836,-22.803045],[-42.792035,-22.80011],[-42.79911,-22.79967],[-42.8052,-22.789915],[-42.79897,-22.790335],[-42.796665,-22.786765],[-42.790045,-22.787455],[-42.783255,-22.777875],[-42.783305,-22.77526],[-42.791225,-22.77186],[-42.78866,-22.769255],[-42.787645,-22.755935],[-42.789045,-22.756585],[-42.79179,-22.75174],[-42.79872,-22.755115],[-42.80011,-22.75256],[-42.79626,-22.751715],[-42.79537,-22.74921],[-42.80058,-22.744315],[-42.80322,-22.744145],[-42.803245,-22.735505],[-42.76342,-22.739305],[-42.762545,-22.727115],[-42.75807,-22.7234],[-42.761155,-22.718285],[-42.756155,-22.717445],[-42.7496,-22.71148],[-42.745785,-22.70298],[-42.74929,-22.694385],[-42.74648,-22.69179],[-42.74722,-22.686535],[-42.789895,-22.63455],[-42.797715,-22.638785],[-42.802925,-22.63555],[-42.82469,-22.639085],[-42.845185,-22.63618],[-42.855235,-22.64089],[-42.879545,-22.645405],[-42.90687,-22.65527],[-42.91172,-22.655565],[-42.912,-22.672345],[-42.917445,-22.67577],[-42.91887,-22.681705],[-42.934765,-22.69244],[-42.93598,-22.694335],[-42.93375,-22.69838],[-42.939355,-22.69949],[-42.946755,-22.71116],[-42.959825,-22.71511],[-42.95894,-22.718595],[-42.962765,-22.72137],[-42.962605,-22.72546],[-42.96734,-22.72176],[-42.96947,-22.72868],[-42.97461,-22.731645],[-42.977995,-22.72664],[-42.991,-22.728445],[-42.99499,-22.726555],[-42.998585,-22.718835],[-43.00618,-22.71459],[-43.01411,-22.718915],[-43.01475,-22.72549],[-43.025925,-22.7261],[-43.02916,-22.726295],[-43.02977,-22.733045],[-43.0289,-22.74105],[-43.026625,-22.74309],[-43.022305,-22.73997],[-43.017655,-22.743715],[-43.01236,-22.741265],[-43.01028,-22.73633],[-43.00022,-22.73852],[-43.0008,-22.73477],[-42.997085,-22.734195],[-42.99306,-22.73736],[-42.99736,-22.741395],[-42.99239,-22.743155],[-42.991155,-22.749625],[-42.97721,-22.755605],[-42.961605,-22.75881],[-42.9502,-22.769395],[-42.944045,-22.769525],[-42.94032,-22.77667],[-42.94322,-22.794835],[-42.93869,-22.8026],[-42.92014,-22.81971],[-42.91583,-22.8197],[-42.91374,-22.816875],[-42.90613,-22.816895],[-42.88595,-22.867635],[-42.87864,-22.87036],[-42.87133,-22.86875],[-42.868305,-22.87206],[-42.86403,-22.872205],[-42.861445,-22.87663],[-42.857395,-22.877105],[-42.853555,-22.871255],[-42.84712,-22.87279],[-42.835805,-22.870615],[-42.829855,-22.86807],[-42.829325,-22.863045],[-42.8243,-22.85902],[-42.81527,-22.858925],[-42.800195,-22.853715],[-42.794625,-22.849005],[-42.781265,-22.848825],[-42.76729,-22.84267],[-42.761165,-22.844255],[-42.75648,-22.85038],[-42.748895,-22.85209],[-42.744275,-22.84711],[-42.735625,-22.84477],[-42.733565,-22.840775]]],[[[-43.032735,-22.742385],[-43.030835,-22.74721],[-43.027485,-22.74455],[-43.02728,-22.74351],[-43.03073,-22.74039],[-43.032735,-22.742385]]]]}},{"type":"Feature","properties":{"codarea":"3301801","nome":"Engenheiro Paulo de Frontin","nomeNormalizado":"ENGENHEIRO PAULO DE FRONTIN"},"geometry":{"type":"Polygon","coordinates":[[[-43.71151,-22.549535],[-43.70926,-22.556465],[-43.712315,-22.562675],[-43.707725,-22.564835],[-43.69525,-22.55847],[-43.690935,-22.55156],[-43.6873,-22.55155],[-43.685915,-22.55422],[-43.681755,-22.555365],[-43.682725,-22.55918],[-43.68838,-22.5624],[-43.691235,-22.566705],[-43.69003,-22.57025],[-43.687515,-22.56997],[-43.69169,-22.57579],[-43.667335,-22.58675],[-43.659075,-22.580405],[-43.663365,-22.57194],[-43.66879,-22.569095],[-43.67539,-22.56952],[-43.672295,-22.56397],[-43.66769,-22.56223],[-43.6673,-22.559135],[-43.664335,-22.557605],[-43.663965,-22.554835],[-43.668605,-22.54829],[-43.66201,-22.54679],[-43.65851,-22.54803],[-43.655145,-22.546095],[-43.65398,-22.54752],[-43.65118,-22.544715],[-43.64244,-22.543305],[-43.63932,-22.53983],[-43.63782,-22.539485],[-43.63718,-22.541985],[-43.632465,-22.53884],[-43.62977,-22.540615],[-43.62364,-22.539335],[-43.597445,-22.568075],[-43.56182,-22.50006],[-43.57207,-22.46115],[-43.58246,-22.456825],[-43.68786,-22.45845],[-43.686165,-22.46338],[-43.688435,-22.463045],[-43.700165,-22.537295],[-43.7025,-22.53866],[-43.701785,-22.542985],[-43.703955,-22.546255],[-43.71151,-22.549535]]]}},{"type":"Feature","properties":{"codarea":"3301108","nome":"Cantagalo","nomeNormalizado":"CANTAGALO"},"geometry":{"type":"Polygon","coordinates":[[[-42.41467,-22.0376],[-42.411635,-22.03198],[-42.406175,-22.0313],[-42.398945,-22.026365],[-42.401955,-22.019515],[-42.397205,-22.015765],[-42.39297,-22.015735],[-42.389565,-22.00568],[-42.3844,-22.00471],[-42.384195,-21.999205],[-42.35618,-22.00874],[-42.317985,-21.996805],[-42.3172,-21.995375],[-42.31501,-21.999535],[-42.308245,-21.988445],[-42.30924,-21.98129],[-42.30559,-21.98115],[-42.30201,-21.978085],[-42.300505,-21.97924],[-42.301865,-21.982005],[-42.30005,-21.98229],[-42.300265,-21.97428],[-42.29135,-21.98108],[-42.289255,-21.978695],[-42.27832,-21.98639],[-42.26974,-21.984125],[-42.257345,-21.98991],[-42.250565,-21.976805],[-42.244015,-21.97601],[-42.243005,-21.97279],[-42.24025,-21.971535],[-42.24267,-21.96823],[-42.239255,-21.96364],[-42.24395,-21.96005],[-42.241305,-21.95622],[-42.243115,-21.95251],[-42.237865,-21.950925],[-42.23387,-21.936725],[-42.23038,-21.934065],[-42.22806,-21.9347],[-42.22758,-21.93108],[-42.225125,-21.9296],[-42.22627,-21.92479],[-42.22026,-21.91728],[-42.20982,-21.91901],[-42.214295,-21.91422],[-42.21257,-21.912615],[-42.21346,-21.909405],[-42.221585,-21.908075],[-42.2185,-21.90604],[-42.2172,-21.900495],[-42.212895,-21.896145],[-42.215925,-21.89332],[-42.21476,-21.891105],[-42.21159,-21.89167],[-42.209635,-21.88685],[-42.21316,-21.88513],[-42.2109,-21.879935],[-42.2068,-21.877015],[-42.2047,-21.879535],[-42.20109,-21.878635],[-42.19909,-21.88142],[-42.18809,-21.87293],[-42.18352,-21.876055],[-42.18305,-21.869855],[-42.175285,-21.865165],[-42.173825,-21.86716],[-42.171275,-21.86656],[-42.171335,-21.864955],[-42.168115,-21.86398],[-42.16889,-21.859795],[-42.16725,-21.858695],[-42.2069,-21.783775],[-42.23708,-21.69721],[-42.24611,-21.70658],[-42.26665,-21.714475],[-42.27011,-21.71727],[-42.27953,-21.71861],[-42.303215,-21.72872],[-42.306585,-21.728445],[-42.314145,-21.73783],[-42.33346,-21.74585],[-42.35172,-21.74417],[-42.357725,-21.74105],[-42.3628,-21.74178],[-42.391195,-21.75578],[-42.395625,-21.76164],[-42.429885,-21.77567],[-42.438295,-21.776125],[-42.45972,-21.784755],[-42.459275,-21.789155],[-42.463805,-21.792205],[-42.461995,-21.79558],[-42.46895,-21.79837],[-42.463205,-21.80431],[-42.46524,-21.805075],[-42.45738,-21.81631],[-42.45445,-21.81761],[-42.452385,-21.81573],[-42.448495,-21.8197],[-42.449085,-21.825115],[-42.44582,-21.824175],[-42.43959,-21.829325],[-42.447605,-21.832595],[-42.43983,-21.840755],[-42.442945,-21.841625],[-42.44391,-21.844305],[-42.44669,-21.843875],[-42.449085,-21.84731],[-42.45215,-21.84699],[-42.45334,-21.85148],[-42.43536,-21.86399],[-42.430225,-21.871195],[-42.43547,-21.87369],[-42.43961,-21.87944],[-42.442945,-21.87976],[-42.44405,-21.876915],[-42.44564,-21.87799],[-42.448725,-21.87638],[-42.45764,-21.879075],[-42.47061,-21.891735],[-42.474025,-21.8932],[-42.479985,-21.891865],[-42.486665,-21.898055],[-42.49119,-21.89744],[-42.49408,-21.90229],[-42.50902,-21.90748],[-42.41467,-22.0376]]]}},{"type":"Feature","properties":{"codarea":"3301157","nome":"Cardoso Moreira","nomeNormalizado":"CARDOSO MOREIRA"},"geometry":{"type":"Polygon","coordinates":[[[-41.538135,-21.621865],[-41.53029,-21.625045],[-41.52189,-21.6343],[-41.5167,-21.636625],[-41.513675,-21.643015],[-41.509625,-21.64593],[-41.50936,-21.64995],[-41.49428,-21.66506],[-41.48998,-21.674895],[-41.42725,-21.61652],[-41.425385,-21.61119],[-41.40949,-21.60904],[-41.40568,-21.605685],[-41.40157,-21.597565],[-41.40082,-21.582285],[-41.39668,-21.580635],[-41.38623,-21.566435],[-41.379,-21.56054],[-41.365245,-21.55707],[-41.360105,-21.54417],[-41.364715,-21.53151],[-41.3736,-21.517475],[-41.373035,-21.505695],[-41.375095,-21.499835],[-41.382625,-21.492725],[-41.38238,-21.48974],[-41.38892,-21.485135],[-41.39072,-21.48224],[-41.38989,-21.478955],[-41.395255,-21.47885],[-41.39845,-21.47201],[-41.40582,-21.466715],[-41.408645,-21.46754],[-41.41276,-21.46508],[-41.411165,-21.45972],[-41.412935,-21.459225],[-41.411905,-21.45321],[-41.413335,-21.451555],[-41.41124,-21.449385],[-41.41353,-21.44686],[-41.41372,-21.437395],[-41.422185,-21.43104],[-41.424985,-21.426935],[-41.424345,-21.42455],[-41.42901,-21.42038],[-41.43075,-21.414215],[-41.43435,-21.410655],[-41.442965,-21.410945],[-41.44874,-21.405275],[-41.449455,-21.398585],[-41.551055,-21.42905],[-41.565875,-21.44347],[-41.574665,-21.446835],[-41.57454,-21.449625],[-41.57953,-21.45575],[-41.57935,-21.459145],[-41.593325,-21.4688],[-41.599605,-21.476805],[-41.600275,-21.48158],[-41.61887,-21.472045],[-41.65702,-21.479145],[-41.62695,-21.595715],[-41.61292,-21.587925],[-41.60744,-21.588165],[-41.60609,-21.58637],[-41.60224,-21.58743],[-41.59006,-21.581475],[-41.585275,-21.57629],[-41.57985,-21.575795],[-41.560975,-21.565745],[-41.549615,-21.564615],[-41.541435,-21.560815],[-41.543795,-21.616475],[-41.538135,-21.621865]]]}},{"type":"Feature","properties":{"codarea":"3300951","nome":"Comendador Levy Gasparian","nomeNormalizado":"COMENDADOR LEVY GASPARIAN"},"geometry":{"type":"Polygon","coordinates":[[[-43.13065,-22.03502],[-43.1289,-22.033675],[-43.128955,-22.02896],[-43.136125,-22.0297],[-43.142235,-22.033445],[-43.147025,-22.03095],[-43.15364,-22.03298],[-43.163395,-22.028525],[-43.16207,-22.025545],[-43.16406,-22.022665],[-43.169575,-22.02181],[-43.17765,-22.02857],[-43.18929,-22.03121],[-43.19185,-22.03418],[-43.20295,-22.037435],[-43.20472,-22.03225],[-43.201335,-22.025835],[-43.204015,-22.025965],[-43.207475,-22.029685],[-43.22151,-22.03376],[-43.231265,-22.024755],[-43.236375,-22.023815],[-43.234195,-22.01415],[-43.245465,-22.006575],[-43.254795,-22.011995],[-43.261535,-22.008035],[-43.26844,-22.01217],[-43.278795,-22.010535],[-43.302245,-22.02101],[-43.30997,-22.01617],[-43.316925,-22.016605],[-43.316235,-22.00767],[-43.319945,-22.005555],[-43.32502,-22.006555],[-43.330005,-22.010735],[-43.337015,-22.00919],[-43.339655,-22.01043],[-43.34275,-22.00344],[-43.3467,-22.00376],[-43.34605,-22.056035],[-43.343875,-22.0515],[-43.339695,-22.049995],[-43.33556,-22.05208],[-43.332575,-22.057335],[-43.32768,-22.06021],[-43.32152,-22.05974],[-43.31721,-22.06497],[-43.312545,-22.06523],[-43.310975,-22.067095],[-43.29948,-22.06282],[-43.2935,-22.06854],[-43.286155,-22.06891],[-43.28334,-22.066805],[-43.28053,-22.070405],[-43.28182,-22.07322],[-43.27329,-22.07623],[-43.267775,-22.072425],[-43.26527,-22.06314],[-43.253855,-22.0562],[-43.25882,-22.10333],[-43.21522,-22.07096],[-43.146335,-22.045785],[-43.14461,-22.048075],[-43.14063,-22.03987],[-43.13065,-22.03502]]]}},{"type":"Feature","properties":{"codarea":"3300936","nome":"Carapebus","nomeNormalizado":"CARAPEBUS"},"geometry":{"type":"Polygon","coordinates":[[[-41.77112,-22.18088],[-41.70432,-22.25221],[-41.708205,-22.267515],[-41.705195,-22.27153],[-41.7043,-22.278495],[-41.69794,-22.28188],[-41.69855,-22.28367],[-41.690705,-22.293885],[-41.689115,-22.30003],[-41.65042,-22.27941],[-41.54241,-22.23461],[-41.543115,-22.23309],[-41.53914,-22.2292],[-41.541915,-22.22616],[-41.546345,-22.22533],[-41.553545,-22.20283],[-41.540105,-22.19799],[-41.53885,-22.189855],[-41.54215,-22.18912],[-41.54788,-22.18288],[-41.54747,-22.178765],[-41.551015,-22.175485],[-41.549995,-22.169765],[-41.55415,-22.158555],[-41.56372,-22.149585],[-41.568895,-22.14862],[-41.57373,-22.138595],[-41.587925,-22.133455],[-41.693685,-22.10831],[-41.77112,-22.18088]]]}},{"type":"Feature","properties":{"codarea":"3301009","nome":"Campos dos Goytacazes","nomeNormalizado":"CAMPOS DOS GOYTACAZES"},"geometry":{"type":"Polygon","coordinates":[[[-41.6597,-22.055825],[-41.64771,-22.05153],[-41.629635,-22.050055],[-41.61746,-22.04593],[-41.6057,-22.048205],[-41.59383,-22.047285],[-41.580745,-22.05142],[-41.546325,-22.054995],[-41.53955,-22.050015],[-41.523195,-22.02237],[-41.51799,-22.017175],[-41.43763,-21.986585],[-41.27767,-22.065325],[-41.27103,-22.07902],[-41.2573,-22.09896],[-41.25011,-22.09757],[-41.243395,-22.09927],[-41.2288,-22.095485],[-41.22378,-22.097695],[-41.219575,-22.096465],[-41.21739,-22.098625],[-41.215,-22.09668],[-41.207375,-22.09624],[-41.20668,-22.098075],[-41.203465,-22.096125],[-41.20129,-22.103625],[-41.19883,-22.10167],[-41.19481,-22.104315],[-41.191115,-22.103325],[-41.19337,-22.10007],[-41.192735,-22.097115],[-41.1891,-22.101685],[-41.18904,-22.098995],[-41.179115,-22.099865],[-41.176255,-22.09583],[-41.17503,-22.09748],[-41.16677,-22.097835],[-41.16668,-22.099555],[-41.159995,-22.10182],[-41.161175,-22.097745],[-41.15791,-22.093435],[-41.155685,-22.09668],[-41.151385,-22.09508],[-41.152015,-22.09915],[-41.148805,-22.098545],[-41.14826,-22.095275],[-41.145175,-22.099415],[-41.141345,-22.09451],[-41.14389,-22.092265],[-41.14265,-22.089635],[-41.13381,-22.095455],[-41.132875,-22.09084],[-41.123235,-22.084175],[-41.07108,-22.05469],[-41.009725,-22.02461],[-40.99009,-22.009405],[-40.98091,-21.992],[-40.975065,-21.966645],[-40.97519,-21.941035],[-40.981825,-21.91106],[-41.127875,-21.911935],[-41.13444,-21.900265],[-41.15333,-21.882675],[-41.15967,-21.8688],[-41.15881,-21.864335],[-41.15402,-21.861095],[-41.149045,-21.81921],[-41.16169,-21.79504],[-41.17725,-21.776865],[-41.172045,-21.748725],[-41.194315,-21.72647],[-41.17873,-21.72167],[-41.168265,-21.70914],[-41.146035,-21.69498],[-41.13435,-21.67795],[-41.138235,-21.67629],[-41.14112,-21.67732],[-41.139545,-21.67133],[-41.146965,-21.671845],[-41.14564,-21.676355],[-41.15036,-21.674025],[-41.15837,-21.67464],[-41.16485,-21.68159],[-41.171145,-21.682885],[-41.177415,-21.689175],[-41.185015,-21.688755],[-41.191085,-21.683755],[-41.196855,-21.68253],[-41.185575,-21.63643],[-41.18109,-21.59206],[-41.197525,-21.59298],[-41.20395,-21.58507],[-41.21954,-21.57896],[-41.222645,-21.573965],[-41.229835,-21.57142],[-41.23077,-21.56673],[-41.23477,-21.563545],[-41.240075,-21.563065],[-41.24364,-21.55863],[-41.254465,-21.55631],[-41.244065,-21.50056],[-41.24875,-21.50185],[-41.261485,-21.489735],[-41.256765,-21.48565],[-41.25553,-21.47904],[-41.2585,-21.466215],[-41.255915,-21.458425],[-41.258575,-21.454025],[-41.255835,-21.445755],[-41.257715,-21.421355],[-41.26236,-21.41684],[-41.262205,-21.413345],[-41.26672,-21.407655],[-41.262765,-21.39927],[-41.256915,-21.396415],[-41.2557,-21.393095],[-41.25814,-21.3906],[-41.25727,-21.38881],[-41.24311,-21.388535],[-41.241635,-21.384115],[-41.237205,-21.38242],[-41.23698,-21.375585],[-41.242965,-21.3665],[-41.253235,-21.36551],[-41.255445,-21.36219],[-41.26009,-21.364815],[-41.263675,-21.36407],[-41.26545,-21.35617],[-41.26985,-21.35185],[-41.26287,-21.33955],[-41.26458,-21.336675],[-41.26335,-21.331835],[-41.253545,-21.32146],[-41.25063,-21.32138],[-41.248285,-21.314155],[-41.24895,-21.309245],[-41.26179,-21.314595],[-41.27747,-21.31233],[-41.282855,-21.314765],[-41.29539,-21.315845],[-41.299355,-21.31065],[-41.307735,-21.313545],[-41.312895,-21.31168],[-41.310475,-21.309685],[-41.308855,-21.301675],[-41.302445,-21.29774],[-41.296645,-21.28338],[-41.293595,-21.28099],[-41.28722,-21.2563],[-41.282785,-21.25074],[-41.27642,-21.24979],[-41.276855,-21.246735],[-41.271905,-21.246285],[-41.276225,-21.24015],[-41.28087,-21.23814],[-41.283135,-21.2346],[-41.28379,-21.238055],[-41.285605,-21.238175],[-41.28665,-21.234415],[-41.29175,-21.23247],[-41.2973,-21.235075],[-41.2972,-21.23102],[-41.303455,-21.2286],[-41.309915,-21.219495],[-41.31694,-21.222005],[-41.316185,-21.213545],[-41.325565,-21.21312],[-41.32312,-21.216675],[-41.325785,-21.21856],[-41.33287,-21.21532],[-41.331275,-21.211645],[-41.336835,-21.207205],[-41.34286,-21.208895],[-41.34949,-21.2055],[-41.3546,-21.206815],[-41.357345,-21.203655],[-41.360635,-21.2051],[-41.362925,-21.20269],[-41.37235,-21.203545],[-41.375375,-21.20155],[-41.37665,-21.195795],[-41.380335,-21.19584],[-41.38129,-21.19998],[-41.38488,-21.200965],[-41.388015,-21.1989],[-41.39253,-21.20252],[-41.40265,-21.19829],[-41.40614,-21.20245],[-41.41034,-21.198515],[-41.412515,-21.201755],[-41.416785,-21.200225],[-41.435865,-21.21585],[-41.440355,-21.21394],[-41.44617,-21.21548],[-41.453695,-21.20907],[-41.460355,-21.20877],[-41.46963,-21.202795],[-41.470055,-21.231415],[-41.479275,-21.234],[-41.479505,-21.23559],[-41.48211,-21.23505],[-41.49039,-21.24292],[-41.49618,-21.24502],[-41.49911,-21.256005],[-41.50261,-21.26018],[-41.50167,-21.26163],[-41.50662,-21.265125],[-41.511975,-21.26419],[-41.514425,-21.261245],[-41.524615,-21.2676],[-41.523955,-21.27445],[-41.535755,-21.281335],[-41.537075,-21.2797],[-41.53988,-21.28149],[-41.55354,-21.29637],[-41.584525,-21.309605],[-41.587395,-21.312195],[-41.58507,-21.317385],[-41.551055,-21.42905],[-41.449455,-21.398585],[-41.44874,-21.405275],[-41.442965,-21.410945],[-41.43435,-21.410655],[-41.43075,-21.414215],[-41.42901,-21.42038],[-41.424345,-21.42455],[-41.424985,-21.426935],[-41.422185,-21.43104],[-41.41372,-21.437395],[-41.41353,-21.44686],[-41.41124,-21.449385],[-41.413335,-21.451555],[-41.411905,-21.45321],[-41.412935,-21.459225],[-41.411165,-21.45972],[-41.41276,-21.46508],[-41.408645,-21.46754],[-41.40582,-21.466715],[-41.39845,-21.47201],[-41.395255,-21.47885],[-41.38989,-21.478955],[-41.39072,-21.48224],[-41.38892,-21.485135],[-41.38238,-21.48974],[-41.382625,-21.492725],[-41.375095,-21.499835],[-41.373035,-21.505695],[-41.3736,-21.517475],[-41.364715,-21.53151],[-41.360105,-21.54417],[-41.365245,-21.55707],[-41.379,-21.56054],[-41.38623,-21.566435],[-41.39668,-21.580635],[-41.40082,-21.582285],[-41.40157,-21.597565],[-41.40568,-21.605685],[-41.40949,-21.60904],[-41.425385,-21.61119],[-41.42725,-21.61652],[-41.48998,-21.674895],[-41.49428,-21.66506],[-41.50936,-21.64995],[-41.509625,-21.64593],[-41.513675,-21.643015],[-41.5167,-21.636625],[-41.52189,-21.6343],[-41.53029,-21.625045],[-41.538135,-21.621865],[-41.541355,-21.62702],[-41.553335,-21.63028],[-41.556005,-21.64059],[-41.559275,-21.638825],[-41.56355,-21.643235],[-41.56981,-21.64038],[-41.575965,-21.646515],[-41.575205,-21.64984],[-41.57805,-21.65302],[-41.58204,-21.653235],[-41.58426,-21.65704],[-41.58929,-21.65833],[-41.591205,-21.664145],[-41.59423,-21.66288],[-41.60425,-21.665285],[-41.612215,-21.664755],[-41.61687,-21.67095],[-41.630305,-21.67009],[-41.634075,-21.67143],[-41.63634,-21.669245],[-41.640965,-21.67136],[-41.64841,-21.681025],[-41.64907,-21.68751],[-41.655435,-21.693935],[-41.663045,-21.69438],[-41.66565,-21.698195],[-41.6698,-21.698575],[-41.677335,-21.703235],[-41.681635,-21.702685],[-41.683465,-21.70825],[-41.687955,-21.711135],[-41.69129,-21.71013],[-41.696015,-21.714415],[-41.695365,-21.718975],[-41.700465,-21.725745],[-41.698615,-21.73121],[-41.699775,-21.73631],[-41.69772,-21.73924],[-41.70221,-21.741745],[-41.70421,-21.747915],[-41.709225,-21.75164],[-41.72267,-21.756065],[-41.729535,-21.76317],[-41.732375,-21.764215],[-41.734305,-21.76282],[-41.747905,-21.77929],[-41.75168,-21.781155],[-41.749245,-21.786175],[-41.746,-21.78758],[-41.747185,-21.788795],[-41.756335,-21.789765],[-41.765795,-21.787445],[-41.774045,-21.7895],[-41.776595,-21.788295],[-41.77749,-21.78474],[-41.78694,-21.783665],[-41.788625,-21.781635],[-41.79588,-21.78384],[-41.795785,-21.7943],[-41.808665,-21.797665],[-41.81074,-21.804815],[-41.814955,-21.806395],[-41.816255,-21.80967],[-41.825865,-21.81747],[-41.8306,-21.817665],[-41.834495,-21.820815],[-41.83547,-21.82446],[-41.839185,-21.82687],[-41.83737,-21.83309],[-41.842505,-21.83625],[-41.850205,-21.837215],[-41.85817,-21.84462],[-41.88472,-21.85826],[-41.888475,-21.865175],[-41.88388,-21.872345],[-41.888335,-21.8776],[-41.886815,-21.88074],[-41.866675,-21.885],[-41.85533,-21.884945],[-41.84876,-21.887605],[-41.835645,-21.8872],[-41.814755,-21.8794],[-41.809155,-21.880865],[-41.796785,-21.876835],[-41.7965,-21.878965],[-41.787355,-21.88175],[-41.791035,-21.883885],[-41.789725,-21.887185],[-41.787815,-21.886965],[-41.788855,-21.88837],[-41.78484,-21.8889],[-41.78224,-21.886635],[-41.779675,-21.88921],[-41.77143,-21.89118],[-41.757705,-21.888635],[-41.752095,-21.88992],[-41.74072,-21.888765],[-41.740125,-21.89031],[-41.733115,-21.887425],[-41.730475,-21.889605],[-41.726595,-21.888025],[-41.72386,-21.89007],[-41.720465,-21.88656],[-41.712375,-21.890705],[-41.70328,-21.88981],[-41.702675,-21.891425],[-41.70959,-21.89454],[-41.709525,-21.90036],[-41.71229,-21.90121],[-41.71032,-21.904905],[-41.7161,-21.91139],[-41.71395,-21.92374],[-41.721025,-21.94489],[-41.7134,-21.96149],[-41.720615,-21.96808],[-41.71691,-21.98148],[-41.717815,-21.985505],[-41.7229,-21.992995],[-41.731385,-21.996335],[-41.73483,-22.004615],[-41.740065,-22.003775],[-41.74177,-22.008545],[-41.74574,-22.010685],[-41.747825,-22.00921],[-41.753625,-22.015385],[-41.76212,-22.019465],[-41.76411,-22.007715],[-41.78324,-22.014115],[-41.792745,-22.02485],[-41.78774,-22.020815],[-41.77632,-22.021945],[-41.764615,-22.0339],[-41.763625,-22.04416],[-41.76674,-22.0472],[-41.76211,-22.04952],[-41.7589,-22.05471],[-41.76238,-22.0635],[-41.75513,-22.06877],[-41.75323,-22.0775],[-41.754505,-22.08178],[-41.750455,-22.086395],[-41.74083,-22.08662],[-41.737985,-22.084885],[-41.73539,-22.07734],[-41.730705,-22.07233],[-41.71656,-22.05917],[-41.70278,-22.051405],[-41.66481,-22.05737],[-41.6597,-22.055825]]]}},{"type":"Feature","properties":{"codarea":"3301405","nome":"Conceição de Macabu","nomeNormalizado":"CONCEICAO DE MACABU"},"geometry":{"type":"Polygon","coordinates":[[[-41.9738,-22.13361],[-41.970545,-22.136585],[-41.9723,-22.139455],[-41.971245,-22.149075],[-41.974595,-22.165355],[-41.96705,-22.152915],[-41.9633,-22.153895],[-41.958985,-22.15204],[-41.95626,-22.154505],[-41.9515,-22.152385],[-41.946345,-22.15972],[-41.93955,-22.158995],[-41.93855,-22.16235],[-41.93369,-22.16412],[-41.91958,-22.16267],[-41.91944,-22.17134],[-41.91298,-22.169795],[-41.908845,-22.174815],[-41.907975,-22.17875],[-41.912085,-22.186195],[-41.9034,-22.185215],[-41.90118,-22.19017],[-41.90614,-22.2057],[-41.917525,-22.211755],[-41.91666,-22.22919],[-41.910705,-22.231965],[-41.90779,-22.23051],[-41.901465,-22.23232],[-41.89947,-22.237795],[-41.90669,-22.24254],[-41.89672,-22.245285],[-41.893695,-22.249595],[-41.892855,-22.25703],[-41.886115,-22.259495],[-41.88643,-22.26855],[-41.878335,-22.274885],[-41.870795,-22.27258],[-41.863795,-22.27454],[-41.86256,-22.271165],[-41.85961,-22.26977],[-41.8598,-22.26468],[-41.84824,-22.23614],[-41.846015,-22.215765],[-41.84047,-22.209185],[-41.839995,-22.19878],[-41.8293,-22.19025],[-41.819455,-22.186395],[-41.824715,-22.14601],[-41.77112,-22.18088],[-41.693685,-22.10831],[-41.71714,-22.087375],[-41.717675,-22.08353],[-41.715475,-22.081275],[-41.705655,-22.080425],[-41.7017,-22.076515],[-41.689825,-22.0732],[-41.682675,-22.068145],[-41.678315,-22.06957],[-41.673365,-22.06721],[-41.6625,-22.068485],[-41.66244,-22.061105],[-41.6597,-22.055825],[-41.66481,-22.05737],[-41.70278,-22.051405],[-41.71656,-22.05917],[-41.730705,-22.07233],[-41.73539,-22.07734],[-41.737985,-22.084885],[-41.74083,-22.08662],[-41.750455,-22.086395],[-41.753315,-22.08705],[-41.75304,-22.08538],[-41.76043,-22.083725],[-41.764655,-22.085615],[-41.76811,-22.084325],[-41.767515,-22.086585],[-41.76976,-22.08624],[-41.77905,-22.097335],[-41.78845,-22.099835],[-41.798505,-22.099245],[-41.799355,-22.09783],[-41.810625,-22.09868],[-41.81348,-22.100605],[-41.821255,-22.1001],[-41.821955,-22.09434],[-41.82496,-22.09352],[-41.826205,-22.088935],[-41.82941,-22.088225],[-41.828225,-22.08636],[-41.83107,-22.08538],[-41.83263,-22.0783],[-41.839105,-22.075125],[-41.83655,-22.07206],[-41.847965,-22.071355],[-41.86528,-22.057835],[-41.86704,-22.05226],[-41.873245,-22.05165],[-41.87619,-22.05494],[-41.88733,-22.048935],[-41.89553,-22.056385],[-41.903535,-22.057655],[-41.90456,-22.06575],[-41.90776,-22.067985],[-41.91683,-22.067285],[-41.92592,-22.06049],[-41.928355,-22.06197],[-41.93598,-22.05686],[-41.937155,-22.062195],[-41.940875,-22.064065],[-41.94169,-22.070385],[-41.947445,-22.071615],[-41.95516,-22.077305],[-41.959005,-22.07639],[-41.96176,-22.07787],[-41.96332,-22.083115],[-41.9603,-22.09272],[-41.962475,-22.09449],[-41.958565,-22.097535],[-41.96245,-22.1055],[-41.95794,-22.117645],[-41.963215,-22.12865],[-41.96813,-22.13262],[-41.9738,-22.13361]]]}},{"type":"Feature","properties":{"codarea":"3301207","nome":"Carmo","nomeNormalizado":"CARMO"},"geometry":{"type":"Polygon","coordinates":[[[-42.5479,-21.999635],[-42.548925,-21.994855],[-42.54616,-21.9921],[-42.551025,-21.99141],[-42.54681,-21.984485],[-42.549445,-21.977665],[-42.552955,-21.9748],[-42.552685,-21.968805],[-42.55695,-21.965645],[-42.555625,-21.96044],[-42.558535,-21.95742],[-42.55589,-21.951595],[-42.55116,-21.953175],[-42.548555,-21.951145],[-42.54888,-21.94643],[-42.545695,-21.943185],[-42.546215,-21.929505],[-42.540055,-21.929585],[-42.53679,-21.922615],[-42.53861,-21.91656],[-42.53481,-21.913205],[-42.535155,-21.91021],[-42.53138,-21.910325],[-42.527375,-21.906365],[-42.524265,-21.91028],[-42.518645,-21.912565],[-42.51169,-21.912085],[-42.511415,-21.9084],[-42.50902,-21.90748],[-42.49408,-21.90229],[-42.49119,-21.89744],[-42.486665,-21.898055],[-42.479985,-21.891865],[-42.474025,-21.8932],[-42.47061,-21.891735],[-42.45764,-21.879075],[-42.448725,-21.87638],[-42.44564,-21.87799],[-42.44405,-21.876915],[-42.442945,-21.87976],[-42.43961,-21.87944],[-42.43547,-21.87369],[-42.430225,-21.871195],[-42.43536,-21.86399],[-42.45334,-21.85148],[-42.45215,-21.84699],[-42.449085,-21.84731],[-42.44669,-21.843875],[-42.44391,-21.844305],[-42.442945,-21.841625],[-42.43983,-21.840755],[-42.447605,-21.832595],[-42.43959,-21.829325],[-42.44582,-21.824175],[-42.449085,-21.825115],[-42.448495,-21.8197],[-42.452385,-21.81573],[-42.45445,-21.81761],[-42.45738,-21.81631],[-42.46524,-21.805075],[-42.463205,-21.80431],[-42.46895,-21.79837],[-42.461995,-21.79558],[-42.463805,-21.792205],[-42.459275,-21.789155],[-42.45972,-21.784755],[-42.498,-21.802335],[-42.60438,-21.845555],[-42.606025,-21.846475],[-42.60533,-21.85066],[-42.61432,-21.855885],[-42.62873,-21.85937],[-42.64032,-21.865815],[-42.665345,-21.87325],[-42.66448,-21.877005],[-42.668095,-21.880185],[-42.66316,-21.89073],[-42.668435,-21.89314],[-42.67002,-21.89798],[-42.66661,-21.899235],[-42.662215,-21.90552],[-42.66347,-21.91546],[-42.67135,-21.923295],[-42.67062,-21.92787],[-42.674465,-21.93194],[-42.672755,-21.93563],[-42.677075,-21.94468],[-42.6815,-21.948975],[-42.689475,-21.9498],[-42.69925,-21.959775],[-42.69707,-21.96306],[-42.68809,-21.962885],[-42.687745,-21.9653],[-42.691875,-21.96791],[-42.690995,-21.96932],[-42.5479,-21.999635]]]}},{"type":"Feature","properties":{"codarea":"3301306","nome":"Casimiro de Abreu","nomeNormalizado":"CASIMIRO DE ABREU"},"geometry":{"type":"Polygon","coordinates":[[[-41.99145,-22.598095],[-41.99139,-22.599365],[-41.98919,-22.598515],[-41.979155,-22.56246],[-41.981915,-22.56152],[-41.99013,-22.52999],[-41.990255,-22.52506],[-41.98674,-22.52165],[-41.99121,-22.510215],[-41.99131,-22.50216],[-42.003085,-22.4902],[-42.01892,-22.479765],[-42.018025,-22.476755],[-42.02695,-22.46843],[-42.02761,-22.455435],[-42.017435,-22.449385],[-42.020765,-22.43883],[-42.017855,-22.42838],[-42.014455,-22.425875],[-42.019725,-22.42782],[-42.02285,-22.424695],[-42.03079,-22.42419],[-42.03621,-22.427985],[-42.039275,-22.426445],[-42.0421,-22.42796],[-42.046625,-22.42397],[-42.063515,-22.42277],[-42.065135,-22.425995],[-42.063875,-22.434625],[-42.06873,-22.43533],[-42.074155,-22.43043],[-42.08626,-22.43914],[-42.105795,-22.43667],[-42.10016,-22.42748],[-42.09842,-22.41669],[-42.100605,-22.41328],[-42.09653,-22.408195],[-42.099005,-22.40794],[-42.098795,-22.40425],[-42.10443,-22.406615],[-42.107445,-22.404105],[-42.11706,-22.40216],[-42.11786,-22.404585],[-42.12381,-22.405585],[-42.125615,-22.412685],[-42.1372,-22.41265],[-42.138135,-22.414215],[-42.136015,-22.416055],[-42.139315,-22.41711],[-42.13794,-22.419395],[-42.14015,-22.42446],[-42.143145,-22.424645],[-42.144465,-22.428035],[-42.14967,-22.426635],[-42.15188,-22.42071],[-42.15874,-22.424455],[-42.161445,-22.42273],[-42.161295,-22.428565],[-42.170605,-22.42154],[-42.182275,-22.432645],[-42.191495,-22.43326],[-42.195225,-22.43075],[-42.20113,-22.43048],[-42.206545,-22.425505],[-42.207755,-22.42136],[-42.204205,-22.41401],[-42.21144,-22.41153],[-42.211225,-22.40766],[-42.21692,-22.40873],[-42.2193,-22.40591],[-42.21442,-22.39844],[-42.210185,-22.39689],[-42.21409,-22.39181],[-42.209215,-22.390605],[-42.20705,-22.387195],[-42.210355,-22.381145],[-42.21586,-22.38329],[-42.21585,-22.37393],[-42.206065,-22.37203],[-42.20411,-22.37084],[-42.205325,-22.36913],[-42.210885,-22.36177],[-42.217225,-22.360065],[-42.21845,-22.354565],[-42.22593,-22.351945],[-42.222485,-22.35875],[-42.24027,-22.36148],[-42.24558,-22.365145],[-42.249855,-22.36471],[-42.25106,-22.36754],[-42.25455,-22.365595],[-42.257155,-22.366475],[-42.25947,-22.37227],[-42.26312,-22.372545],[-42.26544,-22.37628],[-42.26815,-22.37524],[-42.27636,-22.3792],[-42.280505,-22.38548],[-42.294175,-22.3923],[-42.288685,-22.40468],[-42.277555,-22.401735],[-42.26915,-22.40253],[-42.281295,-22.412615],[-42.290055,-22.42955],[-42.294685,-22.429975],[-42.29374,-22.436555],[-42.29822,-22.448935],[-42.304075,-22.45685],[-42.30242,-22.464545],[-42.297625,-22.467465],[-42.29301,-22.46394],[-42.28915,-22.46552],[-42.284475,-22.47727],[-42.277925,-22.47894],[-42.275715,-22.48112],[-42.27721,-22.48309],[-42.270335,-22.48575],[-42.269185,-22.49727],[-42.26297,-22.50006],[-42.261505,-22.50667],[-42.265695,-22.519765],[-42.26282,-22.526435],[-42.25921,-22.52885],[-42.259085,-22.53216],[-42.254285,-22.53389],[-42.250275,-22.54642],[-42.24079,-22.54615],[-42.230115,-22.54096],[-42.226415,-22.54202],[-42.213635,-22.53855],[-42.20365,-22.541975],[-42.204015,-22.54484],[-42.19811,-22.54843],[-42.190505,-22.54913],[-42.186925,-22.55549],[-42.185945,-22.55085],[-42.182215,-22.55112],[-42.182405,-22.552675],[-42.17897,-22.55117],[-42.176695,-22.54572],[-42.17153,-22.548825],[-42.169605,-22.54685],[-42.165985,-22.54817],[-42.16584,-22.54557],[-42.16327,-22.54673],[-42.161265,-22.544785],[-42.150395,-22.5489],[-42.15141,-22.551735],[-42.15389,-22.550985],[-42.15123,-22.55673],[-42.14461,-22.55162],[-42.143965,-22.548215],[-42.14108,-22.54864],[-42.143525,-22.543595],[-42.147115,-22.54308],[-42.14735,-22.541055],[-42.140355,-22.542065],[-42.138555,-22.54019],[-42.133845,-22.54237],[-42.13122,-22.54644],[-42.13062,-22.55247],[-42.133825,-22.55482],[-42.12718,-22.557705],[-42.12281,-22.55406],[-42.121205,-22.555005],[-42.120535,-22.55937],[-42.12439,-22.564645],[-42.110635,-22.56724],[-42.10757,-22.565185],[-42.106045,-22.560345],[-42.100925,-22.564905],[-42.09772,-22.56162],[-42.093665,-22.561805],[-42.09126,-22.564995],[-42.093805,-22.57142],[-42.087935,-22.57256],[-42.08414,-22.56915],[-42.080155,-22.5751],[-42.07288,-22.567495],[-42.064935,-22.56867],[-42.061675,-22.572935],[-42.06062,-22.564925],[-42.062745,-22.559965],[-42.054855,-22.563115],[-42.049115,-22.5613],[-42.041425,-22.568945],[-42.03856,-22.566955],[-42.03724,-22.56065],[-42.03448,-22.55979],[-42.029845,-22.57089],[-42.02067,-22.568965],[-42.02034,-22.577945],[-42.01737,-22.57804],[-42.01322,-22.571575],[-42.01077,-22.571805],[-42.00412,-22.58494],[-41.998235,-22.57555],[-41.99518,-22.574855],[-41.99083,-22.579835],[-41.996185,-22.5942],[-41.991565,-22.59603],[-41.99145,-22.598095]]]}},{"type":"Feature","properties":{"codarea":"3300605","nome":"Bom Jesus do Itabapoana","nomeNormalizado":"BOM JESUS DO ITABAPOANA"},"geometry":{"type":"Polygon","coordinates":[[[-41.83914,-21.08162],[-41.830995,-21.08801],[-41.829605,-21.094235],[-41.82512,-21.10084],[-41.81611,-21.103865],[-41.817935,-21.1085],[-41.823475,-21.11083],[-41.825065,-21.11654],[-41.829155,-21.11827],[-41.829865,-21.1219],[-41.82035,-21.1223],[-41.818645,-21.124385],[-41.805915,-21.11765],[-41.798805,-21.12127],[-41.79967,-21.13271],[-41.803515,-21.13685],[-41.802435,-21.1407],[-41.804245,-21.14278],[-41.794875,-21.14415],[-41.786855,-21.148615],[-41.775055,-21.14784],[-41.76705,-21.150575],[-41.7636,-21.154855],[-41.76692,-21.16166],[-41.764685,-21.16471],[-41.76629,-21.16777],[-41.76385,-21.170685],[-41.763935,-21.17621],[-41.756035,-21.17659],[-41.74628,-21.169385],[-41.73149,-21.1681],[-41.726145,-21.170715],[-41.728345,-21.175065],[-41.725795,-21.17831],[-41.727435,-21.18056],[-41.719915,-21.18297],[-41.72155,-21.18809],[-41.717295,-21.19614],[-41.718665,-21.204255],[-41.72512,-21.212625],[-41.72767,-21.221185],[-41.72247,-21.222025],[-41.720285,-21.22454],[-41.714595,-21.22031],[-41.705595,-21.219725],[-41.70352,-21.22504],[-41.701195,-21.22575],[-41.69914,-21.23801],[-41.68822,-21.24546],[-41.682125,-21.257175],[-41.6736,-21.249915],[-41.660895,-21.245095],[-41.65495,-21.243815],[-41.645545,-21.247235],[-41.63949,-21.24547],[-41.63569,-21.251395],[-41.629575,-21.25462],[-41.63793,-21.26112],[-41.624205,-21.26484],[-41.61991,-21.26887],[-41.619445,-21.27626],[-41.61534,-21.275315],[-41.60855,-21.277475],[-41.606675,-21.28083],[-41.60929,-21.284065],[-41.605515,-21.28862],[-41.605745,-21.292445],[-41.600885,-21.294515],[-41.60136,-21.296975],[-41.58813,-21.30341],[-41.5909,-21.310605],[-41.58507,-21.317385],[-41.587395,-21.312195],[-41.584525,-21.309605],[-41.55354,-21.29637],[-41.53988,-21.28149],[-41.537075,-21.2797],[-41.535755,-21.281335],[-41.523955,-21.27445],[-41.524615,-21.2676],[-41.514425,-21.261245],[-41.511975,-21.26419],[-41.50662,-21.265125],[-41.50167,-21.26163],[-41.50261,-21.26018],[-41.49911,-21.256005],[-41.49618,-21.24502],[-41.49039,-21.24292],[-41.48211,-21.23505],[-41.479505,-21.23559],[-41.479275,-21.234],[-41.470055,-21.231415],[-41.46963,-21.202795],[-41.47169,-21.202745],[-41.47291,-21.1986],[-41.479135,-21.19364],[-41.48052,-21.189125],[-41.4787,-21.18283],[-41.48208,-21.184285],[-41.486525,-21.179895],[-41.49311,-21.183025],[-41.49495,-21.18213],[-41.49826,-21.18513],[-41.50238,-21.18265],[-41.50315,-21.17746],[-41.51155,-21.175835],[-41.51498,-21.178965],[-41.51481,-21.184455],[-41.517075,-21.187715],[-41.520975,-21.18702],[-41.530435,-21.180025],[-41.54829,-21.1833],[-41.55154,-21.176125],[-41.55444,-21.175775],[-41.55609,-21.172395],[-41.56171,-21.177245],[-41.564625,-21.183745],[-41.57011,-21.179305],[-41.56981,-21.17243],[-41.57223,-21.16972],[-41.578235,-21.169745],[-41.583895,-21.16476],[-41.58675,-21.149475],[-41.61259,-21.157],[-41.614975,-21.15194],[-41.62804,-21.14468],[-41.639395,-21.146195],[-41.64631,-21.142855],[-41.654085,-21.14217],[-41.65269,-21.137355],[-41.665365,-21.131985],[-41.661885,-21.126975],[-41.663155,-21.1247],[-41.67267,-21.128025],[-41.6765,-21.13404],[-41.67929,-21.13192],[-41.676825,-21.127025],[-41.67766,-21.12409],[-41.68217,-21.12092],[-41.68843,-21.122175],[-41.690895,-21.11724],[-41.69416,-21.11537],[-41.705725,-21.120825],[-41.704945,-21.127795],[-41.717065,-21.12528],[-41.72034,-21.122725],[-41.718005,-21.11607],[-41.710555,-21.11111],[-41.705955,-21.11214],[-41.705185,-21.109475],[-41.70735,-21.10697],[-41.716305,-21.104825],[-41.71921,-21.10692],[-41.72329,-21.103635],[-41.728755,-21.107165],[-41.73628,-21.10143],[-41.733625,-21.098155],[-41.734535,-21.095525],[-41.73127,-21.087315],[-41.72552,-21.081965],[-41.721565,-21.0733],[-41.72316,-21.06711],[-41.73277,-21.066055],[-41.72935,-21.049625],[-41.723235,-21.05564],[-41.71903,-21.053975],[-41.71619,-21.04705],[-41.721785,-21.04315],[-41.7252,-21.03308],[-41.72279,-21.024435],[-41.721015,-21.026125],[-41.71967,-21.02354],[-41.715505,-21.022475],[-41.714545,-21.01541],[-41.721875,-21.01089],[-41.72142,-21.002015],[-41.7206,-20.99972],[-41.71747,-20.9993],[-41.71589,-20.991475],[-41.710015,-20.991035],[-41.711625,-20.98059],[-41.71644,-20.974265],[-41.717405,-20.953045],[-41.725735,-20.9507],[-41.7312,-20.946675],[-41.73389,-20.943135],[-41.73735,-20.927935],[-41.73312,-20.927005],[-41.72561,-20.92113],[-41.72237,-20.923255],[-41.718485,-20.899145],[-41.719745,-20.896815],[-41.72566,-20.89514],[-41.72634,-20.89239],[-41.723185,-20.887595],[-41.723555,-20.8844],[-41.7218,-20.88554],[-41.719935,-20.883925],[-41.721555,-20.88093],[-41.71728,-20.877965],[-41.71923,-20.875255],[-41.715695,-20.871825],[-41.711465,-20.87188],[-41.7125,-20.86802],[-41.718725,-20.867945],[-41.720315,-20.86437],[-41.725405,-20.865715],[-41.726845,-20.863705],[-41.72998,-20.870825],[-41.73305,-20.869255],[-41.741465,-20.872585],[-41.749255,-20.870275],[-41.754955,-20.87451],[-41.760305,-20.88215],[-41.76859,-20.887375],[-41.777255,-20.896365],[-41.779475,-20.902465],[-41.784105,-20.903515],[-41.791165,-20.914005],[-41.791215,-20.917195],[-41.79821,-20.922245],[-41.797675,-20.92422],[-41.80147,-20.927055],[-41.802415,-20.93106],[-41.811855,-20.94184],[-41.812935,-20.94431],[-41.80847,-20.95645],[-41.80021,-20.95726],[-41.79934,-20.96144],[-41.793825,-20.961515],[-41.789525,-20.966045],[-41.79117,-20.975465],[-41.79451,-20.976985],[-41.79373,-20.98415],[-41.797285,-20.987735],[-41.801035,-20.98711],[-41.803195,-20.99238],[-41.80198,-20.994785],[-41.805585,-20.994925],[-41.80829,-20.998675],[-41.80945,-21.00646],[-41.807315,-21.010505],[-41.81296,-21.0136],[-41.82197,-21.029765],[-41.8299,-21.03542],[-41.8357,-21.044055],[-41.837705,-21.05568],[-41.849165,-21.059505],[-41.850545,-21.06194],[-41.84603,-21.067215],[-41.846485,-21.07073],[-41.842215,-21.07015],[-41.842645,-21.073455],[-41.839165,-21.074765],[-41.83914,-21.08162]]]}},{"type":"Feature","properties":{"codarea":"3300456","nome":"Belford Roxo","nomeNormalizado":"BELFORD ROXO"},"geometry":{"type":"Polygon","coordinates":[[[-43.39714,-22.777595],[-43.385155,-22.766455],[-43.32929,-22.755905],[-43.327955,-22.727425],[-43.319785,-22.7094],[-43.327095,-22.705625],[-43.326235,-22.69853],[-43.32857,-22.695025],[-43.3352,-22.69651],[-43.340675,-22.694435],[-43.34816,-22.698515],[-43.36537,-22.685135],[-43.370305,-22.694255],[-43.37637,-22.69312],[-43.381365,-22.688925],[-43.38431,-22.69213],[-43.38692,-22.68996],[-43.40238,-22.69549],[-43.407975,-22.694385],[-43.410245,-22.699775],[-43.41706,-22.700075],[-43.42267,-22.703855],[-43.43156,-22.702605],[-43.427225,-22.7159],[-43.434085,-22.72454],[-43.422515,-22.74973],[-43.413915,-22.75563],[-43.415995,-22.76499],[-43.410745,-22.76807],[-43.39714,-22.777595]]]}},{"type":"Feature","properties":{"codarea":"3300506","nome":"Bom Jardim","nomeNormalizado":"BOM JARDIM"},"geometry":{"type":"Polygon","coordinates":[[[-42.28754,-22.292165],[-42.285655,-22.288645],[-42.293095,-22.288485],[-42.294855,-22.285825],[-42.292845,-22.281905],[-42.28152,-22.278315],[-42.280725,-22.271895],[-42.27395,-22.27049],[-42.271,-22.26723],[-42.264595,-22.26635],[-42.26005,-22.25872],[-42.252,-22.25636],[-42.25383,-22.25159],[-42.24859,-22.24813],[-42.24769,-22.24495],[-42.250265,-22.237355],[-42.24007,-22.23525],[-42.23346,-22.224655],[-42.23831,-22.225],[-42.244235,-22.22166],[-42.25033,-22.222015],[-42.25742,-22.216005],[-42.26513,-22.216775],[-42.27397,-22.20822],[-42.27979,-22.208925],[-42.28608,-22.200825],[-42.282905,-22.198305],[-42.28518,-22.19592],[-42.278035,-22.193305],[-42.285665,-22.17516],[-42.29218,-22.170365],[-42.2939,-22.165095],[-42.291725,-22.160215],[-42.29762,-22.15127],[-42.29463,-22.14303],[-42.291,-22.139655],[-42.28361,-22.14232],[-42.27983,-22.14171],[-42.27707,-22.131885],[-42.27881,-22.123685],[-42.283695,-22.12202],[-42.289145,-22.115675],[-42.294045,-22.11454],[-42.298355,-22.117125],[-42.300565,-22.121965],[-42.304845,-22.11795],[-42.30904,-22.1172],[-42.31076,-22.111125],[-42.31595,-22.109515],[-42.32434,-22.1147],[-42.32425,-22.119985],[-42.33074,-22.121525],[-42.3342,-22.125375],[-42.3371,-22.123535],[-42.34274,-22.124315],[-42.34334,-22.112905],[-42.34813,-22.10788],[-42.362195,-22.1153],[-42.365935,-22.11607],[-42.367975,-22.11431],[-42.375485,-22.11718],[-42.37813,-22.12414],[-42.387865,-22.13014],[-42.393775,-22.12826],[-42.391855,-22.12322],[-42.39661,-22.11969],[-42.403845,-22.11844],[-42.40736,-22.120135],[-42.412315,-22.11636],[-42.42083,-22.116435],[-42.423085,-22.11905],[-42.4235,-22.11468],[-42.427545,-22.114195],[-42.43959,-22.122625],[-42.445645,-22.117125],[-42.454255,-22.11745],[-42.4555,-22.11529],[-42.467345,-22.111305],[-42.471235,-22.11327],[-42.47188,-22.116405],[-42.4689,-22.12436],[-42.463495,-22.128275],[-42.465345,-22.13065],[-42.522115,-22.15995],[-42.485675,-22.193775],[-42.48549,-22.200175],[-42.478945,-22.203825],[-42.471955,-22.21113],[-42.471875,-22.220475],[-42.475055,-22.22208],[-42.47454,-22.224005],[-42.35864,-22.301685],[-42.35196,-22.29935],[-42.34365,-22.30424],[-42.334725,-22.299215],[-42.31869,-22.298595],[-42.304825,-22.293035],[-42.295275,-22.295935],[-42.28754,-22.292165]]]}},{"type":"Feature","properties":{"codarea":"3300902","nome":"Cambuci","nomeNormalizado":"CAMBUCI"},"geometry":{"type":"Polygon","coordinates":[[[-42.05685,-21.63682],[-42.02206,-21.628555],[-42.01739,-21.630795],[-42.015275,-21.63742],[-42.009325,-21.639905],[-41.98189,-21.62679],[-41.972815,-21.618735],[-41.96132,-21.613375],[-41.93674,-21.596755],[-41.923625,-21.586115],[-41.91948,-21.58574],[-41.900985,-21.575615],[-41.895805,-21.57491],[-41.884685,-21.58004],[-41.878195,-21.579275],[-41.868565,-21.573715],[-41.870985,-21.572115],[-41.873425,-21.561525],[-41.870685,-21.55571],[-41.83956,-21.526815],[-41.837905,-21.522635],[-41.83293,-21.519755],[-41.832575,-21.516005],[-41.82981,-21.516545],[-41.82363,-21.512905],[-41.82579,-21.506445],[-41.819865,-21.501065],[-41.821095,-21.49796],[-41.815755,-21.491475],[-41.824985,-21.48227],[-41.742725,-21.464315],[-41.70996,-21.456305],[-41.781185,-21.4005],[-41.7855,-21.401175],[-41.788195,-21.39784],[-41.78132,-21.39493],[-41.778705,-21.390135],[-41.816015,-21.32752],[-41.824905,-21.331265],[-41.82973,-21.33845],[-41.83521,-21.338335],[-41.84083,-21.34291],[-41.855325,-21.3452],[-41.85847,-21.35089],[-41.86446,-21.35593],[-41.864075,-21.360425],[-41.86802,-21.3661],[-41.873325,-21.367085],[-41.87692,-21.371425],[-41.882195,-21.372895],[-41.88412,-21.377675],[-41.88731,-21.37706],[-41.894355,-21.38172],[-41.899815,-21.38189],[-41.90103,-21.38815],[-41.89785,-21.39404],[-41.90562,-21.40297],[-41.91623,-21.41276],[-41.9391,-21.423405],[-41.941555,-21.4275],[-41.95023,-21.43229],[-41.958985,-21.446715],[-41.961295,-21.45509],[-41.970495,-21.46516],[-41.970405,-21.471065],[-41.98432,-21.481545],[-41.989035,-21.48255],[-41.99806,-21.488855],[-42.002385,-21.496255],[-42.010055,-21.497575],[-42.02075,-21.505605],[-42.030035,-21.50689],[-42.038945,-21.513405],[-42.04291,-21.52056],[-42.046475,-21.520095],[-42.05477,-21.526355],[-42.05152,-21.53568],[-42.053305,-21.545915],[-42.06036,-21.549505],[-42.065255,-21.55967],[-42.07742,-21.575165],[-42.086865,-21.578325],[-42.086455,-21.58512],[-42.09201,-21.5866],[-42.105285,-21.602045],[-42.109585,-21.60199],[-42.11224,-21.605555],[-42.115745,-21.60118],[-42.11983,-21.60152],[-42.115705,-21.605315],[-42.116465,-21.611725],[-42.0963,-21.62108],[-42.09125,-21.629035],[-42.087205,-21.62978],[-42.085125,-21.627235],[-42.079365,-21.625995],[-42.076135,-21.627465],[-42.07407,-21.63334],[-42.06834,-21.633275],[-42.06171,-21.63712],[-42.05685,-21.63682]]]}},{"type":"Feature","properties":{"codarea":"3300704","nome":"Cabo Frio","nomeNormalizado":"CABO FRIO"},"geometry":{"type":"MultiPolygon","coordinates":[[[[-41.89364,-22.84565],[-41.88901,-22.844685],[-41.890745,-22.84322],[-41.89364,-22.84565]]],[[[-41.92135,-22.86359],[-41.920055,-22.86558],[-41.91832,-22.864185],[-41.92135,-22.86359]]],[[[-41.912935,-22.861085],[-41.90982,-22.862935],[-41.909315,-22.85884],[-41.90416,-22.859985],[-41.903365,-22.851155],[-41.906315,-22.852585],[-41.90693,-22.856905],[-41.912935,-22.861085]]],[[[-41.98906,-22.89203],[-41.981995,-22.897765],[-41.983405,-22.900075],[-41.981485,-22.90236],[-41.98122,-22.89978],[-41.977105,-22.90103],[-41.977045,-22.89878],[-41.980045,-22.899315],[-41.97928,-22.89158],[-41.98906,-22.89203]]],[[[-41.94297,-22.87832],[-41.94182,-22.87995],[-41.939495,-22.877045],[-41.94297,-22.87832]]],[[[-41.954375,-22.874175],[-41.9532,-22.87614],[-41.9496,-22.87051],[-41.954375,-22.874175]]],[[[-41.95013,-22.86988],[-41.94703,-22.870045],[-41.948125,-22.873825],[-41.943505,-22.87552],[-41.94022,-22.873495],[-41.93802,-22.868775],[-41.939905,-22.86804],[-41.935405,-22.865115],[-41.9356,-22.863025],[-41.945525,-22.86376],[-41.95013,-22.86988]]],[[[-42.037285,-22.93313],[-42.034955,-22.91152],[-42.023595,-22.892005],[-42.011605,-22.88267],[-42.007425,-22.883985],[-42.0085,-22.88554],[-42.005865,-22.88586],[-42.00419,-22.88962],[-42.00142,-22.889855],[-41.998655,-22.884715],[-41.991935,-22.88181],[-41.98968,-22.88275],[-41.98399,-22.87325],[-41.979695,-22.87342],[-41.979585,-22.870855],[-41.98228,-22.8714],[-41.983155,-22.8685],[-41.978205,-22.86789],[-41.977715,-22.86504],[-41.98183,-22.86698],[-41.98417,-22.864755],[-41.986375,-22.85267],[-41.978315,-22.833065],[-41.969415,-22.82276],[-42.001365,-22.79584],[-42.009935,-22.77692],[-41.973455,-22.729565],[-41.98126,-22.72302],[-41.98858,-22.708975],[-41.99754,-22.6678],[-41.999725,-22.640625],[-41.997865,-22.609535],[-41.995545,-22.600175],[-41.99145,-22.598095],[-41.991565,-22.59603],[-41.996185,-22.5942],[-41.99083,-22.579835],[-41.99518,-22.574855],[-41.998235,-22.57555],[-42.00412,-22.58494],[-42.01077,-22.571805],[-42.01322,-22.571575],[-42.01737,-22.57804],[-42.02034,-22.577945],[-42.02067,-22.568965],[-42.029845,-22.57089],[-42.03448,-22.55979],[-42.03724,-22.56065],[-42.03856,-22.566955],[-42.041425,-22.568945],[-42.049115,-22.5613],[-42.054855,-22.563115],[-42.062745,-22.559965],[-42.06062,-22.564925],[-42.061675,-22.572935],[-42.064935,-22.56867],[-42.07288,-22.567495],[-42.080155,-22.5751],[-42.08414,-22.56915],[-42.087935,-22.57256],[-42.093805,-22.57142],[-42.09126,-22.564995],[-42.093665,-22.561805],[-42.09772,-22.56162],[-42.100925,-22.564905],[-42.106045,-22.560345],[-42.10757,-22.565185],[-42.110635,-22.56724],[-42.12439,-22.564645],[-42.120535,-22.55937],[-42.121205,-22.555005],[-42.12281,-22.55406],[-42.12718,-22.557705],[-42.133825,-22.55482],[-42.13062,-22.55247],[-42.13122,-22.54644],[-42.133845,-22.54237],[-42.138555,-22.54019],[-42.140355,-22.542065],[-42.14735,-22.541055],[-42.147115,-22.54308],[-42.143525,-22.543595],[-42.14108,-22.54864],[-42.143965,-22.548215],[-42.14461,-22.55162],[-42.15123,-22.55673],[-42.15389,-22.550985],[-42.15141,-22.551735],[-42.150395,-22.5489],[-42.161265,-22.544785],[-42.16327,-22.54673],[-42.16584,-22.54557],[-42.165985,-22.54817],[-42.169605,-22.54685],[-42.17153,-22.548825],[-42.176695,-22.54572],[-42.17897,-22.55117],[-42.182405,-22.552675],[-42.131895,-22.653365],[-42.025,-22.796405],[-42.041195,-22.865735],[-42.04625,-22.867585],[-42.053715,-22.862925],[-42.05726,-22.86584],[-42.060645,-22.865945],[-42.07432,-22.859555],[-42.084025,-22.865255],[-42.09956,-22.862],[-42.10887,-22.869635],[-42.10435,-22.88437],[-42.104895,-22.891145],[-42.10993,-22.903825],[-42.115365,-22.90906],[-42.12219,-22.908295],[-42.111465,-22.920305],[-42.1035,-22.92613],[-42.08849,-22.932765],[-42.037285,-22.93313]]]]}},{"type":"Feature","properties":{"codarea":"3300803","nome":"Cachoeiras de Macacu","nomeNormalizado":"CACHOEIRAS DE MACACU"},"geometry":{"type":"Polygon","coordinates":[[[-42.564565,-22.620125],[-42.60336,-22.54071],[-42.59882,-22.540205],[-42.593175,-22.533725],[-42.591235,-22.528915],[-42.59254,-22.52668],[-42.587505,-22.523685],[-42.58612,-22.514885],[-42.578,-22.50208],[-42.57814,-22.49409],[-42.57184,-22.48705],[-42.566125,-22.484785],[-42.567335,-22.47918],[-42.56325,-22.4722],[-42.56337,-22.46758],[-42.553455,-22.466535],[-42.55057,-22.455755],[-42.552335,-22.45188],[-42.561325,-22.44711],[-42.5712,-22.44896],[-42.572195,-22.4412],[-42.57568,-22.4405],[-42.565045,-22.4337],[-42.56262,-22.427685],[-42.55986,-22.427545],[-42.55623,-22.42397],[-42.55697,-22.41628],[-42.554975,-22.413995],[-42.558895,-22.41176],[-42.5554,-22.40501],[-42.558255,-22.40158],[-42.551075,-22.38653],[-42.554325,-22.381465],[-42.552275,-22.378205],[-42.557705,-22.37771],[-42.55481,-22.3735],[-42.55627,-22.369055],[-42.56278,-22.363865],[-42.56139,-22.36132],[-42.564365,-22.359425],[-42.57305,-22.35949],[-42.584605,-22.35529],[-42.587955,-22.356935],[-42.59495,-22.36775],[-42.609335,-22.373905],[-42.61176,-22.38201],[-42.61616,-22.385445],[-42.63185,-22.3929],[-42.641195,-22.392435],[-42.642025,-22.39476],[-42.65078,-22.396135],[-42.65357,-22.395095],[-42.653435,-22.39262],[-42.656065,-22.39261],[-42.65446,-22.387495],[-42.65905,-22.38583],[-42.66207,-22.385415],[-42.66844,-22.38951],[-42.67466,-22.38894],[-42.684155,-22.393415],[-42.68787,-22.38983],[-42.69355,-22.38909],[-42.697355,-22.38408],[-42.699645,-22.38439],[-42.699745,-22.38098],[-42.702665,-22.378735],[-42.707015,-22.37955],[-42.708445,-22.376495],[-42.710925,-22.37764],[-42.711175,-22.371275],[-42.70827,-22.36534],[-42.710525,-22.36155],[-42.715625,-22.359905],[-42.716075,-22.35706],[-42.72759,-22.355575],[-42.740025,-22.361005],[-42.73901,-22.370495],[-42.74589,-22.37375],[-42.75179,-22.373485],[-42.755805,-22.37766],[-42.76311,-22.37796],[-42.767605,-22.38439],[-42.774755,-22.380695],[-42.780385,-22.3815],[-42.787035,-22.37783],[-42.790065,-22.378345],[-42.79349,-22.375445],[-42.803415,-22.378685],[-42.8023,-22.387045],[-42.813085,-22.388955],[-42.815175,-22.3915],[-42.811565,-22.39298],[-42.80871,-22.40047],[-42.81054,-22.40523],[-42.82178,-22.40609],[-42.827005,-22.41295],[-42.83687,-22.41302],[-42.84,-22.411335],[-42.852405,-22.416915],[-42.85065,-22.417515],[-42.850685,-22.42584],[-42.857385,-22.426285],[-42.868855,-22.431925],[-42.86867,-22.43726],[-42.874855,-22.4426],[-42.871565,-22.446105],[-42.87381,-22.449375],[-42.880245,-22.448815],[-42.885285,-22.453565],[-42.890355,-22.4551],[-42.89025,-22.45871],[-42.894095,-22.45733],[-42.897745,-22.45903],[-42.90579,-22.454785],[-42.912555,-22.45637],[-42.91819,-22.451005],[-42.92298,-22.469495],[-42.9215,-22.475985],[-42.91556,-22.48127],[-42.906155,-22.498205],[-42.902115,-22.50089],[-42.89507,-22.50172],[-42.893915,-22.504125],[-42.891275,-22.50262],[-42.88945,-22.50486],[-42.888125,-22.512155],[-42.89556,-22.51823],[-42.898545,-22.518075],[-42.89873,-22.519875],[-42.892015,-22.525415],[-42.89125,-22.53776],[-42.88723,-22.541185],[-42.88582,-22.548025],[-42.8759,-22.55384],[-42.865475,-22.568235],[-42.865585,-22.571625],[-42.883335,-22.582315],[-42.887595,-22.59218],[-42.907135,-22.601195],[-42.9107,-22.6193],[-42.90318,-22.625485],[-42.899285,-22.638515],[-42.90687,-22.65527],[-42.879545,-22.645405],[-42.855235,-22.64089],[-42.845185,-22.63618],[-42.82469,-22.639085],[-42.802925,-22.63555],[-42.797715,-22.638785],[-42.789895,-22.63455],[-42.74722,-22.686535],[-42.7378,-22.683165],[-42.735285,-22.67906],[-42.716715,-22.67502],[-42.714275,-22.67029],[-42.709255,-22.67036],[-42.703915,-22.663575],[-42.6989,-22.66336],[-42.700615,-22.660935],[-42.699025,-22.658705],[-42.69084,-22.654075],[-42.69311,-22.64259],[-42.686485,-22.64053],[-42.67506,-22.64081],[-42.67283,-22.63778],[-42.668005,-22.636735],[-42.662825,-22.64416],[-42.65647,-22.641775],[-42.65396,-22.643375],[-42.648435,-22.64206],[-42.645935,-22.644805],[-42.64136,-22.641025],[-42.640245,-22.64321],[-42.63742,-22.643415],[-42.63878,-22.64487],[-42.637405,-22.648465],[-42.625935,-22.657195],[-42.620025,-22.654085],[-42.61897,-22.651415],[-42.61353,-22.649935],[-42.612075,-22.645525],[-42.604855,-22.642015],[-42.59057,-22.628465],[-42.578785,-22.623795],[-42.575505,-22.623475],[-42.571505,-22.626115],[-42.564565,-22.620125]]]}},{"type":"Feature","properties":{"codarea":"3300100","nome":"Angra dos Reis","nomeNormalizado":"ANGRA DOS REIS"},"geometry":{"type":"MultiPolygon","coordinates":[[[[-44.162855,-23.22483],[-44.160265,-23.22765],[-44.15574,-23.224405],[-44.148765,-23.22311],[-44.150965,-23.220845],[-44.14937,-23.21655],[-44.15319,-23.21431],[-44.15573,-23.216455],[-44.153655,-23.21728],[-44.153495,-23.22064],[-44.156565,-23.222785],[-44.159725,-23.221535],[-44.162855,-23.22483]]],[[[-44.1102,-23.142095],[-44.104035,-23.137165],[-44.109165,-23.138695],[-44.1102,-23.142095]]],[[[-44.33267,-23.08545],[-44.32966,-23.08716],[-44.32913,-23.083355],[-44.33267,-23.08545]]],[[[-44.396265,-23.07109],[-44.393295,-23.071785],[-44.39205,-23.067925],[-44.39545,-23.06876],[-44.396265,-23.07109]]],[[[-44.3193,-23.060835],[-44.316325,-23.062925],[-44.31328,-23.06023],[-44.30963,-23.060715],[-44.308975,-23.05879],[-44.313585,-23.057185],[-44.3193,-23.060835]]],[[[-44.419955,-23.0591],[-44.418415,-23.06102],[-44.412205,-23.05891],[-44.414725,-23.05689],[-44.419955,-23.0591]]],[[[-44.131735,-23.18735],[-44.12421,-23.184535],[-44.118475,-23.1861],[-44.113945,-23.184385],[-44.108795,-23.17854],[-44.094505,-23.174755],[-44.09427,-23.170885],[-44.09075,-23.16754],[-44.09693,-23.163875],[-44.10748,-23.164905],[-44.10741,-23.16189],[-44.117025,-23.15464],[-44.114465,-23.148125],[-44.126425,-23.15571],[-44.1282,-23.154035],[-44.1377,-23.15967],[-44.140655,-23.157445],[-44.132745,-23.14539],[-44.13822,-23.14638],[-44.14047,-23.13893],[-44.13574,-23.136025],[-44.12924,-23.126685],[-44.124255,-23.1249],[-44.126385,-23.119795],[-44.140275,-23.12161],[-44.148045,-23.124915],[-44.14692,-23.128715],[-44.15133,-23.131755],[-44.15111,-23.134345],[-44.15391,-23.135595],[-44.156415,-23.133565],[-44.157955,-23.135195],[-44.15523,-23.13856],[-44.164425,-23.141905],[-44.17013,-23.137245],[-44.16928,-23.13248],[-44.17262,-23.12867],[-44.172445,-23.125055],[-44.16883,-23.120495],[-44.170405,-23.11793],[-44.184485,-23.11872],[-44.18944,-23.121815],[-44.19361,-23.11939],[-44.197305,-23.121725],[-44.2017,-23.11969],[-44.206285,-23.10809],[-44.208395,-23.10773],[-44.2089,-23.111485],[-44.217745,-23.109235],[-44.218035,-23.105745],[-44.212345,-23.10351],[-44.200545,-23.105175],[-44.20197,-23.108305],[-44.199505,-23.10889],[-44.189935,-23.102715],[-44.194885,-23.1039],[-44.19612,-23.101235],[-44.194385,-23.09919],[-44.19618,-23.0983],[-44.20221,-23.097235],[-44.210775,-23.098835],[-44.209195,-23.09226],[-44.2112,-23.093105],[-44.211085,-23.0915],[-44.21357,-23.092185],[-44.216305,-23.0898],[-44.23356,-23.0906],[-44.235285,-23.087695],[-44.233185,-23.08636],[-44.235105,-23.08405],[-44.228675,-23.07736],[-44.23056,-23.075315],[-44.23664,-23.076385],[-44.237305,-23.079875],[-44.24078,-23.08101],[-44.235065,-23.08282],[-44.238505,-23.08639],[-44.237745,-23.092785],[-44.259235,-23.0987],[-44.25832,-23.100335],[-44.2513,-23.09978],[-44.24853,-23.10227],[-44.249905,-23.109995],[-44.258425,-23.111345],[-44.25866,-23.1158],[-44.261945,-23.114155],[-44.27548,-23.11719],[-44.272315,-23.122415],[-44.276835,-23.126155],[-44.279605,-23.12566],[-44.280465,-23.129935],[-44.284225,-23.132675],[-44.282025,-23.13469],[-44.28294,-23.13662],[-44.290215,-23.137345],[-44.290795,-23.13172],[-44.29399,-23.13335],[-44.297285,-23.13139],[-44.294035,-23.122485],[-44.2952,-23.11398],[-44.297345,-23.11756],[-44.30616,-23.121185],[-44.311345,-23.127675],[-44.313825,-23.133215],[-44.31103,-23.13761],[-44.31655,-23.135265],[-44.322345,-23.139835],[-44.324315,-23.13751],[-44.32767,-23.13798],[-44.32007,-23.143675],[-44.325395,-23.15435],[-44.3344,-23.15632],[-44.339965,-23.15347],[-44.34868,-23.16122],[-44.35491,-23.159605],[-44.360315,-23.165265],[-44.366165,-23.166275],[-44.36823,-23.16487],[-44.376845,-23.171355],[-44.378565,-23.175045],[-44.37686,-23.17952],[-44.374245,-23.178935],[-44.374385,-23.182275],[-44.371725,-23.1837],[-44.370295,-23.181345],[-44.367615,-23.181835],[-44.36201,-23.17885],[-44.362565,-23.18277],[-44.35924,-23.183915],[-44.357375,-23.191635],[-44.351155,-23.18519],[-44.34817,-23.18593],[-44.3456,-23.180645],[-44.340615,-23.18247],[-44.3424,-23.186195],[-44.339805,-23.187415],[-44.33947,-23.19028],[-44.34956,-23.205655],[-44.35118,-23.2169],[-44.346225,-23.216655],[-44.344835,-23.218535],[-44.34084,-23.21748],[-44.3398,-23.21918],[-44.348125,-23.227005],[-44.337885,-23.22326],[-44.333395,-23.223615],[-44.333645,-23.2149],[-44.32907,-23.20707],[-44.322275,-23.20282],[-44.314935,-23.1907],[-44.31756,-23.189305],[-44.31605,-23.18397],[-44.31133,-23.18047],[-44.29896,-23.177325],[-44.28841,-23.176575],[-44.28706,-23.179455],[-44.281385,-23.177505],[-44.27005,-23.18077],[-44.270335,-23.183825],[-44.265575,-23.187425],[-44.266525,-23.191895],[-44.27094,-23.197165],[-44.26388,-23.191685],[-44.25348,-23.18928],[-44.25071,-23.196715],[-44.25372,-23.199675],[-44.257685,-23.19961],[-44.258135,-23.20213],[-44.253195,-23.20551],[-44.247795,-23.203605],[-44.24909,-23.202495],[-44.24487,-23.19999],[-44.24173,-23.20123],[-44.231545,-23.19987],[-44.226645,-23.195735],[-44.223505,-23.19707],[-44.207035,-23.19248],[-44.206045,-23.19485],[-44.19747,-23.19671],[-44.19639,-23.203735],[-44.192545,-23.20161],[-44.19268,-23.198675],[-44.184255,-23.19673],[-44.18178,-23.194095],[-44.1819,-23.19108],[-44.189985,-23.188855],[-44.189115,-23.18358],[-44.18472,-23.17978],[-44.172155,-23.18158],[-44.170865,-23.18477],[-44.16741,-23.18312],[-44.169245,-23.181905],[-44.16702,-23.178665],[-44.16357,-23.1775],[-44.16514,-23.17543],[-44.16382,-23.174375],[-44.13996,-23.167025],[-44.128645,-23.170685],[-44.12312,-23.17729],[-44.122955,-23.179445],[-44.131735,-23.18735]]],[[[-44.34525,-22.938915],[-44.341995,-22.943],[-44.33767,-22.940515],[-44.33624,-22.936725],[-44.33928,-22.93447],[-44.34525,-22.938915]]],[[[-44.3475,-22.931485],[-44.34577,-22.932055],[-44.345855,-22.930425],[-44.3475,-22.931485]]],[[[-44.33359,-22.927255],[-44.332285,-22.928485],[-44.33115,-22.92603],[-44.33359,-22.927255]]],[[[-44.309215,-23.008285],[-44.30885,-23.009775],[-44.30745,-23.00775],[-44.309215,-23.008285]]],[[[-44.41045,-22.99429],[-44.407205,-22.99694],[-44.40543,-22.99426],[-44.408605,-22.99236],[-44.41045,-22.99429]]],[[[-44.404395,-22.99125],[-44.40131,-22.992835],[-44.400305,-22.99161],[-44.40242,-22.98983],[-44.404395,-22.99125]]],[[[-44.341955,-22.977805],[-44.33976,-22.97868],[-44.34019,-22.975545],[-44.341955,-22.977805]]],[[[-44.37247,-22.970365],[-44.367795,-22.96719],[-44.36985,-22.967015],[-44.37247,-22.970365]]],[[[-44.32222,-22.96186],[-44.320015,-22.961665],[-44.320585,-22.959965],[-44.32222,-22.96186]]],[[[-44.352085,-22.962775],[-44.351525,-22.96473],[-44.347295,-22.962995],[-44.34771,-22.964225],[-44.345185,-22.96215],[-44.345595,-22.959785],[-44.352085,-22.962775]]],[[[-44.39098,-22.972525],[-44.38882,-22.97387],[-44.387275,-22.971935],[-44.39098,-22.972525]]],[[[-44.425325,-22.972125],[-44.420605,-22.973505],[-44.41434,-22.96845],[-44.41735,-22.966995],[-44.418845,-22.96922],[-44.424055,-22.96939],[-44.425325,-22.972125]]],[[[-44.41676,-22.98652],[-44.41349,-22.98972],[-44.413545,-22.993445],[-44.410385,-22.99275],[-44.409025,-22.98955],[-44.41225,-22.990095],[-44.41392,-22.985445],[-44.41676,-22.98652]]],[[[-44.357755,-22.986035],[-44.35618,-22.98708],[-44.35256,-22.984935],[-44.35002,-22.98099],[-44.357755,-22.986035]]],[[[-44.40753,-22.98186],[-44.405115,-22.985075],[-44.400735,-22.98176],[-44.399305,-22.984915],[-44.395175,-22.97932],[-44.39862,-22.979575],[-44.397815,-22.977875],[-44.402175,-22.976185],[-44.40753,-22.98186]]],[[[-44.338655,-22.954985],[-44.334585,-22.953665],[-44.33426,-22.947765],[-44.336405,-22.947745],[-44.338655,-22.954985]]],[[[-44.317915,-23.054015],[-44.31665,-23.055965],[-44.312615,-23.0533],[-44.317915,-23.054015]]],[[[-44.404455,-23.0551],[-44.404125,-23.058005],[-44.40212,-23.058055],[-44.40209,-23.054535],[-44.404455,-23.0551]]],[[[-44.33388,-23.02654],[-44.329305,-23.02767],[-44.33273,-23.025525],[-44.33388,-23.02654]]],[[[-44.5038,-23.0534],[-44.5009,-23.055235],[-44.49169,-23.05251],[-44.488875,-23.045535],[-44.48133,-23.040685],[-44.484515,-23.040485],[-44.493095,-23.04701],[-44.50189,-23.048325],[-44.49981,-23.050125],[-44.5038,-23.0534]]],[[[-44.391905,-23.044745],[-44.38707,-23.046445],[-44.38381,-23.044265],[-44.381355,-23.046205],[-44.37479,-23.04387],[-44.36818,-23.046465],[-44.361935,-23.046345],[-44.3557,-23.055315],[-44.358375,-23.05945],[-44.35372,-23.06338],[-44.354905,-23.065955],[-44.35714,-23.065155],[-44.36251,-23.068265],[-44.36249,-23.07165],[-44.351295,-23.063705],[-44.34757,-23.06471],[-44.347585,-23.06859],[-44.345395,-23.068455],[-44.343755,-23.063685],[-44.34611,-23.063895],[-44.345935,-23.06167],[-44.351365,-23.05972],[-44.350585,-23.05171],[-44.344605,-23.049365],[-44.35038,-23.047905],[-44.347215,-23.043255],[-44.34978,-23.042535],[-44.349535,-23.039485],[-44.347365,-23.03875],[-44.35191,-23.036955],[-44.354685,-23.03796],[-44.357365,-23.035195],[-44.359715,-23.039965],[-44.37166,-23.04005],[-44.37133,-23.036965],[-44.373965,-23.0352],[-44.37489,-23.03116],[-44.379085,-23.03222],[-44.3802,-23.035495],[-44.390745,-23.04203],[-44.391905,-23.044745]]],[[[-44.395645,-23.03989],[-44.395125,-23.04271],[-44.391125,-23.04134],[-44.3913,-23.039705],[-44.395645,-23.03989]]],[[[-44.34349,-23.038615],[-44.341745,-23.03952],[-44.340285,-23.03758],[-44.34349,-23.038615]]],[[[-44.400785,-23.035925],[-44.39887,-23.03685],[-44.39703,-23.035165],[-44.400785,-23.035925]]],[[[-44.45017,-23.03401],[-44.447775,-23.03433],[-44.445205,-23.028285],[-44.45017,-23.03401]]],[[[-44.405245,-23.032565],[-44.40104,-23.031825],[-44.399345,-23.02632],[-44.4029,-23.026575],[-44.405245,-23.032565]]],[[[-44.52108,-23.02729],[-44.51015,-23.025895],[-44.505765,-23.030515],[-44.503465,-23.029825],[-44.500595,-23.025365],[-44.49483,-23.024135],[-44.49335,-23.021],[-44.48958,-23.02028],[-44.48413,-23.008525],[-44.47753,-23.00581],[-44.469685,-23.01161],[-44.462185,-23.00774],[-44.46214,-23.00956],[-44.469845,-23.012425],[-44.46215,-23.009855],[-44.459865,-23.011125],[-44.4619,-23.009575],[-44.461185,-23.00737],[-44.458635,-23.00873],[-44.460045,-23.01812],[-44.45755,-23.016015],[-44.451285,-23.01663],[-44.448655,-23.025015],[-44.44487,-23.02738],[-44.440245,-23.025865],[-44.43497,-23.02085],[-44.43148,-23.021045],[-44.430865,-23.019525],[-44.434865,-23.017765],[-44.43751,-23.020955],[-44.440505,-23.020455],[-44.44104,-23.015435],[-44.446725,-23.01229],[-44.439205,-23.002555],[-44.433,-23.00161],[-44.431055,-22.99847],[-44.42676,-22.99967],[-44.424845,-22.997605],[-44.42942,-22.99337],[-44.43926,-22.9964],[-44.44118,-22.992155],[-44.434845,-22.9875],[-44.434415,-22.985155],[-44.43716,-22.9839],[-44.434825,-22.97923],[-44.430935,-22.978405],[-44.432315,-22.975435],[-44.43767,-22.973405],[-44.434365,-22.962975],[-44.425495,-22.96218],[-44.427125,-22.956595],[-44.421955,-22.95529],[-44.423895,-22.951805],[-44.412245,-22.94087],[-44.40929,-22.94335],[-44.40838,-22.94645],[-44.41039,-22.94725],[-44.40787,-22.950735],[-44.4125,-22.947785],[-44.415775,-22.951785],[-44.414295,-22.954095],[-44.40662,-22.953245],[-44.405055,-22.951215],[-44.401495,-22.952345],[-44.397915,-22.95004],[-44.4003,-22.95458],[-44.39722,-22.955505],[-44.395835,-22.947745],[-44.392645,-22.950955],[-44.39588,-22.95228],[-44.39585,-22.954425],[-44.38928,-22.9516],[-44.37783,-22.95808],[-44.380935,-22.96468],[-44.38697,-22.969055],[-44.385195,-22.97208],[-44.383345,-22.9726],[-44.380225,-22.966925],[-44.37686,-22.96986],[-44.373215,-22.96604],[-44.37501,-22.962695],[-44.37379,-22.959745],[-44.371425,-22.95822],[-44.367155,-22.960435],[-44.36236,-22.95477],[-44.35925,-22.95748],[-44.352635,-22.95205],[-44.353915,-22.94969],[-44.349485,-22.94579],[-44.35023,-22.943525],[-44.355465,-22.94464],[-44.36439,-22.9405],[-44.366735,-22.94828],[-44.37031,-22.9484],[-44.369705,-22.9438],[-44.37374,-22.94163],[-44.370555,-22.94272],[-44.371395,-22.93798],[-44.359975,-22.93192],[-44.366635,-22.930625],[-44.366625,-22.92864],[-44.36055,-22.925935],[-44.36481,-22.924205],[-44.35874,-22.923455],[-44.35833,-22.926925],[-44.35337,-22.931195],[-44.352225,-22.927375],[-44.34802,-22.92675],[-44.346935,-22.92441],[-44.348765,-22.92314],[-44.34475,-22.92197],[-44.34309,-22.92421],[-44.33866,-22.92285],[-44.33632,-22.927665],[-44.33112,-22.92581],[-44.329435,-22.932565],[-44.32285,-22.9315],[-44.325945,-22.937015],[-44.319645,-22.936405],[-44.323555,-22.942685],[-44.334065,-22.94682],[-44.33241,-22.95278],[-44.328585,-22.954135],[-44.330015,-22.95679],[-44.334275,-22.95588],[-44.334935,-22.958105],[-44.33822,-22.957675],[-44.33542,-22.961955],[-44.3362,-22.96458],[-44.33272,-22.965435],[-44.33301,-22.96772],[-44.33066,-22.96658],[-44.32939,-22.960875],[-44.322735,-22.959975],[-44.318945,-22.95647],[-44.313145,-22.95728],[-44.31303,-22.95972],[-44.30675,-22.957915],[-44.309255,-22.961365],[-44.30463,-22.957025],[-44.29987,-22.958665],[-44.30838,-22.964805],[-44.3078,-22.967535],[-44.310055,-22.97068],[-44.310975,-22.96952],[-44.31378,-22.976985],[-44.30938,-22.97672],[-44.317525,-22.98539],[-44.321655,-22.98596],[-44.32344,-22.982095],[-44.329455,-22.98336],[-44.329665,-22.987765],[-44.32589,-22.991815],[-44.327675,-22.99505],[-44.332995,-22.99568],[-44.33712,-22.990945],[-44.341135,-22.990525],[-44.3453,-22.991255],[-44.354975,-22.998595],[-44.35496,-23.00276],[-44.35809,-23.005495],[-44.357115,-23.00877],[-44.362905,-23.01015],[-44.3596,-23.011025],[-44.36304,-23.01825],[-44.35804,-23.01972],[-44.35838,-23.02375],[-44.353755,-23.02159],[-44.350405,-23.02293],[-44.34869,-23.02821],[-44.35183,-23.03032],[-44.347,-23.03018],[-44.34114,-23.02246],[-44.337605,-23.022485],[-44.336485,-23.025455],[-44.33158,-23.019985],[-44.32623,-23.020875],[-44.32884,-23.0161],[-44.326465,-23.01392],[-44.323245,-23.01584],[-44.318365,-23.010865],[-44.314915,-23.015215],[-44.317055,-23.00911],[-44.312795,-23.00853],[-44.31098,-23.00599],[-44.30721,-23.006735],[-44.302935,-23.002255],[-44.300735,-23.002255],[-44.300255,-23.003935],[-44.302435,-23.003445],[-44.29707,-23.0098],[-44.29985,-23.01562],[-44.30389,-23.01629],[-44.303845,-23.0216],[-44.30632,-23.024],[-44.29901,-23.026065],[-44.290525,-23.02449],[-44.289625,-23.018875],[-44.28447,-23.01458],[-44.278,-23.017055],[-44.279965,-23.014105],[-44.274245,-23.008375],[-44.273365,-23.00402],[-44.265685,-23.001565],[-44.261175,-23.007235],[-44.250665,-22.99776],[-44.24765,-23.00176],[-44.24541,-22.99954],[-44.24136,-23.00109],[-44.23762,-23.006075],[-44.23893,-23.00725],[-44.235455,-23.00768],[-44.23055,-23.01422],[-44.22424,-23.010685],[-44.22096,-23.01596],[-44.22465,-23.017825],[-44.225635,-23.021825],[-44.231585,-23.02247],[-44.23324,-23.026945],[-44.236445,-23.026115],[-44.237735,-23.028415],[-44.236055,-23.031625],[-44.24025,-23.033165],[-44.243875,-23.04427],[-44.24534,-23.04598],[-44.247845,-23.04501],[-44.250435,-23.04863],[-44.250385,-23.050395],[-44.247525,-23.048505],[-44.245675,-23.04953],[-44.244155,-23.05514],[-44.23707,-23.056535],[-44.223855,-23.048805],[-44.21925,-23.04998],[-44.205505,-23.043035],[-44.20138,-23.038315],[-44.19388,-23.04106],[-44.19286,-23.04401],[-44.195985,-23.04789],[-44.195155,-23.05425],[-44.189015,-23.052015],[-44.18568,-23.05294],[-44.185785,-23.04977],[-44.18254,-23.045485],[-44.179185,-23.05043],[-44.171695,-23.04661],[-44.17192,-23.04316],[-44.17617,-23.042405],[-44.176035,-23.03638],[-44.170585,-23.03284],[-44.16566,-23.033935],[-44.16618,-23.01525],[-44.163215,-23.011905],[-44.16324,-23.00828],[-44.1677,-23.003355],[-44.172425,-22.984165],[-44.17886,-22.9805],[-44.178195,-22.973005],[-44.187655,-22.95183],[-44.18743,-22.94068],[-44.19259,-22.928915],[-44.203745,-22.928935],[-44.214975,-22.931875],[-44.22344,-22.92887],[-44.231615,-22.920175],[-44.241195,-22.91477],[-44.24089,-22.91078],[-44.23703,-22.906765],[-44.241695,-22.902335],[-44.23686,-22.897235],[-44.23775,-22.886225],[-44.231525,-22.871415],[-44.23481,-22.87038],[-44.23767,-22.87203],[-44.244635,-22.86808],[-44.248,-22.85717],[-44.26089,-22.847595],[-44.26686,-22.848865],[-44.27209,-22.84564],[-44.279975,-22.84557],[-44.282035,-22.842015],[-44.28534,-22.843875],[-44.29176,-22.842465],[-44.296505,-22.844905],[-44.30205,-22.85411],[-44.304645,-22.85244],[-44.305535,-22.847495],[-44.30995,-22.84662],[-44.31153,-22.843775],[-44.315135,-22.84256],[-44.318055,-22.845095],[-44.323785,-22.84958],[-44.321065,-22.847085],[-44.32052,-22.839915],[-44.325275,-22.83776],[-44.332275,-22.842965],[-44.33999,-22.841395],[-44.341365,-22.845505],[-44.363905,-22.85308],[-44.37106,-22.85745],[-44.377535,-22.858315],[-44.38744,-22.85649],[-44.39206,-22.852495],[-44.401915,-22.854625],[-44.40315,-22.84854],[-44.41068,-22.84636],[-44.418195,-22.84811],[-44.42306,-22.850495],[-44.432665,-22.861075],[-44.43329,-22.86884],[-44.437645,-22.8731],[-44.44433,-22.87653],[-44.452305,-22.87723],[-44.45826,-22.883305],[-44.46619,-22.88537],[-44.470725,-22.87615],[-44.47733,-22.873615],[-44.476025,-22.8678],[-44.480135,-22.866505],[-44.475335,-22.85724],[-44.47872,-22.85087],[-44.484945,-22.8462],[-44.490735,-22.84803],[-44.494645,-22.846785],[-44.50528,-22.85155],[-44.511785,-22.857565],[-44.51167,-22.860425],[-44.51842,-22.865325],[-44.53061,-22.868085],[-44.538895,-22.873695],[-44.54499,-22.880675],[-44.54365,-22.884945],[-44.555955,-22.88809],[-44.562405,-22.88365],[-44.569865,-22.884],[-44.57573,-22.878015],[-44.58289,-22.883735],[-44.58744,-22.88269],[-44.59281,-22.88444],[-44.59978,-22.89077],[-44.60731,-22.885235],[-44.622715,-22.900945],[-44.629755,-22.9057],[-44.63537,-22.906395],[-44.64018,-22.91226],[-44.638675,-22.914155],[-44.633545,-22.914375],[-44.63024,-22.917085],[-44.620265,-22.939615],[-44.6122,-22.93728],[-44.60777,-22.9427],[-44.60234,-22.94529],[-44.594535,-22.947665],[-44.586765,-22.94733],[-44.584875,-22.94566],[-44.58148,-22.947755],[-44.577025,-22.94641],[-44.574255,-22.95068],[-44.565085,-22.95497],[-44.561675,-22.954435],[-44.561765,-22.959225],[-44.55742,-22.963165],[-44.560565,-22.971805],[-44.555015,-22.972235],[-44.554415,-22.975735],[-44.55044,-22.97284],[-44.54932,-22.978015],[-44.54572,-22.978625],[-44.54564,-22.983535],[-44.543445,-22.98487],[-44.54596,-22.99229],[-44.541525,-22.99319],[-44.54386,-22.99641],[-44.54057,-22.995985],[-44.54137,-22.998645],[-44.54455,-22.99831],[-44.54144,-23.00045],[-44.54283,-23.002135],[-44.54514,-23.00045],[-44.54298,-23.0037],[-44.545955,-23.00325],[-44.544745,-23.00643],[-44.54817,-23.003925],[-44.54664,-23.008575],[-44.54338,-23.00836],[-44.546815,-23.01086],[-44.54478,-23.01371],[-44.54781,-23.01479],[-44.5446,-23.016135],[-44.546145,-23.02044],[-44.544125,-23.020975],[-44.54467,-23.02257],[-44.538435,-23.02303],[-44.53601,-23.025085],[-44.533105,-23.02094],[-44.5299,-23.02021],[-44.52793,-23.024605],[-44.52108,-23.02729]]]]}},{"type":"Feature","properties":{"codarea":"3300159","nome":"Aperibé","nomeNormalizado":"APERIBE"},"geometry":{"type":"Polygon","coordinates":[[[-42.05685,-21.63682],[-42.06171,-21.63712],[-42.06834,-21.633275],[-42.07407,-21.63334],[-42.076135,-21.627465],[-42.079365,-21.625995],[-42.085125,-21.627235],[-42.087205,-21.62978],[-42.09125,-21.629035],[-42.0963,-21.62108],[-42.116465,-21.611725],[-42.115705,-21.605315],[-42.11983,-21.60152],[-42.132825,-21.601915],[-42.135805,-21.606145],[-42.139075,-21.60423],[-42.140665,-21.606605],[-42.13899,-21.61094],[-42.14302,-21.609815],[-42.14809,-21.61247],[-42.15523,-21.61925],[-42.157825,-21.618715],[-42.15784,-21.622675],[-42.16216,-21.622245],[-42.162735,-21.625625],[-42.16841,-21.625695],[-42.172155,-21.63003],[-42.179295,-21.630125],[-42.182715,-21.63359],[-42.18666,-21.628935],[-42.203015,-21.643565],[-42.20472,-21.64865],[-42.19532,-21.65427],[-42.195175,-21.668715],[-42.186005,-21.67458],[-42.184025,-21.677965],[-42.186495,-21.679595],[-42.18442,-21.681475],[-42.17906,-21.682715],[-42.17831,-21.68639],[-42.175135,-21.68788],[-42.169045,-21.68715],[-42.165475,-21.69093],[-42.157895,-21.692625],[-42.150605,-21.69158],[-42.137955,-21.70479],[-42.13197,-21.70429],[-42.11817,-21.69758],[-42.11661,-21.689735],[-42.107925,-21.68124],[-42.068775,-21.65531],[-42.06689,-21.6533],[-42.07086,-21.65134],[-42.063465,-21.64563],[-42.062625,-21.6409],[-42.05685,-21.63682]]]}},{"type":"Feature","properties":{"codarea":"3300308","nome":"Barra do Piraí","nomeNormalizado":"BARRA DO PIRAI"},"geometry":{"type":"Polygon","coordinates":[[[-43.91348,-22.52078],[-43.86864,-22.5286],[-43.864875,-22.527365],[-43.865375,-22.5252],[-43.85808,-22.521095],[-43.856805,-22.51774],[-43.85388,-22.51718],[-43.85506,-22.50716],[-43.84923,-22.507275],[-43.84451,-22.50366],[-43.844635,-22.50099],[-43.84018,-22.510015],[-43.83505,-22.51337],[-43.828695,-22.51453],[-43.82815,-22.516565],[-43.82141,-22.51788],[-43.822015,-22.51667],[-43.81138,-22.511495],[-43.80564,-22.51913],[-43.80546,-22.5228],[-43.81358,-22.52999],[-43.81987,-22.532795],[-43.81634,-22.53561],[-43.81935,-22.540525],[-43.81939,-22.546015],[-43.815555,-22.54973],[-43.811625,-22.548085],[-43.81192,-22.55146],[-43.80864,-22.55418],[-43.797625,-22.55188],[-43.789045,-22.53444],[-43.77773,-22.53119],[-43.76992,-22.51796],[-43.765775,-22.458795],[-43.754765,-22.459905],[-43.759565,-22.457995],[-43.761905,-22.45453],[-43.758195,-22.451865],[-43.759625,-22.449125],[-43.76571,-22.44894],[-43.765745,-22.444035],[-43.76983,-22.44185],[-43.771865,-22.443275],[-43.77317,-22.441605],[-43.777375,-22.44216],[-43.779735,-22.438165],[-43.771825,-22.43651],[-43.76693,-22.427985],[-43.76012,-22.423155],[-43.75512,-22.41387],[-43.755325,-22.40888],[-43.74875,-22.4032],[-43.752165,-22.398445],[-43.75736,-22.396855],[-43.759045,-22.39224],[-43.764555,-22.39121],[-43.764195,-22.38521],[-43.77494,-22.37578],[-43.77586,-22.373025],[-43.773165,-22.370145],[-43.77455,-22.36668],[-43.77628,-22.368385],[-43.780405,-22.367365],[-43.78354,-22.362925],[-43.782795,-22.361035],[-43.79264,-22.363785],[-43.797955,-22.3632],[-43.796225,-22.35702],[-43.79895,-22.354705],[-43.803405,-22.357],[-43.80738,-22.351965],[-43.81101,-22.352495],[-43.8136,-22.35549],[-43.81206,-22.358995],[-43.818285,-22.362865],[-43.819545,-22.36781],[-43.830025,-22.375335],[-43.838195,-22.37414],[-43.835895,-22.37715],[-43.83774,-22.38185],[-43.83632,-22.386255],[-43.839555,-22.384065],[-43.844795,-22.38439],[-43.84471,-22.376905],[-43.84788,-22.367905],[-43.852465,-22.370545],[-43.852445,-22.37369],[-43.858195,-22.37352],[-43.8553,-22.36753],[-43.85788,-22.361735],[-43.85259,-22.35638],[-43.852405,-22.351415],[-43.84974,-22.34753],[-43.84856,-22.33878],[-43.8502,-22.33678],[-43.844975,-22.332715],[-43.840675,-22.324905],[-43.83777,-22.322855],[-43.83533,-22.324435],[-43.833605,-22.32182],[-43.831555,-22.323475],[-43.82906,-22.32062],[-43.826775,-22.31366],[-43.83364,-22.30943],[-43.84606,-22.31518],[-43.85707,-22.31492],[-43.86824,-22.32506],[-43.8758,-22.325425],[-43.88689,-22.33083],[-43.886055,-22.338875],[-43.892925,-22.344965],[-43.897405,-22.34547],[-43.899935,-22.34831],[-43.907275,-22.34805],[-43.912635,-22.350385],[-43.914395,-22.35403],[-43.909685,-22.35649],[-43.910895,-22.360785],[-43.95041,-22.34977],[-43.9517,-22.34374],[-43.960185,-22.33942],[-43.96643,-22.34342],[-43.967755,-22.33884],[-43.966,-22.336635],[-43.97064,-22.331575],[-43.96984,-22.319595],[-43.972675,-22.312665],[-43.97675,-22.313045],[-43.9878,-22.308295],[-44.00294,-22.308185],[-44.00847,-22.31033],[-44.01798,-22.30507],[-44.01766,-22.300335],[-44.02237,-22.294135],[-44.02644,-22.297265],[-44.023815,-22.29788],[-44.022535,-22.303945],[-44.02582,-22.307705],[-44.034535,-22.311515],[-44.04516,-22.31899],[-44.05266,-22.327685],[-44.063135,-22.333455],[-44.065665,-22.343805],[-44.068625,-22.34508],[-44.068345,-22.35495],[-44.075905,-22.356875],[-44.07987,-22.36754],[-44.084615,-22.372655],[-44.084855,-22.38047],[-44.057755,-22.39102],[-44.005645,-22.407085],[-44.002585,-22.40803],[-44.027975,-22.426485],[-44.036975,-22.429625],[-44.038385,-22.433005],[-44.04372,-22.43518],[-44.04933,-22.44118],[-44.0499,-22.44531],[-44.05619,-22.44711],[-44.057855,-22.45165],[-44.061565,-22.45187],[-44.07142,-22.459505],[-44.069595,-22.46204],[-44.063365,-22.46119],[-44.06092,-22.46316],[-44.05456,-22.47318],[-44.0559,-22.47908],[-44.04271,-22.487325],[-44.03742,-22.49454],[-44.0306,-22.49714],[-44.027815,-22.49381],[-44.028675,-22.4868],[-44.0202,-22.48435],[-44.0057,-22.498335],[-44.0014,-22.51192],[-43.992645,-22.517405],[-43.98141,-22.514975],[-43.962965,-22.516795],[-43.953935,-22.51963],[-43.94673,-22.518275],[-43.943675,-22.51511],[-43.91348,-22.52078]]]}},{"type":"Feature","properties":{"codarea":"3300407","nome":"Barra Mansa","nomeNormalizado":"BARRA MANSA"},"geometry":{"type":"Polygon","coordinates":[[[-44.165615,-22.673445],[-44.14715,-22.65276],[-44.148285,-22.64879],[-44.1163,-22.643625],[-44.093995,-22.649265],[-44.088245,-22.648775],[-44.08535,-22.64666],[-44.0863,-22.64059],[-44.08987,-22.62958],[-44.08739,-22.62487],[-44.090635,-22.62122],[-44.08884,-22.62001],[-44.088795,-22.61429],[-44.091015,-22.60637],[-44.08762,-22.604425],[-44.09685,-22.59627],[-44.095735,-22.58914],[-44.09049,-22.58317],[-44.09196,-22.582565],[-44.091135,-22.57889],[-44.097445,-22.57891],[-44.09785,-22.57698],[-44.09666,-22.57304],[-44.094875,-22.57338],[-44.089095,-22.564825],[-44.090855,-22.559575],[-44.087175,-22.55801],[-44.086375,-22.554295],[-44.08886,-22.550185],[-44.084695,-22.545345],[-44.086105,-22.545675],[-44.086505,-22.54279],[-44.08868,-22.54337],[-44.08736,-22.539415],[-44.09096,-22.529275],[-44.09891,-22.53186],[-44.10001,-22.530225],[-44.10677,-22.53393],[-44.13589,-22.53791],[-44.13898,-22.53223],[-44.156015,-22.51668],[-44.154425,-22.463315],[-44.151255,-22.452645],[-44.142035,-22.435325],[-44.13221,-22.42672],[-44.1092,-22.42142],[-44.09912,-22.41234],[-44.0888,-22.406275],[-44.005645,-22.407085],[-44.057755,-22.39102],[-44.084855,-22.38047],[-44.084615,-22.372655],[-44.07987,-22.36754],[-44.075905,-22.356875],[-44.068345,-22.35495],[-44.068625,-22.34508],[-44.065665,-22.343805],[-44.063135,-22.333455],[-44.05266,-22.327685],[-44.04516,-22.31899],[-44.034535,-22.311515],[-44.02582,-22.307705],[-44.022535,-22.303945],[-44.023815,-22.29788],[-44.02644,-22.297265],[-44.03341,-22.30229],[-44.04791,-22.306565],[-44.0513,-22.309595],[-44.051515,-22.313345],[-44.065925,-22.31683],[-44.067305,-22.315655],[-44.07182,-22.319835],[-44.084155,-22.321195],[-44.08753,-22.325905],[-44.0898,-22.325685],[-44.09485,-22.32984],[-44.099325,-22.32998],[-44.102725,-22.327545],[-44.119065,-22.3301],[-44.124185,-22.33913],[-44.13735,-22.336785],[-44.140485,-22.338695],[-44.14808,-22.331385],[-44.15382,-22.330575],[-44.157515,-22.32623],[-44.162645,-22.3269],[-44.163825,-22.324735],[-44.16975,-22.328375],[-44.163365,-22.34355],[-44.16008,-22.356125],[-44.16095,-22.359675],[-44.155085,-22.37267],[-44.156295,-22.375495],[-44.16109,-22.37456],[-44.1664,-22.376805],[-44.170545,-22.37499],[-44.175175,-22.3756],[-44.17874,-22.378365],[-44.18105,-22.37775],[-44.18286,-22.380415],[-44.202745,-22.383775],[-44.208165,-22.38734],[-44.204645,-22.38877],[-44.206635,-22.3914],[-44.20473,-22.39352],[-44.208045,-22.3973],[-44.206775,-22.400605],[-44.21187,-22.403725],[-44.211,-22.40954],[-44.213715,-22.409615],[-44.21152,-22.419555],[-44.216615,-22.422675],[-44.215575,-22.42547],[-44.218755,-22.429525],[-44.21727,-22.431685],[-44.222085,-22.434],[-44.219895,-22.442065],[-44.22396,-22.443865],[-44.22111,-22.44613],[-44.222345,-22.4491],[-44.219615,-22.452205],[-44.22049,-22.454295],[-44.226095,-22.454875],[-44.22559,-22.458785],[-44.22308,-22.458685],[-44.222395,-22.463915],[-44.2176,-22.463355],[-44.218425,-22.46749],[-44.223635,-22.47158],[-44.221645,-22.4731],[-44.225245,-22.474425],[-44.221555,-22.479575],[-44.230945,-22.47697],[-44.233805,-22.479145],[-44.23422,-22.484135],[-44.239265,-22.483545],[-44.24219,-22.48636],[-44.252825,-22.485155],[-44.25549,-22.48076],[-44.259045,-22.479845],[-44.259595,-22.47435],[-44.264965,-22.47414],[-44.268305,-22.47029],[-44.272625,-22.470335],[-44.28581,-22.46147],[-44.293485,-22.45156],[-44.301025,-22.44941],[-44.310915,-22.452965],[-44.31358,-22.46279],[-44.319105,-22.46958],[-44.32314,-22.467285],[-44.33319,-22.46716],[-44.339325,-22.47257],[-44.33253,-22.476145],[-44.33465,-22.48033],[-44.32939,-22.48763],[-44.332075,-22.493785],[-44.32319,-22.499475],[-44.31876,-22.5074],[-44.320315,-22.512025],[-44.32487,-22.51394],[-44.323975,-22.51867],[-44.328485,-22.520015],[-44.324275,-22.52494],[-44.32568,-22.5341],[-44.32148,-22.539085],[-44.32055,-22.55015],[-44.32716,-22.555985],[-44.323925,-22.56195],[-44.3248,-22.56517],[-44.327585,-22.56575],[-44.32676,-22.569145],[-44.329525,-22.569],[-44.32784,-22.57292],[-44.33509,-22.57139],[-44.337375,-22.57334],[-44.3466,-22.57361],[-44.34207,-22.589255],[-44.333665,-22.591105],[-44.32752,-22.588185],[-44.31699,-22.59728],[-44.313265,-22.595765],[-44.30424,-22.599095],[-44.29543,-22.598465],[-44.29528,-22.601705],[-44.28569,-22.60973],[-44.28336,-22.60807],[-44.283335,-22.60438],[-44.272045,-22.602065],[-44.268735,-22.598775],[-44.26792,-22.60216],[-44.26034,-22.60959],[-44.25339,-22.61247],[-44.248975,-22.60959],[-44.248235,-22.606485],[-44.241935,-22.6093],[-44.238095,-22.60755],[-44.23264,-22.609155],[-44.22637,-22.60456],[-44.224435,-22.611535],[-44.219365,-22.617535],[-44.21639,-22.617115],[-44.2149,-22.614205],[-44.210035,-22.615605],[-44.207425,-22.61202],[-44.203945,-22.61597],[-44.202585,-22.62286],[-44.20437,-22.626345],[-44.1985,-22.63049],[-44.191205,-22.629935],[-44.184275,-22.6373],[-44.19106,-22.64506],[-44.190125,-22.648585],[-44.181105,-22.654325],[-44.17519,-22.655755],[-44.17145,-22.65943],[-44.165615,-22.673445]]]}},{"type":"Feature","properties":{"codarea":"3300225","nome":"Areal","nomeNormalizado":"AREAL"},"geometry":{"type":"Polygon","coordinates":[[[-43.18167,-22.301145],[-43.17387,-22.31017],[-43.161225,-22.310245],[-43.15432,-22.306465],[-43.15107,-22.30866],[-43.145525,-22.304005],[-43.14622,-22.298135],[-43.140405,-22.293835],[-43.137205,-22.294695],[-43.13915,-22.29072],[-43.13753,-22.28697],[-43.139845,-22.28473],[-43.13045,-22.28249],[-43.127005,-22.275875],[-43.122885,-22.27582],[-43.121265,-22.28011],[-43.11626,-22.283005],[-43.106345,-22.281545],[-43.10609,-22.275085],[-43.10284,-22.273495],[-43.10129,-22.265875],[-43.09432,-22.26566],[-43.0899,-22.26136],[-43.09277,-22.25345],[-43.090565,-22.25038],[-43.093955,-22.242325],[-43.07595,-22.22346],[-43.05977,-22.21586],[-43.05743,-22.21644],[-43.0554,-22.213855],[-43.05297,-22.214285],[-43.05047,-22.20751],[-43.047755,-22.208605],[-43.05894,-22.189905],[-43.05054,-22.18142],[-43.04647,-22.179125],[-43.042625,-22.1799],[-43.039385,-22.169505],[-43.037095,-22.16994],[-43.033985,-22.16674],[-43.03918,-22.16283],[-43.051665,-22.16659],[-43.05452,-22.16498],[-43.0582,-22.168685],[-43.068055,-22.172285],[-43.071875,-22.176615],[-43.078195,-22.177865],[-43.08151,-22.18169],[-43.08738,-22.18443],[-43.09307,-22.18317],[-43.095095,-22.18911],[-43.103005,-22.18766],[-43.10645,-22.198645],[-43.10938,-22.19995],[-43.12118,-22.19873],[-43.131555,-22.190875],[-43.13372,-22.19412],[-43.13784,-22.19537],[-43.15535,-22.190625],[-43.15963,-22.19286],[-43.16189,-22.210865],[-43.1639,-22.21468],[-43.16736,-22.214675],[-43.16478,-22.219285],[-43.16594,-22.2219],[-43.163235,-22.22276],[-43.16529,-22.228175],[-43.169805,-22.232545],[-43.170115,-22.23915],[-43.173195,-22.24307],[-43.171615,-22.2449],[-43.17416,-22.250945],[-43.173425,-22.25652],[-43.17729,-22.264575],[-43.17514,-22.26582],[-43.17688,-22.277885],[-43.18272,-22.296125],[-43.17733,-22.297375],[-43.177155,-22.29908],[-43.18167,-22.301145]]]}},{"type":"Feature","properties":{"codarea":"3300209","nome":"Araruama","nomeNormalizado":"ARARUAMA"},"geometry":{"type":"Polygon","coordinates":[[[-42.38164,-22.935685],[-42.281225,-22.93947],[-42.28298,-22.92623],[-42.277295,-22.92138],[-42.274935,-22.914265],[-42.27717,-22.906415],[-42.28263,-22.90015],[-42.23703,-22.86353],[-42.249255,-22.84839],[-42.239495,-22.84019],[-42.253885,-22.791985],[-42.2184,-22.770235],[-42.1669,-22.680425],[-42.15178,-22.66948],[-42.142515,-22.65642],[-42.13843,-22.65732],[-42.131895,-22.653365],[-42.182405,-22.552675],[-42.182215,-22.55112],[-42.185945,-22.55085],[-42.186925,-22.55549],[-42.18869,-22.55792],[-42.19304,-22.558205],[-42.191135,-22.56153],[-42.192,-22.56679],[-42.193855,-22.566405],[-42.194455,-22.57153],[-42.196615,-22.570855],[-42.195665,-22.57343],[-42.19878,-22.576795],[-42.202315,-22.574845],[-42.20566,-22.57979],[-42.20338,-22.580905],[-42.20608,-22.58306],[-42.208575,-22.580975],[-42.20898,-22.583075],[-42.214675,-22.58633],[-42.215445,-22.59262],[-42.217315,-22.590725],[-42.218535,-22.59345],[-42.21935,-22.589955],[-42.22538,-22.59253],[-42.227255,-22.589625],[-42.228345,-22.594105],[-42.225835,-22.59629],[-42.2341,-22.59967],[-42.237625,-22.59916],[-42.23238,-22.60404],[-42.235995,-22.60517],[-42.236445,-22.60653],[-42.234325,-22.606645],[-42.23646,-22.609335],[-42.24052,-22.607585],[-42.240895,-22.60997],[-42.243345,-22.609165],[-42.24873,-22.613075],[-42.250405,-22.610835],[-42.254825,-22.611885],[-42.26227,-22.607605],[-42.275425,-22.605625],[-42.280165,-22.608515],[-42.281145,-22.614385],[-42.301355,-22.629385],[-42.31446,-22.647995],[-42.32164,-22.67991],[-42.32373,-22.68638],[-42.329425,-22.691955],[-42.33193,-22.704285],[-42.33953,-22.706165],[-42.34528,-22.71073],[-42.35299,-22.710185],[-42.3561,-22.714],[-42.35952,-22.711905],[-42.361895,-22.71308],[-42.362005,-22.71918],[-42.368755,-22.72426],[-42.37888,-22.718535],[-42.38938,-22.722435],[-42.39365,-22.721455],[-42.39893,-22.73003],[-42.4042,-22.73222],[-42.409965,-22.729315],[-42.417145,-22.73579],[-42.421205,-22.736195],[-42.429125,-22.73297],[-42.438015,-22.73308],[-42.441785,-22.73031],[-42.446815,-22.82275],[-42.369935,-22.835395],[-42.3826,-22.883775],[-42.38684,-22.89291],[-42.37795,-22.90773],[-42.38164,-22.935685]]]}},{"type":"Feature","properties":{"codarea":"3300258","nome":"Arraial do Cabo","nomeNormalizado":"ARRAIAL DO CABO"},"geometry":{"type":"MultiPolygon","coordinates":[[[[-41.993945,-22.967585],[-41.99281,-22.96932],[-41.98932,-22.968835],[-41.98546,-22.963675],[-41.99262,-22.9629],[-41.993945,-22.967585]]],[[[-42.01342,-23.000345],[-42.00961,-23.005945],[-42.007625,-23.00598],[-42.008115,-23.007505],[-42.00667,-23.007095],[-42.00538,-23.013415],[-42.002485,-23.013165],[-42.000685,-23.01671],[-41.996485,-23.007975],[-41.998075,-23.00615],[-41.98943,-23.00304],[-41.98858,-23.004935],[-41.985125,-23.004845],[-41.984445,-23.001955],[-41.977875,-22.99687],[-41.977995,-22.99391],[-41.974575,-22.992165],[-41.97384,-22.98962],[-41.97809,-22.98351],[-41.977655,-22.978155],[-41.98598,-22.98088],[-41.996245,-22.98904],[-41.996065,-22.991325],[-42.0019,-22.991325],[-42.005885,-23.002845],[-42.012275,-22.99858],[-42.01342,-23.000345]]],[[[-42.281225,-22.93947],[-42.16454,-22.94609],[-42.097165,-22.952435],[-42.057855,-22.958815],[-42.036495,-22.96835],[-42.0323,-22.973765],[-42.03523,-22.97901],[-42.033195,-22.978985],[-42.03009,-22.983085],[-42.025455,-22.981825],[-42.019715,-22.98413],[-42.01763,-22.98617],[-42.01798,-22.99064],[-42.01535,-22.99118],[-42.016215,-22.99462],[-42.012835,-22.99747],[-42.012835,-22.987915],[-42.008965,-22.98605],[-42.00792,-22.98329],[-42.01046,-22.9783],[-42.019735,-22.97914],[-42.0199,-22.971355],[-42.018515,-22.969725],[-42.01371,-22.97129],[-42.01332,-22.973535],[-42.01194,-22.96997],[-42.01621,-22.96793],[-42.01328,-22.963995],[-42.007455,-22.965785],[-42.00352,-22.969745],[-42.00252,-22.965395],[-41.998205,-22.965065],[-41.99485,-22.96177],[-41.99901,-22.958505],[-42.004115,-22.959335],[-42.00675,-22.96233],[-42.00947,-22.96001],[-42.00814,-22.954625],[-42.00192,-22.951555],[-42.001895,-22.94987],[-42.012485,-22.95308],[-42.01791,-22.960095],[-42.022865,-22.960585],[-42.026845,-22.956325],[-42.02408,-22.954405],[-42.024895,-22.95233],[-42.02299,-22.95049],[-42.024965,-22.949425],[-42.0227,-22.946395],[-42.032615,-22.946545],[-42.037285,-22.93313],[-42.08849,-22.932765],[-42.1035,-22.92613],[-42.111465,-22.920305],[-42.12219,-22.908295],[-42.152445,-22.89391],[-42.16305,-22.88373],[-42.169995,-22.873735],[-42.180465,-22.876905],[-42.190315,-22.874915],[-42.202205,-22.87971],[-42.21167,-22.87773],[-42.230655,-22.872805],[-42.23703,-22.86353],[-42.28263,-22.90015],[-42.27717,-22.906415],[-42.274935,-22.914265],[-42.277295,-22.92138],[-42.28298,-22.92623],[-42.281225,-22.93947]]]]}},{"type":"Feature","properties":{"codarea":"3300233","nome":"Armação dos Búzios","nomeNormalizado":"ARMACAO DOS BUZIOS"},"geometry":{"type":"MultiPolygon","coordinates":[[[[-41.826805,-22.772895],[-41.82538,-22.77636],[-41.819735,-22.771815],[-41.826805,-22.772895]]],[[[-41.79398,-22.770395],[-41.793725,-22.771755],[-41.784085,-22.77001],[-41.789375,-22.767375],[-41.79398,-22.770395]]],[[[-41.92654,-22.72356],[-41.92207,-22.725475],[-41.9196,-22.72231],[-41.92654,-22.72356]]],[[[-41.969415,-22.82276],[-41.96358,-22.818995],[-41.958615,-22.819455],[-41.954295,-22.814795],[-41.94891,-22.812905],[-41.94283,-22.81396],[-41.94029,-22.80941],[-41.93318,-22.80984],[-41.932385,-22.81268],[-41.929755,-22.812355],[-41.92819,-22.814455],[-41.925315,-22.808425],[-41.930815,-22.806005],[-41.928665,-22.79682],[-41.921825,-22.787115],[-41.909865,-22.77878],[-41.9045,-22.7791],[-41.903535,-22.78368],[-41.89866,-22.781385],[-41.898425,-22.78376],[-41.89475,-22.786115],[-41.88651,-22.7772],[-41.883595,-22.78479],[-41.881155,-22.784315],[-41.88223,-22.777475],[-41.885255,-22.77385],[-41.88825,-22.7741],[-41.888715,-22.770685],[-41.883815,-22.768645],[-41.88142,-22.77493],[-41.877965,-22.775845],[-41.8768,-22.76954],[-41.87891,-22.7653],[-41.876395,-22.76147],[-41.87472,-22.76175],[-41.875555,-22.765715],[-41.87323,-22.766225],[-41.87101,-22.76116],[-41.86955,-22.76328],[-41.866225,-22.76189],[-41.863775,-22.75495],[-41.8669,-22.752835],[-41.869655,-22.755915],[-41.87356,-22.7541],[-41.872715,-22.74809],[-41.86813,-22.74259],[-41.872415,-22.737365],[-41.87457,-22.738045],[-41.87399,-22.741225],[-41.875895,-22.742285],[-41.88024,-22.739965],[-41.882615,-22.74091],[-41.883965,-22.744685],[-41.881635,-22.74499],[-41.881535,-22.74885],[-41.885895,-22.754425],[-41.894165,-22.75436],[-41.898555,-22.74966],[-41.902545,-22.756405],[-41.91118,-22.756745],[-41.90792,-22.76217],[-41.91059,-22.768395],[-41.915955,-22.77142],[-41.92243,-22.771215],[-41.933225,-22.766675],[-41.943345,-22.75719],[-41.957735,-22.735985],[-41.95807,-22.73385],[-41.95482,-22.73171],[-41.96449,-22.73322],[-41.973455,-22.729565],[-42.009935,-22.77692],[-42.001365,-22.79584],[-41.969415,-22.82276]]],[[[-41.94694,-22.73785],[-41.94412,-22.74105],[-41.941885,-22.739305],[-41.9456,-22.736825],[-41.94694,-22.73785]]]]}},{"type":"Feature","properties":{"codarea":"3306206","nome":"Vassouras","nomeNormalizado":"VASSOURAS"},"geometry":{"type":"Polygon","coordinates":[[[-43.56182,-22.50006],[-43.55481,-22.52648],[-43.5397,-22.451075],[-43.53214,-22.446775],[-43.53149,-22.442405],[-43.52376,-22.44288],[-43.517155,-22.447365],[-43.50331,-22.431655],[-43.507855,-22.43008],[-43.508325,-22.426615],[-43.491455,-22.42],[-43.493075,-22.41707],[-43.49554,-22.417875],[-43.49806,-22.41523],[-43.500935,-22.4089],[-43.50791,-22.401315],[-43.501195,-22.38972],[-43.4943,-22.38444],[-43.4941,-22.382065],[-43.48798,-22.37899],[-43.4877,-22.37356],[-43.496565,-22.36882],[-43.498355,-22.365585],[-43.49979,-22.352115],[-43.50381,-22.348475],[-43.503065,-22.343515],[-43.50723,-22.335345],[-43.50363,-22.31118],[-43.325395,-22.27872],[-43.39884,-22.221145],[-43.400415,-22.2163],[-43.402615,-22.21548],[-43.41932,-22.224065],[-43.418115,-22.22894],[-43.426495,-22.23605],[-43.432745,-22.234465],[-43.43461,-22.23079],[-43.442555,-22.2261],[-43.449055,-22.22467],[-43.45776,-22.216325],[-43.469535,-22.21551],[-43.47239,-22.21759],[-43.47112,-22.232005],[-43.47342,-22.236375],[-43.47717,-22.237045],[-43.476775,-22.243665],[-43.48107,-22.249835],[-43.484555,-22.249755],[-43.490275,-22.24439],[-43.496075,-22.24451],[-43.514745,-22.23646],[-43.51988,-22.244375],[-43.51694,-22.251155],[-43.51731,-22.2613],[-43.524585,-22.275995],[-43.53835,-22.272715],[-43.54578,-22.268705],[-43.555095,-22.26855],[-43.561385,-22.26466],[-43.577475,-22.27901],[-43.578985,-22.285],[-43.585145,-22.28545],[-43.5887,-22.2883],[-43.60535,-22.307275],[-43.613015,-22.308205],[-43.618705,-22.304035],[-43.624395,-22.304665],[-43.6402,-22.31775],[-43.642695,-22.3151],[-43.64613,-22.31688],[-43.65068,-22.316185],[-43.653915,-22.31209],[-43.669085,-22.325425],[-43.667005,-22.32754],[-43.668455,-22.33448],[-43.665985,-22.337185],[-43.66124,-22.33712],[-43.661195,-22.339975],[-43.664705,-22.343785],[-43.671585,-22.345285],[-43.67546,-22.342975],[-43.678675,-22.344895],[-43.67956,-22.34914],[-43.67453,-22.357685],[-43.67934,-22.361865],[-43.68311,-22.36009],[-43.692275,-22.36047],[-43.693685,-22.36457],[-43.69144,-22.369815],[-43.6952,-22.376435],[-43.700105,-22.378675],[-43.70236,-22.3854],[-43.707745,-22.38733],[-43.712645,-22.380095],[-43.72036,-22.37604],[-43.72966,-22.37706],[-43.73159,-22.378875],[-43.728675,-22.382895],[-43.732195,-22.388205],[-43.744085,-22.402605],[-43.74875,-22.4032],[-43.755325,-22.40888],[-43.75512,-22.41387],[-43.76012,-22.423155],[-43.76693,-22.427985],[-43.771825,-22.43651],[-43.779735,-22.438165],[-43.777375,-22.44216],[-43.77317,-22.441605],[-43.771865,-22.443275],[-43.76983,-22.44185],[-43.765745,-22.444035],[-43.76571,-22.44894],[-43.759625,-22.449125],[-43.758195,-22.451865],[-43.761905,-22.45453],[-43.759565,-22.457995],[-43.754765,-22.459905],[-43.749035,-22.463285],[-43.751695,-22.46589],[-43.749545,-22.471485],[-43.74532,-22.47332],[-43.74107,-22.482385],[-43.736855,-22.483855],[-43.72926,-22.477735],[-43.71513,-22.455035],[-43.706985,-22.46343],[-43.70375,-22.46],[-43.700045,-22.459315],[-43.69837,-22.46067],[-43.694935,-22.45964],[-43.688435,-22.463045],[-43.686165,-22.46338],[-43.68786,-22.45845],[-43.58246,-22.456825],[-43.57207,-22.46115],[-43.56182,-22.50006]]]}},{"type":"Feature","properties":{"codarea":"3306305","nome":"Volta Redonda","nomeNormalizado":"VOLTA REDONDA"},"geometry":{"type":"Polygon","coordinates":[[[-44.005645,-22.407085],[-44.0888,-22.406275],[-44.09912,-22.41234],[-44.1092,-22.42142],[-44.13221,-22.42672],[-44.142035,-22.435325],[-44.151255,-22.452645],[-44.154425,-22.463315],[-44.156015,-22.51668],[-44.13898,-22.53223],[-44.13589,-22.53791],[-44.10677,-22.53393],[-44.10001,-22.530225],[-44.09891,-22.53186],[-44.09096,-22.529275],[-44.08736,-22.539415],[-44.08868,-22.54337],[-44.086505,-22.54279],[-44.086105,-22.545675],[-44.084695,-22.545345],[-44.08886,-22.550185],[-44.086375,-22.554295],[-44.087175,-22.55801],[-44.090855,-22.559575],[-44.089095,-22.564825],[-44.094875,-22.57338],[-44.09666,-22.57304],[-44.09785,-22.57698],[-44.097445,-22.57891],[-44.091135,-22.57889],[-44.09196,-22.582565],[-44.09049,-22.58317],[-44.095735,-22.58914],[-44.09685,-22.59627],[-44.08762,-22.604425],[-44.091015,-22.60637],[-44.088795,-22.61429],[-44.08884,-22.62001],[-44.090635,-22.62122],[-44.08739,-22.62487],[-44.08987,-22.62958],[-44.0863,-22.64059],[-44.068525,-22.59242],[-44.05415,-22.550335],[-44.05316,-22.55229],[-44.04716,-22.55355],[-44.041345,-22.55194],[-44.038275,-22.548955],[-44.03863,-22.54112],[-44.031875,-22.538195],[-44.03555,-22.531315],[-44.02892,-22.519665],[-44.027825,-22.506295],[-44.032705,-22.502335],[-44.0306,-22.49714],[-44.03742,-22.49454],[-44.04271,-22.487325],[-44.0559,-22.47908],[-44.05456,-22.47318],[-44.06092,-22.46316],[-44.063365,-22.46119],[-44.069595,-22.46204],[-44.07142,-22.459505],[-44.061565,-22.45187],[-44.057855,-22.45165],[-44.05619,-22.44711],[-44.0499,-22.44531],[-44.04933,-22.44118],[-44.04372,-22.43518],[-44.038385,-22.433005],[-44.036975,-22.429625],[-44.027975,-22.426485],[-44.002585,-22.40803],[-44.005645,-22.407085]]]}},{"type":"Feature","properties":{"codarea":"3306107","nome":"Valença","nomeNormalizado":"VALENCA"},"geometry":{"type":"Polygon","coordinates":[[[-43.74875,-22.4032],[-43.744085,-22.402605],[-43.732195,-22.388205],[-43.728675,-22.382895],[-43.73159,-22.378875],[-43.72966,-22.37706],[-43.72036,-22.37604],[-43.712645,-22.380095],[-43.707745,-22.38733],[-43.70236,-22.3854],[-43.700105,-22.378675],[-43.6952,-22.376435],[-43.69144,-22.369815],[-43.693685,-22.36457],[-43.692275,-22.36047],[-43.68311,-22.36009],[-43.67934,-22.361865],[-43.67453,-22.357685],[-43.67956,-22.34914],[-43.678675,-22.344895],[-43.67546,-22.342975],[-43.671585,-22.345285],[-43.664705,-22.343785],[-43.661195,-22.339975],[-43.66124,-22.33712],[-43.665985,-22.337185],[-43.668455,-22.33448],[-43.667005,-22.32754],[-43.669085,-22.325425],[-43.653915,-22.31209],[-43.65068,-22.316185],[-43.64613,-22.31688],[-43.642695,-22.3151],[-43.6402,-22.31775],[-43.624395,-22.304665],[-43.618705,-22.304035],[-43.613015,-22.308205],[-43.60535,-22.307275],[-43.5887,-22.2883],[-43.59515,-22.285],[-43.586455,-22.27604],[-43.58876,-22.27306],[-43.58843,-22.26834],[-43.593845,-22.266],[-43.58766,-22.26637],[-43.587615,-22.26401],[-43.592485,-22.2604],[-43.59751,-22.261485],[-43.599235,-22.25844],[-43.60801,-22.259025],[-43.61042,-22.253855],[-43.602865,-22.24688],[-43.605825,-22.24361],[-43.609895,-22.244075],[-43.61126,-22.24198],[-43.60958,-22.232695],[-43.607235,-22.23128],[-43.60873,-22.22466],[-43.61754,-22.22195],[-43.624185,-22.222675],[-43.62631,-22.21967],[-43.62528,-22.21777],[-43.634385,-22.207875],[-43.652075,-22.20373],[-43.653825,-22.19938],[-43.65932,-22.195885],[-43.656915,-22.193845],[-43.654985,-22.186165],[-43.65782,-22.18372],[-43.657315,-22.180735],[-43.663225,-22.18094],[-43.66299,-22.17887],[-43.66668,-22.175905],[-43.66626,-22.172235],[-43.670675,-22.171395],[-43.674375,-22.16683],[-43.67102,-22.16336],[-43.665535,-22.162355],[-43.666495,-22.15815],[-43.6611,-22.15474],[-43.66442,-22.147185],[-43.66025,-22.11331],[-43.661935,-22.10835],[-43.65909,-22.10446],[-43.662105,-22.099305],[-43.66139,-22.092185],[-43.66845,-22.08613],[-43.67333,-22.09026],[-43.6802,-22.080525],[-43.681295,-22.071775],[-43.68793,-22.073105],[-43.69189,-22.070935],[-43.69677,-22.077065],[-43.70259,-22.07828],[-43.70846,-22.075615],[-43.71044,-22.081635],[-43.714855,-22.08244],[-43.71982,-22.08065],[-43.73145,-22.096225],[-43.73524,-22.09714],[-43.736305,-22.09452],[-43.741095,-22.09544],[-43.74292,-22.09266],[-43.746965,-22.093315],[-43.745495,-22.088445],[-43.75204,-22.087885],[-43.75429,-22.08265],[-43.761235,-22.080525],[-43.7558,-22.07624],[-43.763515,-22.073615],[-43.765705,-22.062175],[-43.76817,-22.06762],[-43.77733,-22.06639],[-43.779165,-22.070695],[-43.78303,-22.07013],[-43.78867,-22.07277],[-43.78942,-22.07608],[-43.799475,-22.082595],[-43.811115,-22.08222],[-43.813325,-22.08359],[-43.81044,-22.08578],[-43.814785,-22.08712],[-43.818715,-22.085905],[-43.823315,-22.090425],[-43.830745,-22.091015],[-43.83514,-22.095925],[-43.840815,-22.09662],[-43.84237,-22.09964],[-43.851145,-22.09868],[-43.85797,-22.09505],[-43.863645,-22.100395],[-43.870225,-22.100305],[-43.870625,-22.104475],[-43.87462,-22.100615],[-43.87819,-22.1012],[-43.8792,-22.09952],[-43.880645,-22.101955],[-43.87965,-22.11402],[-43.892815,-22.113725],[-43.895855,-22.11754],[-43.9205,-22.12533],[-43.927615,-22.130335],[-43.93318,-22.12952],[-43.942605,-22.132495],[-43.94488,-22.13652],[-43.94912,-22.136665],[-43.95349,-22.14233],[-43.96488,-22.13935],[-43.97915,-22.14704],[-43.97695,-22.15018],[-43.982955,-22.1515],[-43.98746,-22.14974],[-43.992935,-22.15473],[-43.993245,-22.15882],[-43.99802,-22.155935],[-44.00437,-22.162635],[-44.01132,-22.159695],[-44.014625,-22.15369],[-44.020055,-22.153865],[-44.026585,-22.151],[-44.02926,-22.154185],[-44.033815,-22.15225],[-44.037325,-22.15352],[-44.041495,-22.160825],[-44.04445,-22.159405],[-44.04834,-22.16223],[-44.05227,-22.15902],[-44.05449,-22.16102],[-44.060355,-22.160225],[-44.0621,-22.16202],[-44.06946,-22.162815],[-44.07198,-22.164575],[-44.072975,-22.169915],[-44.07812,-22.17265],[-44.075885,-22.175215],[-44.08405,-22.175435],[-44.08721,-22.184595],[-44.09072,-22.17936],[-44.089645,-22.17527],[-44.09521,-22.1756],[-44.10042,-22.173135],[-44.10524,-22.17789],[-44.10312,-22.18009],[-44.10384,-22.184085],[-44.108485,-22.1836],[-44.111825,-22.188435],[-44.11729,-22.189905],[-44.1196,-22.186675],[-44.123285,-22.18769],[-44.12103,-22.19544],[-44.125275,-22.19998],[-44.123065,-22.205645],[-44.12045,-22.207215],[-44.12139,-22.20895],[-44.126355,-22.20846],[-44.12751,-22.212285],[-44.13361,-22.2103],[-44.135865,-22.21206],[-44.134015,-22.214725],[-44.138365,-22.215525],[-44.141685,-22.220385],[-44.145585,-22.213575],[-44.148415,-22.21259],[-44.15202,-22.21863],[-44.150435,-22.22297],[-44.153255,-22.227035],[-44.158385,-22.224905],[-44.158615,-22.228055],[-44.163235,-22.229395],[-44.164655,-22.233245],[-44.16733,-22.23149],[-44.16504,-22.22996],[-44.166745,-22.2272],[-44.17386,-22.23059],[-44.17729,-22.226565],[-44.18116,-22.229135],[-44.180705,-22.23357],[-44.18422,-22.233735],[-44.18917,-22.240385],[-44.186655,-22.241225],[-44.182945,-22.23882],[-44.17969,-22.243385],[-44.174095,-22.2418],[-44.164575,-22.251745],[-44.159865,-22.250145],[-44.156655,-22.251575],[-44.155785,-22.25712],[-44.15878,-22.25845],[-44.16317,-22.26538],[-44.16912,-22.26807],[-44.16719,-22.27279],[-44.161245,-22.271715],[-44.154005,-22.274755],[-44.15193,-22.279635],[-44.147065,-22.28035],[-44.146535,-22.282635],[-44.15078,-22.28816],[-44.149355,-22.290035],[-44.150935,-22.29342],[-44.14536,-22.2992],[-44.145825,-22.3024],[-44.148715,-22.306865],[-44.15756,-22.311535],[-44.158095,-22.313525],[-44.154385,-22.315385],[-44.153895,-22.31981],[-44.14812,-22.32004],[-44.14574,-22.3292],[-44.14808,-22.331385],[-44.140485,-22.338695],[-44.13735,-22.336785],[-44.124185,-22.33913],[-44.119065,-22.3301],[-44.102725,-22.327545],[-44.099325,-22.32998],[-44.09485,-22.32984],[-44.0898,-22.325685],[-44.08753,-22.325905],[-44.084155,-22.321195],[-44.07182,-22.319835],[-44.067305,-22.315655],[-44.065925,-22.31683],[-44.051515,-22.313345],[-44.0513,-22.309595],[-44.04791,-22.306565],[-44.03341,-22.30229],[-44.02644,-22.297265],[-44.02237,-22.294135],[-44.01766,-22.300335],[-44.01798,-22.30507],[-44.00847,-22.31033],[-44.00294,-22.308185],[-43.9878,-22.308295],[-43.97675,-22.313045],[-43.972675,-22.312665],[-43.96984,-22.319595],[-43.97064,-22.331575],[-43.966,-22.336635],[-43.967755,-22.33884],[-43.96643,-22.34342],[-43.960185,-22.33942],[-43.9517,-22.34374],[-43.95041,-22.34977],[-43.910895,-22.360785],[-43.909685,-22.35649],[-43.914395,-22.35403],[-43.912635,-22.350385],[-43.907275,-22.34805],[-43.899935,-22.34831],[-43.897405,-22.34547],[-43.892925,-22.344965],[-43.886055,-22.338875],[-43.88689,-22.33083],[-43.8758,-22.325425],[-43.86824,-22.32506],[-43.85707,-22.31492],[-43.84606,-22.31518],[-43.83364,-22.30943],[-43.826775,-22.31366],[-43.82906,-22.32062],[-43.831555,-22.323475],[-43.833605,-22.32182],[-43.83533,-22.324435],[-43.83777,-22.322855],[-43.840675,-22.324905],[-43.844975,-22.332715],[-43.8502,-22.33678],[-43.84856,-22.33878],[-43.84974,-22.34753],[-43.852405,-22.351415],[-43.85259,-22.35638],[-43.85788,-22.361735],[-43.8553,-22.36753],[-43.858195,-22.37352],[-43.852445,-22.37369],[-43.852465,-22.370545],[-43.84788,-22.367905],[-43.84471,-22.376905],[-43.844795,-22.38439],[-43.839555,-22.384065],[-43.83632,-22.386255],[-43.83774,-22.38185],[-43.835895,-22.37715],[-43.838195,-22.37414],[-43.830025,-22.375335],[-43.819545,-22.36781],[-43.818285,-22.362865],[-43.81206,-22.358995],[-43.8136,-22.35549],[-43.81101,-22.352495],[-43.80738,-22.351965],[-43.803405,-22.357],[-43.79895,-22.354705],[-43.796225,-22.35702],[-43.797955,-22.3632],[-43.79264,-22.363785],[-43.782795,-22.361035],[-43.78354,-22.362925],[-43.780405,-22.367365],[-43.77628,-22.368385],[-43.77455,-22.36668],[-43.773165,-22.370145],[-43.77586,-22.373025],[-43.77494,-22.37578],[-43.764195,-22.38521],[-43.764555,-22.39121],[-43.759045,-22.39224],[-43.75736,-22.396855],[-43.752165,-22.398445],[-43.74875,-22.4032]]]}},{"type":"Feature","properties":{"codarea":"3306156","nome":"Varre-Sai","nomeNormalizado":"VARRE-SAI"},"geometry":{"type":"Polygon","coordinates":[[[-41.801035,-20.98711],[-41.797285,-20.987735],[-41.79373,-20.98415],[-41.79451,-20.976985],[-41.79117,-20.975465],[-41.789525,-20.966045],[-41.793825,-20.961515],[-41.79934,-20.96144],[-41.80021,-20.95726],[-41.80847,-20.95645],[-41.812935,-20.94431],[-41.811855,-20.94184],[-41.802415,-20.93106],[-41.80147,-20.927055],[-41.797675,-20.92422],[-41.79821,-20.922245],[-41.791215,-20.917195],[-41.791165,-20.914005],[-41.784105,-20.903515],[-41.779475,-20.902465],[-41.777255,-20.896365],[-41.76859,-20.887375],[-41.760305,-20.88215],[-41.754955,-20.87451],[-41.749255,-20.870275],[-41.741465,-20.872585],[-41.741505,-20.86973],[-41.74302,-20.869825],[-41.740195,-20.86769],[-41.742145,-20.866945],[-41.739,-20.865215],[-41.74589,-20.852435],[-41.743535,-20.84767],[-41.740385,-20.84728],[-41.741765,-20.84175],[-41.73631,-20.835915],[-41.74076,-20.82964],[-41.738225,-20.82685],[-41.74264,-20.825615],[-41.739855,-20.817505],[-41.74613,-20.812645],[-41.751595,-20.816475],[-41.751725,-20.81427],[-41.75397,-20.81496],[-41.755105,-20.806815],[-41.75562,-20.808685],[-41.76013,-20.807365],[-41.761015,-20.804415],[-41.76359,-20.806965],[-41.76216,-20.80552],[-41.764575,-20.805655],[-41.76665,-20.802045],[-41.775155,-20.79987],[-41.77866,-20.80258],[-41.77855,-20.805655],[-41.781825,-20.804845],[-41.78625,-20.810585],[-41.79057,-20.80959],[-41.799565,-20.815385],[-41.811275,-20.830265],[-41.815145,-20.833215],[-41.818255,-20.83298],[-41.82949,-20.844695],[-41.83299,-20.84478],[-41.837965,-20.84952],[-41.8401,-20.848565],[-41.84648,-20.851525],[-41.850995,-20.8564],[-41.85791,-20.855265],[-41.860955,-20.86377],[-41.86841,-20.862465],[-41.8717,-20.859845],[-41.877025,-20.8609],[-41.8796,-20.85716],[-41.885365,-20.85983],[-41.885705,-20.857385],[-41.899465,-20.855835],[-41.90494,-20.858495],[-41.906035,-20.860115],[-41.902825,-20.86189],[-41.896175,-20.874995],[-41.904735,-20.87855],[-41.90507,-20.889725],[-41.90151,-20.89718],[-41.9151,-20.919915],[-41.91182,-20.928905],[-41.91107,-20.933775],[-41.91398,-20.941555],[-41.91736,-20.94289],[-41.91813,-20.948245],[-41.91548,-20.9499],[-41.91435,-20.95691],[-41.909945,-20.959455],[-41.907355,-20.965385],[-41.89629,-20.96715],[-41.89441,-20.97329],[-41.86696,-20.97285],[-41.860495,-20.970215],[-41.85719,-20.96173],[-41.85835,-20.95568],[-41.854485,-20.95119],[-41.85052,-20.953705],[-41.841945,-20.953975],[-41.83742,-20.957055],[-41.83136,-20.95139],[-41.829925,-20.953875],[-41.823035,-20.952795],[-41.817285,-20.96283],[-41.811065,-20.964925],[-41.811785,-20.968405],[-41.816315,-20.967005],[-41.81515,-20.971465],[-41.81761,-20.97484],[-41.801035,-20.98711]]]}}]}